scenario_id,exec_num,frame,scenario_status,ego_id,c_x,c_y,c_speed,c_acceleration,target_speed,c_steer,c_throttle,c_brake,perceived_c_x,perceived_c_y,perceived_c_speed,gaze_direction,preceding_id,a_x,a_y,a_speed
0,1,5,ScenarioState.PENDING,50.0,-330.75213623046875,466.18218994140625,0.7839999794960022,0.7839999794960022,-1.0,0.0,0.0,0.0,0.0,0.0,0.0,GazeDirection.CENTER,47.0,67.46499633789062,0.9599999785423279,39.5500602722168
0,1,6,ScenarioState.PENDING,50.0,-330.75213623046875,466.18218994140625,1.1760001182556152,1.1760001182556152,-1.0,0.0,0.0,0.0,0.0,0.0,0.0,GazeDirection.CENTER,47.0,67.46499633789062,0.9599999785423279,39.5500602722168
0,1,7,ScenarioState.PENDING,50.0,-330.75213623046875,466.18218994140625,1.5680001974105835,1.5680001974105835,-1.0,0.0,0.0,0.0,0.0,0.0,0.0,GazeDirection.CENTER,47.0,67.46499633789062,0.9599999785423279,39.5500602722168
0,1,8,ScenarioState.PENDING,50.0,-330.75213623046875,466.18218994140625,1.9600002765655518,1.9600002765655518,-1.0,0.0,0.0,0.0,0.0,0.0,0.0,GazeDirection.CENTER,47.0,67.46499633789062,0.9599999785423279,39.5500602722168
0,1,9,ScenarioState.PENDING,50.0,-330.75213623046875,466.18218994140625,2.3520004749298096,2.3520004749298096,2.8999536,0.0,0.0,0.0,0.0,0.0,0.0,GazeDirection.CENTER,47.0,67.46499633789062,0.9599999785423279,39.5500602722168
0,1,10,ScenarioState.PENDING,50.0,-330.75213623046875,466.18218994140625,2.744000196456909,2.744000196456909,2.8999536,0.10000000149011612,0.5479531288146973,0.0,0.0,0.0,0.0,GazeDirection.CENTER,47.0,67.46499633789062,0.9599999785423279,39.5500602722168
0,1,11,ScenarioState.PENDING,50.0,-330.75213623046875,466.18218994140625,3.1359996795654297,3.1359996795654297,2.8999536,0.10000000149011612,0.15630535781383514,0.0,0.0,0.0,0.0,GazeDirection.CENTER,47.0,67.46499633789062,0.9599999785423279,39.5500602722168
0,1,12,ScenarioState.PENDING,50.0,-330.75213623046875,466.18218994140625,3.52799916267395,3.52799916267395,2.8999536,0.10000000149011612,0.0,0.23581214249134064,0.0,0.0,0.0,GazeDirection.CENTER,47.0,67.46499633789062,0.9599999785423279,39.5500602722168
0,1,13,ScenarioState.PENDING,50.0,-330.75213623046875,466.18218994140625,3.9199986457824707,3.9199986457824707,2.8999536,0.10000000149011612,0.0,0.30000001192092896,0.0,0.0,0.0,GazeDirection.CENTER,47.0,67.46499633789062,0.9599999785423279,39.5500602722168
0,1,14,ScenarioState.PENDING,50.0,-330.75213623046875,466.18212890625,3.8775525093078613,3.8775525093078613,2.8999536,0.10000000149011612,0.0,0.30000001192092896,0.0,0.0,0.0,GazeDirection.CENTER,47.0,67.46499633789062,0.9599999785423279,39.5500602722168
0,1,15,ScenarioState.PENDING,50.0,-330.75225830078125,466.1819763183594,2.164219856262207,2.164219856262207,2.8999536,0.10000000149011612,0.0,0.30000001192092896,0.0,0.0,0.0,GazeDirection.CENTER,47.0,67.46499633789062,0.9599999785423279,39.5500602722168
0,1,16,ScenarioState.PENDING,50.0,-330.75262451171875,466.181640625,0.1517651230096817,0.1517651230096817,2.8999536,0.10000000149011612,0.7350227236747742,0.0,0.0,0.0,0.0,GazeDirection.CENTER,47.0,67.46499633789062,0.9599999785423279,39.5500602722168
0,1,17,ScenarioState.PENDING,50.0,-330.7528076171875,466.1812438964844,0.2600179612636566,0.2600179612636566,2.8999536,0.10000000149011612,0.9900000095367432,0.0,0.0,0.0,0.0,GazeDirection.CENTER,47.0,67.46499633789062,0.9599999785423279,39.5500602722168
0,1,18,ScenarioState.PENDING,50.0,-330.7529296875,466.18115234375,0.2987718880176544,0.2987718880176544,2.9367413507430324,0.10000000149011612,0.9900000095367432,0.0,0.0,0.0,0.0,GazeDirection.CENTER,47.0,67.46499633789062,0.9599999785423279,39.5500602722168
0,1,19,ScenarioState.PENDING,50.0,-330.75299072265625,466.1812438964844,0.2925238609313965,0.2925238609313965,2.9367413507430324,0.10000000149011612,0.9900000095367432,0.0,0.0,0.0,0.0,GazeDirection.CENTER,47.0,67.46499633789062,0.9599999785423279,39.5500602722168
0,1,20,ScenarioState.PENDING,50.0,-330.7529296875,466.1813659667969,0.2612740993499756,0.2612740993499756,2.9367413507430324,0.10000000149011612,0.9900000095367432,0.0,0.0,0.0,0.0,GazeDirection.CENTER,47.0,67.46499633789062,0.9599999785423279,39.5500602722168
0,1,21,ScenarioState.PENDING,50.0,-330.7528381347656,466.1815490722656,0.21883022785186768,0.21883022785186768,2.902785203391384,0.10000000149011612,0.9900000095367432,0.0,0.0,0.0,0.0,GazeDirection.CENTER,47.0,67.46499633789062,0.9599999785423279,39.5500602722168
0,1,22,ScenarioState.PENDING,50.0,-330.7528076171875,466.18170166015625,0.17409279942512512,0.17409279942512512,2.902785203391384,0.10000000149011612,0.9900000095367432,0.0,0.0,0.0,0.0,GazeDirection.CENTER,47.0,67.46499633789062,0.9599999785423279,39.5500602722168
0,1,23,ScenarioState.PENDING,50.0,-330.7527160644531,466.18182373046875,0.13230203092098236,0.13230203092098236,2.902785203391384,0.10000000149011612,0.9900000095367432,0.0,0.0,0.0,0.0,GazeDirection.CENTER,47.0,67.46499633789062,0.9599999785423279,39.5500602722168
0,1,24,ScenarioState.PENDING,50.0,-330.75262451171875,466.1819152832031,0.09615027159452438,0.09615027159452438,2.905501076595299,0.10000000149011612,0.9900000095367432,0.0,0.0,0.0,0.0,GazeDirection.CENTER,47.0,67.46499633789062,0.9599999785423279,39.5500602722168
0,1,25,ScenarioState.PENDING,50.0,-330.7525329589844,466.1819152832031,0.06660332530736923,0.06660332530736923,2.905501076595299,0.10000000149011612,0.9900000095367432,0.0,0.0,0.0,0.0,GazeDirection.CENTER,47.0,67.46499633789062,0.9599999785423279,39.5500602722168
0,1,26,ScenarioState.PENDING,50.0,-330.7525634765625,466.1819763183594,0.043607741594314575,0.043607741594314575,2.905501076595299,0.10000000149011612,0.9900000095367432,0.0,0.0,0.0,0.0,GazeDirection.CENTER,47.0,67.46499633789062,0.9599999785423279,39.5500602722168
0,1,27,ScenarioState.PENDING,50.0,-330.75262451171875,466.1820983886719,0.026481589302420616,0.026481589302420616,2.903027790963179,0.10000000149011612,0.9900000095367432,0.0,0.0,0.0,0.0,GazeDirection.CENTER,47.0,67.46499633789062,0.9599999785423279,39.5500602722168
0,1,28,ScenarioState.PENDING,50.0,-330.7526550292969,466.18212890625,0.01430985052138567,0.01430985052138567,2.903027790963179,0.10000000149011612,0.9900000095367432,0.0,0.0,0.0,0.0,GazeDirection.CENTER,47.0,67.46499633789062,0.9599999785423279,39.5500602722168
0,1,29,ScenarioState.PENDING,50.0,-330.7526550292969,466.1822204589844,0.006093272473663092,0.006093272473663092,2.903027790963179,0.10000000149011612,0.9900000095367432,0.0,0.0,0.0,0.0,GazeDirection.CENTER,47.0,67.46499633789062,0.9599999785423279,39.5500602722168
0,1,30,ScenarioState.PENDING,50.0,-330.7526550292969,466.1822204589844,0.003986130468547344,0.003986130468547344,2.90122800290589,0.10000000149011612,0.9900000095367432,0.0,0.0,0.0,0.0,GazeDirection.CENTER,47.0,67.46499633789062,0.9599999785423279,39.5500602722168
0,1,31,ScenarioState.PENDING,50.0,-330.7615966796875,466.1672668457031,0.626714289188385,0.626714289188385,2.90122800290589,0.10000000149011612,0.9900000095367432,0.0,0.0,0.0,0.0,GazeDirection.CENTER,47.0,67.46499633789062,0.9599999785423279,39.5500602722168
0,1,32,ScenarioState.PENDING,50.0,-330.78143310546875,466.13494873046875,1.0579512119293213,1.0579512119293213,2.90122800290589,0.10000000149011612,0.9900000095367432,0.0,0.0,0.0,0.0,GazeDirection.CENTER,47.0,67.46499633789062,0.9599999785423279,39.5500602722168
0,1,33,ScenarioState.PENDING,50.0,-330.8083801269531,466.0911560058594,1.364964485168457,1.364964485168457,3.526648091957823,0.10000000149011612,0.9900000095367432,0.0,0.0,0.0,0.0,GazeDirection.CENTER,47.0,67.46499633789062,0.9599999785423279,39.5500602722168
0,1,34,ScenarioState.PENDING,50.0,-330.8405456542969,466.0389709472656,1.601033091545105,1.601033091545105,3.526648091957823,0.10000000149011612,0.9900000095367432,0.0,0.0,0.0,0.0,GazeDirection.CENTER,47.0,67.46499633789062,0.9599999785423279,39.5500602722168
0,1,35,ScenarioState.PENDING,50.0,-330.876708984375,465.97991943359375,1.796481728553772,1.796481728553772,3.526648091957823,0.10000000149011612,0.9900000095367432,0.0,0.0,0.0,0.0,GazeDirection.CENTER,47.0,67.46499633789062,0.9599999785423279,39.5500602722168
0,1,36,ScenarioState.PENDING,50.0,-330.9162292480469,465.9149169921875,1.9679805040359497,1.9679805040359497,4.5009311610484914,0.10000000149011612,0.9900000095367432,0.0,0.0,0.0,0.0,GazeDirection.CENTER,47.0,67.46499633789062,0.9599999785423279,39.5500602722168
0,1,37,ScenarioState.PENDING,50.0,-330.9588317871094,465.8443908691406,2.124884843826294,2.124884843826294,4.5009311610484914,0.10000000149011612,0.9900000095367432,0.0,0.0,0.0,0.0,GazeDirection.CENTER,47.0,67.46499633789062,0.9599999785423279,39.5500602722168
0,1,38,ScenarioState.PENDING,50.0,-331.0042419433594,465.7687072753906,2.2735214233398438,2.2735214233398438,4.5009311610484914,0.10000000149011612,0.9900000095367432,0.0,0.0,0.0,0.0,GazeDirection.CENTER,47.0,67.46499633789062,0.9599999785423279,39.5500602722168
0,1,39,ScenarioState.PENDING,50.0,-331.05230712890625,465.68780517578125,2.4186666011810303,2.4186666011810303,5.024758696304586,0.10000000149011612,0.9900000095367432,0.0,0.0,0.0,0.0,GazeDirection.CENTER,47.0,67.46499633789062,0.9599999785423279,39.5500602722168
0,1,40,ScenarioState.PENDING,50.0,-331.1029968261719,465.6017150878906,2.5632362365722656,2.5632362365722656,5.024758696304586,0.10000000149011612,0.9900000095367432,0.0,0.0,0.0,0.0,GazeDirection.CENTER,47.0,67.46499633789062,0.9599999785423279,39.5500602722168
0,1,41,ScenarioState.PENDING,50.0,-331.1562805175781,465.5103454589844,2.7091152667999268,2.7091152667999268,5.024758696304586,0.10000000149011612,0.9900000095367432,0.0,0.0,0.0,0.0,GazeDirection.CENTER,47.0,67.46499633789062,0.9599999785423279,39.5500602722168
0,1,42,ScenarioState.PENDING,50.0,-331.21209716796875,465.41357421875,2.8575844764709473,2.8575844764709473,5.463077134502845,0.10000000149011612,0.9900000095367432,0.0,0.0,0.0,0.0,GazeDirection.CENTER,47.0,67.46499633789062,0.9599999785423279,39.5500602722168
0,1,43,ScenarioState.PENDING,50.0,-331.2705078125,465.3113098144531,3.0095231533050537,3.0095231533050537,5.463077134502845,0.10000000149011612,0.9900000095367432,0.0,0.0,0.0,0.0,GazeDirection.CENTER,47.0,67.46499633789062,0.9599999785423279,39.5500602722168
0,1,44,ScenarioState.PENDING,50.0,-331.3313903808594,465.20330810546875,3.165550708770752,3.165550708770752,5.463077134502845,0.10000000149011612,0.9900000095367432,0.0,0.0,0.0,0.0,GazeDirection.CENTER,47.0,67.46499633789062,0.9599999785423279,39.5500602722168
0,1,45,ScenarioState.PENDING,50.0,-331.39483642578125,465.08941650390625,3.3258821964263916,3.3258821964263916,5.909316150949923,0.10000000149011612,0.9900000095367432,0.0,0.0,0.0,0.0,GazeDirection.CENTER,47.0,67.46499633789062,0.9599999785423279,39.5500602722168
0,1,46,ScenarioState.PENDING,50.0,-331.4607849121094,464.9694519042969,3.489741325378418,3.489741325378418,5.909316150949923,0.10000000149011612,0.9900000095367432,0.0,0.0,0.0,0.0,GazeDirection.CENTER,47.0,67.46499633789062,0.9599999785423279,39.5500602722168
0,1,47,ScenarioState.PENDING,50.0,-331.5297546386719,464.843505859375,3.6572377681732178,3.6572377681732178,5.909316150949923,0.08435739576816559,0.9900000095367432,0.0,0.0,0.0,0.0,GazeDirection.CENTER,47.0,67.46499633789062,0.9599999785423279,39.5500602722168
0,1,48,ScenarioState.PENDING,50.0,-331.60186767578125,464.71148681640625,3.8270723819732666,3.8270723819732666,6.389461979436787,0.07783397287130356,0.9900000095367432,0.0,0.0,0.0,0.0,GazeDirection.CENTER,47.0,67.46499633789062,0.9599999785423279,39.5500602722168
0,1,49,ScenarioState.PENDING,50.0,-331.6786193847656,464.57421875,3.9976847171783447,3.9976847171783447,6.389461979436787,0.029336581006646156,0.9900000095367432,0.0,0.0,0.0,0.0,GazeDirection.CENTER,47.0,67.46499633789062,0.9599999785423279,39.5500602722168
0,1,50,ScenarioState.PENDING,50.0,-331.7574157714844,464.43023681640625,4.167790412902832,4.167790412902832,6.389461979436787,0.09699445217847824,0.9900000095367432,0.0,0.0,0.0,0.0,GazeDirection.CENTER,47.0,67.46499633789062,0.9599999785423279,39.5500602722168
0,1,51,ScenarioState.PENDING,50.0,-331.8380126953125,464.2793884277344,4.343132495880127,4.343132495880127,6.897298084859992,0.07661757618188858,0.9900000095367432,0.0,0.0,0.0,0.0,GazeDirection.CENTER,47.0,67.46499633789062,0.9599999785423279,39.5500602722168
0,1,52,ScenarioState.PENDING,50.0,-331.9225769042969,464.1226501464844,4.520434856414795,4.520434856414795,6.897298084859992,0.040913380682468414,0.9900000095367432,0.0,0.0,0.0,0.0,GazeDirection.CENTER,47.0,67.46499633789062,0.9599999785423279,39.5500602722168
0,1,53,ScenarioState.PENDING,50.0,-332.01025390625,463.9594421386719,4.699252605438232,4.699252605438232,6.897298084859992,0.0525243878364563,0.9900000095367432,0.0,0.0,0.0,0.0,GazeDirection.CENTER,47.0,67.46499633789062,0.9599999785423279,39.5500602722168
0,1,54,ScenarioState.PENDING,50.0,-332.1006164550781,463.7895202636719,4.8792805671691895,4.8792805671691895,7.419895459632605,0.052217114716768265,0.9900000095367432,0.0,0.0,0.0,0.0,GazeDirection.CENTER,47.0,67.46499633789062,0.9599999785423279,39.5500602722168
0,1,55,ScenarioState.PENDING,50.0,-332.1941223144531,463.6131286621094,5.0612101554870605,5.0612101554870605,7.419895459632605,0.041231028735637665,0.9900000095367432,0.0,0.0,0.0,0.0,GazeDirection.CENTER,47.0,67.46499633789062,0.9599999785423279,39.5500602722168
0,1,56,ScenarioState.PENDING,50.0,-332.2908630371094,463.4300231933594,5.245241165161133,5.245241165161133,7.419895459632605,0.039142630994319916,0.9900000095367432,0.0,0.0,0.0,0.0,GazeDirection.CENTER,47.0,67.46499633789062,0.9599999785423279,39.5500602722168
0,1,57,ScenarioState.PENDING,50.0,-332.3899230957031,463.24151611328125,5.317540168762207,5.317540168762207,7.960452693666955,0.03829468414187431,0.9900000095367432,0.0,0.0,0.0,0.0,GazeDirection.CENTER,47.0,67.46499633789062,0.9599999785423279,39.5500602722168
0,1,58,ScenarioState.PENDING,50.0,-332.4901428222656,463.05401611328125,5.298290729522705,5.298290729522705,7.960452693666955,-0.009080933406949043,0.9900000095367432,0.0,0.0,0.0,0.0,GazeDirection.CENTER,47.0,67.46499633789062,0.9599999785423279,39.5500602722168
0,1,59,ScenarioState.PENDING,50.0,-332.5887756347656,462.8660583496094,5.290849685668945,5.290849685668945,7.960452693666955,0.06068960577249527,0.9900000095367432,0.0,0.0,0.0,0.0,GazeDirection.CENTER,47.0,67.46499633789062,0.9599999785423279,39.5500602722168
0,1,60,ScenarioState.PENDING,50.0,-332.6872863769531,462.6751403808594,5.531596660614014,5.531596660614014,8.197419409208798,0.042675815522670746,0.9900000095367432,0.0,0.0,0.0,0.0,GazeDirection.CENTER,47.0,67.46499633789062,0.9599999785423279,39.5500602722168
0,1,61,ScenarioState.PENDING,50.0,-332.7948303222656,462.4716796875,5.918482780456543,5.918482780456543,8.197419409208798,-0.023227719590067863,0.9900000095367432,0.0,0.0,0.0,0.0,GazeDirection.CENTER,47.0,67.46499633789062,0.9599999785423279,39.5500602722168
0,1,62,ScenarioState.PENDING,50.0,-332.907958984375,462.25439453125,6.267694473266602,6.267694473266602,8.197419409208798,0.04966948926448822,0.9900000095367432,0.0,0.0,0.0,0.0,GazeDirection.CENTER,47.0,67.46499633789062,0.9599999785423279,39.5500602722168
0,1,63,ScenarioState.PENDING,50.0,-333.0255432128906,462.02447509765625,6.589048385620117,6.589048385620117,8.817231572136574,0.03589245304465294,0.9900000095367432,0.0,0.0,0.0,0.0,GazeDirection.CENTER,47.0,67.46499633789062,0.9599999785423279,39.5500602722168
0,1,64,ScenarioState.PENDING,50.0,-333.14947509765625,461.7842102050781,6.884664058685303,6.884664058685303,8.817231572136574,0.001598711940459907,0.9900000095367432,0.0,0.0,0.0,0.0,GazeDirection.CENTER,47.0,67.46499633789062,0.9599999785423279,39.5500602722168
0,1,65,ScenarioState.PENDING,50.0,-333.27825927734375,461.533935546875,7.160455703735352,7.160455703735352,8.817231572136574,0.016627931967377663,0.9900000095367432,0.0,0.0,0.0,0.0,GazeDirection.CENTER,47.0,67.46499633789062,0.9599999785423279,39.5500602722168
0,1,66,ScenarioState.PENDING,50.0,-333.410888671875,461.2737731933594,7.419172286987305,7.419172286987305,9.782552026489643,0.023072604089975357,0.9900000095367432,0.0,0.0,0.0,0.0,GazeDirection.CENTER,47.0,67.46499633789062,0.9599999785423279,39.5500602722168
0,1,67,ScenarioState.PENDING,50.0,-333.5496520996094,461.0057373046875,7.661219120025635,7.661219120025635,9.782552026489643,-0.026336241513490677,0.9900000095367432,0.0,0.0,0.0,0.0,GazeDirection.CENTER,47.0,67.46499633789062,0.9599999785423279,39.5500602722168
0,1,68,ScenarioState.PENDING,50.0,-333.69085693359375,460.7283935546875,7.8918232917785645,7.8918232917785645,9.782552026489643,0.044166743755340576,0.9900000095367432,0.0,0.0,0.0,0.0,GazeDirection.CENTER,47.0,67.46499633789062,0.9599999785423279,39.5500602722168
0,1,69,ScenarioState.PENDING,50.0,-333.8347473144531,460.4421081542969,8.118391036987305,8.118391036987305,10.558112751366913,0.023771118372678757,0.9900000095367432,0.0,0.0,0.0,0.0,GazeDirection.CENTER,47.0,67.46499633789062,0.9599999785423279,39.5500602722168
0,1,70,ScenarioState.PENDING,50.0,-333.9850769042969,460.1492919921875,8.331363677978516,8.331363677978516,10.558112751366913,-0.0428585484623909,0.9900000095367432,0.0,0.0,0.0,0.0,GazeDirection.CENTER,47.0,67.46499633789062,0.9599999785423279,39.5500602722168
0,1,71,ScenarioState.PENDING,50.0,-334.1380310058594,459.8482666015625,8.541967391967773,8.541967391967773,10.558112751366913,0.03901612013578415,0.9900000095367432,0.0,0.0,0.0,0.0,GazeDirection.CENTER,47.0,67.46499633789062,0.9599999785423279,39.5500602722168
0,1,72,ScenarioState.PENDING,50.0,-334.29248046875,459.53851318359375,8.750704765319824,8.750704765319824,11.227129846266623,0.03274459019303322,0.9900000095367432,0.0,0.0,0.0,0.0,GazeDirection.CENTER,47.0,67.46499633789062,0.9599999785423279,39.5500602722168
0,1,73,ScenarioState.PENDING,50.0,-334.4529113769531,459.2225646972656,8.949884414672852,8.949884414672852,11.227129846266623,-0.04632912948727608,0.9900000095367432,0.0,0.0,0.0,0.0,GazeDirection.CENTER,47.0,67.46499633789062,0.9599999785423279,39.5500602722168
0,1,74,ScenarioState.PENDING,50.0,-334.6164855957031,458.8991394042969,9.151826858520508,9.151826858520508,11.227129846266623,0.025262009352445602,0.9900000095367432,0.0,0.0,0.0,0.0,GazeDirection.CENTER,47.0,67.46499633789062,0.9599999785423279,39.5500602722168
0,1,75,ScenarioState.PENDING,50.0,-334.7814025878906,458.5672912597656,9.35117244720459,9.35117244720459,11.844347259946579,0.03204862028360367,0.9900000095367432,0.0,0.0,0.0,0.0,GazeDirection.CENTER,47.0,67.46499633789062,0.9599999785423279,39.5500602722168
0,1,76,ScenarioState.PENDING,50.0,-334.9517822265625,458.2294006347656,9.544692039489746,9.544692039489746,11.844347259946579,-0.040770161896944046,0.9900000095367432,0.0,0.0,0.0,0.0,GazeDirection.CENTER,47.0,67.46499633789062,0.9599999785423279,39.5500602722168
0,1,77,ScenarioState.PENDING,50.0,-335.1251525878906,457.88409423828125,9.741047859191895,9.741047859191895,11.844347259946579,0.020852813497185707,0.9900000095367432,0.0,0.0,0.0,0.0,GazeDirection.CENTER,47.0,67.46499633789062,0.9599999785423279,39.5500602722168
0,1,78,ScenarioState.PENDING,50.0,-335.3002624511719,457.5308837890625,9.936352729797363,9.936352729797363,12.43762665424385,0.024488942697644234,0.9900000095367432,0.0,0.0,0.0,0.0,GazeDirection.CENTER,47.0,67.46499633789062,0.9599999785423279,39.5500602722168
0,1,79,ScenarioState.PENDING,50.0,-335.4806823730469,457.1716613769531,10.126879692077637,10.126879692077637,12.43762665424385,-0.03610857203602791,0.9900000095367432,0.0,0.0,0.0,0.0,GazeDirection.CENTER,47.0,67.46499633789062,0.9599999785423279,39.5500602722168
0,1,80,ScenarioState.PENDING,50.0,-335.6619873046875,456.80865478515625,10.140829086303711,10.140829086303711,12.43762665424385,0.023234201595187187,0.9900000095367432,0.0,0.0,0.0,0.0,GazeDirection.CENTER,47.0,67.46499633789062,0.9599999785423279,39.5500602722168
0,1,81,ScenarioState.PENDING,50.0,-335.8412780761719,456.4453430175781,10.137237548828125,10.137237548828125,13.01802156538913,0.023234201595187187,0.9900000095367432,0.0,0.0,0.0,0.0,GazeDirection.CENTER,47.0,67.46499633789062,0.9599999785423279,39.5500602722168
0,1,82,ScenarioState.PENDING,50.0,-336.02252197265625,456.0833435058594,10.129261016845703,10.129261016845703,13.01802156538913,-0.03884899988770485,0.9900000095367432,0.0,0.0,0.0,0.0,GazeDirection.CENTER,47.0,67.46499633789062,0.9599999785423279,39.5500602722168
0,1,83,ScenarioState.PENDING,50.0,-336.2072448730469,455.71240234375,10.48766040802002,10.48766040802002,13.01802156538913,0.02136056497693062,0.9900000095367432,0.0,0.0,0.0,0.0,GazeDirection.CENTER,47.0,67.46499633789062,0.9599999785423279,39.5500602722168
0,1,84,ScenarioState.PENDING,50.0,-336.3966369628906,455.32830810546875,10.809080123901367,10.809080123901367,13.02039473641392,0.02006562054157257,0.9900000095367432,0.0,0.0,0.0,0.0,GazeDirection.CENTER,47.0,67.46499633789062,0.9599999785423279,39.5500602722168
0,1,85,ScenarioState.PENDING,50.0,-336.5936279296875,454.9346008300781,11.095719337463379,11.095719337463379,13.02039473641392,-0.050157640129327774,0.9900000095367432,0.0,0.0,0.0,0.0,GazeDirection.CENTER,47.0,67.46499633789062,0.9599999785423279,39.5500602722168
0,1,86,ScenarioState.PENDING,50.0,-336.794921875,454.5309143066406,11.363626480102539,11.363626480102539,13.02039473641392,0.027951844036579132,0.9900000095367432,0.0,0.0,0.0,0.0,GazeDirection.CENTER,47.0,67.46499633789062,0.9599999785423279,39.5500602722168
0,1,87,ScenarioState.PENDING,50.0,-336.99847412109375,454.1170654296875,11.612602233886719,11.612602233886719,13.98312625985028,0.02882111631333828,0.9900000095367432,0.0,0.0,0.0,0.0,GazeDirection.CENTER,47.0,67.46499633789062,0.9599999785423279,39.5500602722168
0,1,88,ScenarioState.PENDING,50.0,-337.20794677734375,453.6957702636719,11.842976570129395,11.842976570129395,13.98312625985028,-0.03416541963815689,0.9900000095367432,0.0,0.0,0.0,0.0,GazeDirection.CENTER,47.0,67.46499633789062,0.9599999785423279,39.5500602722168
0,1,89,ScenarioState.PENDING,50.0,-337.42144775390625,453.2666015625,12.06401252746582,12.06401252746582,13.98312625985028,0.006686616688966751,0.9900000095367432,0.0,0.0,0.0,0.0,GazeDirection.CENTER,47.0,67.46499633789062,0.9599999785423279,39.5500602722168
0,1,90,ScenarioState.PENDING,50.0,-337.63726806640625,452.82916259765625,12.27308177947998,12.27308177947998,14.7267621412522,0.01903870701789856,0.9900000095367432,0.0,0.0,0.0,0.0,GazeDirection.CENTER,47.0,67.46499633789062,0.9599999785423279,39.5500602722168
0,1,91,ScenarioState.PENDING,50.0,-337.85760498046875,452.3849792480469,12.472750663757324,12.472750663757324,14.7267621412522,-0.01888592727482319,0.9900000095367432,0.0,0.0,0.0,0.0,GazeDirection.CENTER,47.0,67.46499633789062,0.9599999785423279,39.5500602722168
0,1,92,ScenarioState.PENDING,50.0,-338.0812683105469,451.9337463378906,12.666227340698242,12.666227340698242,14.7267621412522,0.006467166822403669,0.9900000095367432,0.0,0.0,0.0,0.0,GazeDirection.CENTER,47.0,67.46499633789062,0.9599999785423279,39.5500602722168
0,1,93,ScenarioState.PENDING,50.0,-338.3075256347656,451.4753112792969,12.853528022766113,12.853528022766113,15.352911604799168,0.010576527565717697,0.9900000095367432,0.0,0.0,0.0,0.0,GazeDirection.CENTER,47.0,67.46499633789062,0.9599999785423279,39.5500602722168
0,1,94,ScenarioState.PENDING,50.0,-338.5381164550781,451.01080322265625,13.034717559814453,13.034717559814453,15.352911604799168,-0.021343793720006943,0.9900000095367432,0.0,0.0,0.0,0.0,GazeDirection.CENTER,47.0,67.46499633789062,0.9599999785423279,39.5500602722168
0,1,95,ScenarioState.PENDING,50.0,-338.7713623046875,450.5396423339844,13.212725639343262,13.212725639343262,15.352911604799168,0.013841998763382435,0.9900000095367432,0.0,0.0,0.0,0.0,GazeDirection.CENTER,47.0,67.46499633789062,0.9599999785423279,39.5500602722168
0,1,96,ScenarioState.PENDING,50.0,-339.0068664550781,450.0617370605469,13.388116836547852,13.388116836547852,15.911150412252422,0.009061611257493496,0.9900000095367432,0.0,0.0,0.0,0.0,GazeDirection.CENTER,47.0,67.46499633789062,0.9599999785423279,39.5500602722168
0,1,97,ScenarioState.PENDING,50.0,-339.2463684082031,449.57806396484375,13.560154914855957,13.560154914855957,15.911150412252422,-0.01533195935189724,0.9900000095367432,0.0,0.0,0.0,0.0,GazeDirection.CENTER,47.0,67.46499633789062,0.9599999785423279,39.5500602722168
0,1,98,ScenarioState.PENDING,50.0,-339.4887390136719,449.08819580078125,13.730762481689453,13.730762481689453,15.911150412252422,0.005715967155992985,0.9900000095367432,0.0,0.0,0.0,0.0,GazeDirection.CENTER,47.0,67.46499633789062,0.9599999785423279,39.5500602722168
0,1,99,ScenarioState.PENDING,50.0,-339.73345947265625,448.59185791015625,13.89954948425293,13.89954948425293,16.432643701790525,0.008015664294362068,0.9900000095367432,0.0,0.0,0.0,0.0,GazeDirection.CENTER,47.0,67.46499633789062,0.9599999785423279,39.5500602722168
0,1,100,ScenarioState.PENDING,50.0,-339.9812927246094,448.0895690917969,14.067010879516602,14.067010879516602,16.432643701790525,-0.0015893947565928102,0.9900000095367432,0.0,0.0,0.0,0.0,GazeDirection.CENTER,47.0,67.46499633789062,0.9599999785423279,39.5500602722168
0,1,101,ScenarioState.PENDING,50.0,-340.2322998046875,447.5814208984375,14.233205795288086,14.233205795288086,16.432643701790525,-0.004419779404997826,0.9900000095367432,0.0,0.0,0.0,0.0,GazeDirection.CENTER,47.0,67.46499633789062,0.9599999785423279,39.5500602722168
0,1,102,ScenarioState.PENDING,50.0,-340.4860534667969,447.0672302246094,14.398392677307129,14.398392677307129,16.93523881666557,0.0033756319899111986,0.9900000095367432,0.0,0.0,0.0,0.0,GazeDirection.CENTER,47.0,67.46499633789062,0.9599999785423279,39.5500602722168
0,1,103,ScenarioState.PENDING,50.0,-340.7422180175781,446.54681396484375,14.562626838684082,14.562626838684082,16.93523881666557,0.007295036688446999,0.9900000095367432,0.0,0.0,0.0,0.0,GazeDirection.CENTER,47.0,67.46499633789062,0.9599999785423279,39.5500602722168
0,1,104,ScenarioState.PENDING,50.0,-341.0015563964844,446.0207214355469,14.726128578186035,14.726128578186035,16.93523881666557,-0.006265371106564999,0.9900000095367432,0.0,0.0,0.0,0.0,GazeDirection.CENTER,47.0,67.46499633789062,0.9599999785423279,39.5500602722168
0,1,105,ScenarioState.PENDING,50.0,-341.2638854980469,445.48876953125,14.889171600341797,14.889171600341797,17.426223203844643,-0.0011154253734275699,0.9900000095367432,0.0,0.0,0.0,0.0,GazeDirection.CENTER,47.0,67.46499633789062,0.9599999785423279,39.5500602722168
0,1,106,ScenarioState.PENDING,50.0,-341.5279235839844,444.9504699707031,15.050439834594727,15.050439834594727,17.426223203844643,0.020484281703829765,0.9900000095367432,0.0,0.0,0.0,0.0,GazeDirection.CENTER,47.0,67.46499633789062,0.9599999785423279,39.5500602722168
0,1,107,ScenarioState.PENDING,50.0,-341.7953186035156,444.40655517578125,15.211678504943848,15.211678504943848,17.426223203844643,-0.01499179657548666,0.9900000095367432,0.0,0.0,0.0,0.0,GazeDirection.CENTER,47.0,67.46499633789062,0.9599999785423279,39.5500602722168
0,1,108,ScenarioState.PENDING,50.0,-342.0661315917969,443.8571472167969,15.373356819152832,15.373356819152832,17.908994640657,-0.006158319767564535,0.9900000095367432,0.0,0.0,0.0,0.0,GazeDirection.CENTER,47.0,67.46499633789062,0.9599999785423279,39.5500602722168
0,1,109,ScenarioState.PENDING,50.0,-342.3375244140625,443.3015441894531,15.485651016235352,15.485651016235352,17.908994640657,0.034717392176389694,0.9900000095367432,0.0,0.0,0.0,0.0,GazeDirection.CENTER,47.0,67.46499633789062,0.9599999785423279,39.5500602722168
0,1,110,ScenarioState.PENDING,50.0,-342.6098327636719,442.7459411621094,15.475359916687012,15.475359916687012,17.908994640657,-0.021072329953312874,0.9900000095367432,0.0,0.0,0.0,0.0,GazeDirection.CENTER,47.0,67.46499633789062,0.9599999785423279,39.5500602722168
0,1,111,ScenarioState.PENDING,50.0,-342.8828430175781,442.19134521484375,15.465331077575684,15.465331077575684,18.33927832539241,-0.011867852881550789,0.9900000095367432,0.0,0.0,0.0,0.0,GazeDirection.CENTER,47.0,67.46499633789062,0.9599999785423279,39.5500602722168
0,1,112,ScenarioState.PENDING,50.0,-343.15399169921875,441.63397216796875,15.584199905395508,15.584199905395508,18.33927832539241,0.04708397388458252,0.9900000095367432,0.0,0.0,0.0,0.0,GazeDirection.CENTER,47.0,67.46499633789062,0.9599999785423279,39.5500602722168
0,1,113,ScenarioState.PENDING,50.0,-343.4299621582031,441.06787109375,15.827079772949219,15.827079772949219,18.33927832539241,-0.025988655164837837,0.9900000095367432,0.0,0.0,0.0,0.0,GazeDirection.CENTER,47.0,67.46499633789062,0.9599999785423279,39.5500602722168
0,1,114,ScenarioState.PENDING,50.0,-343.7117614746094,440.4942626953125,16.048397064208984,16.048397064208984,18.436653263873854,-0.02295760251581669,0.9900000095367432,0.0,0.0,0.0,0.0,GazeDirection.CENTER,47.0,67.46499633789062,0.9599999785423279,39.5500602722168
0,1,115,ScenarioState.PENDING,50.0,-343.9942932128906,439.9119873046875,16.243553161621094,16.243553161621094,18.436653263873854,0.059102240949869156,0.9900000095367432,0.0,0.0,0.0,0.0,GazeDirection.CENTER,47.0,67.46499633789062,0.9599999785423279,39.5500602722168
0,1,116,ScenarioState.PENDING,50.0,-344.2798767089844,439.32269287109375,16.432477951049805,16.432477951049805,18.436653263873854,-0.018040353432297707,0.9900000095367432,0.0,0.0,0.0,0.0,GazeDirection.CENTER,47.0,67.46499633789062,0.9599999785423279,39.5500602722168
0,1,117,ScenarioState.PENDING,50.0,-344.5707092285156,438.7281188964844,16.60753631591797,16.60753631591797,19.087558075755137,-0.03196541592478752,0.9900000095367432,0.0,0.0,0.0,0.0,GazeDirection.CENTER,47.0,67.46499633789062,0.9599999785423279,39.5500602722168
0,1,118,ScenarioState.PENDING,50.0,-344.86175537109375,438.12646484375,16.766130447387695,16.766130447387695,19.087558075755137,0.06320291012525558,0.9900000095367432,0.0,0.0,0.0,0.0,GazeDirection.CENTER,47.0,67.46499633789062,0.9599999785423279,39.5500602722168
0,1,119,ScenarioState.PENDING,50.0,-345.1547546386719,437.5187683105469,16.926626205444336,16.926626205444336,19.087558075755137,-0.012898559682071209,0.9900000095367432,0.0,0.0,0.0,0.0,GazeDirection.CENTER,47.0,67.46499633789062,0.9599999785423279,39.5500602722168
0,1,120,ScenarioState.PENDING,50.0,-345.45281982421875,436.90667724609375,17.077848434448242,17.077848434448242,19.602674025215908,-0.03455634042620659,0.9900000095367432,0.0,0.0,0.0,0.0,GazeDirection.CENTER,47.0,67.46499633789062,0.9599999785423279,39.5500602722168
0,1,121,ScenarioState.PENDING,50.0,-345.7507629394531,436.2881164550781,17.217710494995117,17.217710494995117,19.602674025215908,0.06544365733861923,0.9900000095367432,0.0,0.0,0.0,0.0,GazeDirection.CENTER,47.0,67.46499633789062,0.9599999785423279,39.5500602722168
0,1,122,ScenarioState.PENDING,50.0,-346.05023193359375,435.6639709472656,17.36344337463379,17.36344337463379,19.602674025215908,-0.011378059163689613,0.9900000095367432,0.0,0.0,0.0,0.0,GazeDirection.CENTER,47.0,67.46499633789062,0.9599999785423279,39.5500602722168
0,1,123,ScenarioState.PENDING,50.0,-346.3544921875,435.0358581542969,17.50249671936035,17.50249671936035,20.047220974918538,-0.0358404777944088,0.9900000095367432,0.0,0.0,0.0,0.0,GazeDirection.CENTER,47.0,67.46499633789062,0.9599999785423279,39.5500602722168
0,1,124,ScenarioState.PENDING,50.0,-346.6585388183594,434.4017028808594,17.633148193359375,17.633148193359375,20.047220974918538,0.06415952742099762,0.9900000095367432,0.0,0.0,0.0,0.0,GazeDirection.CENTER,47.0,67.46499633789062,0.9599999785423279,39.5500602722168
0,1,125,ScenarioState.PENDING,50.0,-346.96392822265625,433.76214599609375,17.77138900756836,17.77138900756836,20.047220974918538,-0.008887270465493202,0.9900000095367432,0.0,0.0,0.0,0.0,GazeDirection.CENTER,47.0,67.46499633789062,0.9599999785423279,39.5500602722168
0,1,126,ScenarioState.PENDING,50.0,-347.2737731933594,433.11871337890625,17.904624938964844,17.904624938964844,20.455683466593882,-0.03397006541490555,0.9900000095367432,0.0,0.0,0.0,0.0,GazeDirection.CENTER,47.0,67.46499633789062,0.9599999785423279,39.5500602722168
0,1,127,ScenarioState.PENDING,50.0,-347.5832214355469,432.4693908691406,18.02983283996582,18.02983283996582,20.455683466593882,0.06602993607521057,0.9900000095367432,0.0,0.0,0.0,0.0,GazeDirection.CENTER,47.0,67.46499633789062,0.9599999785423279,39.5500602722168
0,1,128,ScenarioState.PENDING,50.0,-347.8938903808594,431.81488037109375,18.163902282714844,18.163902282714844,20.455683466593882,-0.012095291167497635,0.9900000095367432,0.0,0.0,0.0,0.0,GazeDirection.CENTER,47.0,67.46499633789062,0.9599999785423279,39.5500602722168
0,1,129,ScenarioState.PENDING,50.0,-348.2091369628906,431.1567077636719,18.293657302856445,18.293657302856445,20.84523601762278,-0.03588191792368889,0.9900000095367432,0.0,0.0,0.0,0.0,GazeDirection.CENTER,47.0,67.46499633789062,0.9599999785423279,39.5500602722168
0,1,130,ScenarioState.PENDING,50.0,-348.5238952636719,430.49273681640625,18.4166202545166,18.4166202545166,20.84523601762278,0.06411807984113693,0.9900000095367432,0.0,0.0,0.0,0.0,GazeDirection.CENTER,47.0,67.46499633789062,0.9599999785423279,39.5500602722168
0,1,131,ScenarioState.PENDING,50.0,-348.839599609375,429.82342529296875,18.548843383789062,18.548843383789062,20.84523601762278,-0.00623808428645134,0.9900000095367432,0.0,0.0,0.0,0.0,GazeDirection.CENTER,47.0,67.46499633789062,0.9599999785423279,39.5500602722168
0,1,132,ScenarioState.PENDING,50.0,-349.1595153808594,429.1504211425781,18.677236557006836,18.677236557006836,21.2246007975955,-0.03276539221405983,0.9900000095367432,0.0,0.0,0.0,0.0,GazeDirection.CENTER,47.0,67.46499633789062,0.9599999785423279,39.5500602722168
0,1,133,ScenarioState.PENDING,50.0,-349.4787902832031,428.4716796875,18.79784393310547,18.79784393310547,21.2246007975955,0.06723460555076599,0.9900000095367432,0.0,0.0,0.0,0.0,GazeDirection.CENTER,47.0,67.46499633789062,0.9599999785423279,39.5500602722168
0,1,134,ScenarioState.PENDING,50.0,-349.7991027832031,427.7877502441406,18.92841148376465,18.92841148376465,21.2246007975955,-0.012934302911162376,0.9900000095367432,0.0,0.0,0.0,0.0,GazeDirection.CENTER,47.0,67.46499633789062,0.9599999785423279,39.5500602722168
0,1,135,ScenarioState.PENDING,50.0,-350.123779296875,427.1003112792969,19.055234909057617,19.055234909057617,21.598040153558273,-0.0363604873418808,0.9900000095367432,0.0,0.0,0.0,0.0,GazeDirection.CENTER,47.0,67.46499633789062,0.9599999785423279,39.5500602722168
0,1,136,ScenarioState.PENDING,50.0,-350.4478759765625,426.4071044921875,19.17564582824707,19.17564582824707,21.598040153558273,0.06363951414823532,0.9900000095367432,0.0,0.0,0.0,0.0,GazeDirection.CENTER,47.0,67.46499633789062,0.9599999785423279,39.5500602722168
0,1,137,ScenarioState.PENDING,50.0,-350.7724914550781,425.70855712890625,19.305898666381836,19.305898666381836,21.598040153558273,0.0016062248032540083,0.9900000095367432,0.0,0.0,0.0,0.0,GazeDirection.CENTER,47.0,67.46499633789062,0.9599999785423279,39.5500602722168
0,1,138,ScenarioState.PENDING,50.0,-351.1008605957031,425.0061340332031,19.432815551757812,19.432815551757812,21.96764822301932,-0.029752982780337334,0.9900000095367432,0.0,0.0,0.0,0.0,GazeDirection.CENTER,47.0,67.46499633789062,0.9599999785423279,39.5500602722168
0,1,139,ScenarioState.PENDING,50.0,-351.42828369140625,424.2978820800781,19.550792694091797,19.550792694091797,21.96764822301932,0.07024701684713364,0.9900000095367432,0.0,0.0,0.0,0.0,GazeDirection.CENTER,47.0,67.46499633789062,0.9599999785423279,39.5500602722168
0,1,140,ScenarioState.PENDING,50.0,-351.756591796875,423.5845642089844,19.679487228393555,19.679487228393555,21.96764822301932,-0.01806371472775936,0.9900000095367432,0.0,0.0,0.0,0.0,GazeDirection.CENTER,47.0,67.46499633789062,0.9599999785423279,39.5500602722168
0,1,141,ScenarioState.PENDING,50.0,-352.08929443359375,422.86773681640625,19.80476951599121,19.80476951599121,22.334167312990523,-0.038535136729478836,0.9900000095367432,0.0,0.0,0.0,0.0,GazeDirection.CENTER,47.0,67.46499633789062,0.9599999785423279,39.5500602722168
0,1,142,ScenarioState.PENDING,50.0,-352.42132568359375,422.1451721191406,19.92412757873535,19.92412757873535,22.334167312990523,0.06146486476063728,0.9900000095367432,0.0,0.0,0.0,0.0,GazeDirection.CENTER,47.0,67.46499633789062,0.9599999785423279,39.5500602722168
0,1,143,ScenarioState.PENDING,50.0,-352.7532043457031,421.41705322265625,20.053083419799805,20.053083419799805,22.334167312990523,0.006960371974855661,0.9900000095367432,0.0,0.0,0.0,0.0,GazeDirection.CENTER,47.0,67.46499633789062,0.9599999785423279,39.5500602722168
0,1,144,ScenarioState.PENDING,50.0,-353.0886535644531,420.6849365234375,20.17899513244629,20.17899513244629,22.698410685918567,-0.029299894347786903,0.9900000095367432,0.0,0.0,0.0,0.0,GazeDirection.CENTER,47.0,67.46499633789062,0.9599999785423279,39.5500602722168
0,1,145,ScenarioState.PENDING,50.0,-353.42291259765625,419.9470520019531,20.295522689819336,20.295522689819336,22.698410685918567,0.07070010155439377,0.9900000095367432,0.0,0.0,0.0,0.0,GazeDirection.CENTER,47.0,67.46499633789062,0.9599999785423279,39.5500602722168
0,1,146,ScenarioState.PENDING,50.0,-353.7578125,419.2039794921875,20.423524856567383,20.423524856567383,22.698410685918567,-0.014586711302399635,0.9900000095367432,0.0,0.0,0.0,0.0,GazeDirection.CENTER,47.0,67.46499633789062,0.9599999785423279,39.5500602722168
0,1,147,ScenarioState.PENDING,50.0,-354.0966796875,418.4571838378906,20.548154830932617,20.548154830932617,23.060241997025198,-0.03667934611439705,0.9900000095367432,0.0,0.0,0.0,0.0,GazeDirection.CENTER,47.0,67.46499633789062,0.9599999785423279,39.5500602722168
0,1,148,ScenarioState.PENDING,50.0,-354.4344787597656,417.7046813964844,20.6657657623291,20.6657657623291,23.060241997025198,0.06332065165042877,0.9900000095367432,0.0,0.0,0.0,0.0,GazeDirection.CENTER,47.0,67.46499633789062,0.9599999785423279,39.5500602722168
0,1,149,ScenarioState.PENDING,50.0,-354.7688903808594,416.94549560546875,20.784080505371094,20.784080505371094,23.060241997025198,0.06332065165042877,0.9900000095367432,0.0,0.0,0.0,0.0,GazeDirection.CENTER,47.0,67.46499633789062,0.9599999785423279,39.5500602722168
0,1,150,ScenarioState.PENDING,50.0,-355.10601806640625,416.1822204589844,20.902923583984375,20.902923583984375,23.420415640104387,-0.08761193603277206,0.9900000095367432,0.0,0.0,0.0,0.0,GazeDirection.CENTER,47.0,67.46499633789062,0.9599999785423279,39.5500602722168
0,1,151,ScenarioState.PENDING,50.0,-355.44580078125,415.4147644042969,21.02996063232422,21.02996063232422,23.420415640104387,0.01238806638866663,0.9900000095367432,0.0,0.0,0.0,0.0,GazeDirection.CENTER,47.0,67.46499633789062,0.9599999785423279,39.5500602722168
0,1,152,ScenarioState.PENDING,50.0,-355.7852783203125,414.64190673828125,21.128925323486328,21.128925323486328,23.420415640104387,0.0012691140873357654,0.9900000095367432,0.0,0.0,0.0,0.0,GazeDirection.CENTER,47.0,67.46499633789062,0.9599999785423279,39.5500602722168
0,1,153,ScenarioState.PENDING,50.0,-356.1236572265625,413.8681945800781,21.11402702331543,21.11402702331543,23.774165508137564,-0.0011701022740453482,0.9900000095367432,0.0,0.0,0.0,0.0,GazeDirection.CENTER,47.0,67.46499633789062,0.9599999785423279,39.5500602722168
0,1,154,ScenarioState.PENDING,50.0,-356.45635986328125,413.0932312011719,21.081205368041992,21.081205368041992,23.774165508137564,0.09882989525794983,0.9900000095367432,0.0,0.0,0.0,0.0,GazeDirection.CENTER,47.0,67.46499633789062,0.9599999785423279,39.5500602722168
0,1,155,ScenarioState.PENDING,50.0,-356.78631591796875,412.3166198730469,21.160308837890625,21.160308837890625,23.774165508137564,-0.0011701022740453482,0.9900000095367432,0.0,0.0,0.0,0.0,GazeDirection.CENTER,47.0,67.46499633789062,0.9599999785423279,39.5500602722168
0,1,156,ScenarioState.PENDING,50.0,-357.1219177246094,411.5348205566406,21.325658798217773,21.325658798217773,23.823896805154686,-0.10000000149011612,0.9900000095367432,0.0,0.0,0.0,0.0,GazeDirection.CENTER,47.0,67.46499633789062,0.9599999785423279,39.5500602722168
0,1,157,ScenarioState.PENDING,50.0,-357.4606628417969,410.7471008300781,21.49005699157715,21.49005699157715,23.823896805154686,0.0,0.9900000095367432,0.0,0.0,0.0,0.0,GazeDirection.CENTER,47.0,67.46499633789062,0.9599999785423279,39.5500602722168
0,1,158,ScenarioState.PENDING,50.0,-357.7966613769531,409.95172119140625,21.629114151000977,21.629114151000977,23.823896805154686,0.06457468867301941,0.9900000095367432,0.0,0.0,0.0,0.0,GazeDirection.CENTER,47.0,67.46499633789062,0.9599999785423279,39.5500602722168
0,1,159,ScenarioState.PENDING,50.0,-358.1292419433594,409.1492919921875,21.759557723999023,21.759557723999023,24.220270536453054,0.06457468867301941,0.9900000095367432,0.0,0.0,0.0,0.0,GazeDirection.CENTER,47.0,67.46499633789062,0.9599999785423279,39.5500602722168
0,1,160,ScenarioState.PENDING,50.0,-358.4591064453125,408.34033203125,21.883073806762695,21.883073806762695,24.220270536453054,0.0637979581952095,0.9900000095367432,0.0,0.0,0.0,0.0,GazeDirection.CENTER,47.0,67.46499633789062,0.9599999785423279,39.5500602722168
0,1,161,ScenarioState.PENDING,50.0,-358.79034423828125,407.5266418457031,22.00676918029785,22.00676918029785,24.220270536453054,-0.036202043294906616,0.9900000095367432,0.0,0.0,0.0,0.0,GazeDirection.CENTER,47.0,67.46499633789062,0.9599999785423279,39.5500602722168
0,1,162,ScenarioState.PENDING,50.0,-359.1268005371094,406.71026611328125,22.111230850219727,22.111230850219727,24.600606949570846,-0.10000000149011612,0.9900000095367432,0.0,0.0,0.0,0.0,GazeDirection.CENTER,47.0,67.46499633789062,0.9599999785423279,39.5500602722168
0,1,163,ScenarioState.PENDING,50.0,-359.4642639160156,405.8895568847656,22.22747802734375,22.22747802734375,24.600606949570846,0.0,0.9900000095367432,0.0,0.0,0.0,0.0,GazeDirection.CENTER,47.0,67.46499633789062,0.9599999785423279,39.5500602722168
0,1,164,ScenarioState.PENDING,50.0,-359.7974853515625,405.0626220703125,22.326263427734375,22.326263427734375,24.600606949570846,0.07629215717315674,0.9900000095367432,0.0,0.0,0.0,0.0,GazeDirection.CENTER,47.0,67.46499633789062,0.9599999785423279,39.5500602722168
0,1,165,ScenarioState.PENDING,50.0,-360.12908935546875,404.2304992675781,22.437175750732422,22.437175750732422,24.933323392175353,0.014379952102899551,0.9900000095367432,0.0,0.0,0.0,0.0,GazeDirection.CENTER,47.0,67.46499633789062,0.9599999785423279,39.5500602722168
0,1,166,ScenarioState.PENDING,50.0,-360.4576721191406,403.3929138183594,22.52822494506836,22.52822494506836,24.933323392175353,0.10000000149011612,0.9900000095367432,0.0,0.0,0.0,0.0,GazeDirection.CENTER,47.0,67.46499633789062,0.9599999785423279,39.5500602722168
0,1,167,ScenarioState.PENDING,50.0,-360.7846374511719,402.55035400390625,22.636009216308594,22.636009216308594,24.933323392175353,0.0,0.9900000095367432,0.0,0.0,0.0,0.0,GazeDirection.CENTER,47.0,67.46499633789062,0.9599999785423279,39.5500602722168
0,1,168,ScenarioState.PENDING,50.0,-361.11566162109375,401.70501708984375,22.728988647460938,22.728988647460938,25.223410685524435,-0.10000000149011612,0.9900000095367432,0.0,0.0,0.0,0.0,GazeDirection.CENTER,47.0,67.46499633789062,0.9599999785423279,39.5500602722168
0,1,169,ScenarioState.PENDING,50.0,-361.4524841308594,400.858154296875,22.81878662109375,22.81878662109375,25.223410685524435,-0.10000000149011612,0.9900000095367432,0.0,0.0,0.0,0.0,GazeDirection.CENTER,47.0,67.46499633789062,0.9599999785423279,39.5500602722168
0,1,170,ScenarioState.PENDING,50.0,-361.7883605957031,400.0069580078125,22.910232543945312,22.910232543945312,25.223410685524435,0.10000000149011612,0.9900000095367432,0.0,0.0,0.0,0.0,GazeDirection.CENTER,47.0,67.46499633789062,0.9599999785423279,39.5500602722168
0,1,171,ScenarioState.PENDING,50.0,-362.11712646484375,399.1494445800781,22.99113655090332,22.99113655090332,25.503261669647745,0.10000000149011612,0.9900000095367432,0.0,0.0,0.0,0.0,GazeDirection.CENTER,47.0,67.46499633789062,0.9599999785423279,39.5500602722168
0,1,172,ScenarioState.PENDING,50.0,-362.44091796875,398.28656005859375,23.076152801513672,23.076152801513672,25.503261669647745,0.10000000149011612,0.9900000095367432,0.0,0.0,0.0,0.0,GazeDirection.CENTER,47.0,67.46499633789062,0.9599999785423279,39.5500602722168
0,1,173,ScenarioState.PENDING,50.0,-362.7645263671875,397.4194030761719,23.18016242980957,23.18016242980957,25.503261669647745,0.0,0.9900000095367432,0.0,0.0,0.0,0.0,GazeDirection.CENTER,47.0,67.46499633789062,0.9599999785423279,39.5500602722168
0,1,174,ScenarioState.PENDING,50.0,-363.0924072265625,396.5495910644531,23.269306182861328,23.269306182861328,25.75079471501492,-0.10000000149011612,0.9900000095367432,0.0,0.0,0.0,0.0,GazeDirection.CENTER,47.0,67.46499633789062,0.9599999785423279,39.5500602722168
0,1,175,ScenarioState.PENDING,50.0,-363.4216613769531,395.67620849609375,23.371492385864258,23.371492385864258,25.75079471501492,0.0,0.9900000095367432,0.0,0.0,0.0,0.0,GazeDirection.CENTER,47.0,67.46499633789062,0.9599999785423279,39.5500602722168
0,1,176,ScenarioState.PENDING,50.0,-363.7483215332031,394.797607421875,23.471086502075195,23.471086502075195,25.75079471501492,0.014748882502317429,0.9900000095367432,0.0,0.0,0.0,0.0,GazeDirection.CENTER,47.0,67.46499633789062,0.9599999785423279,39.5500602722168
0,1,177,ScenarioState.PENDING,50.0,-364.0738525390625,393.91436767578125,23.57200813293457,23.57200813293457,26.034438372296293,0.0026642773300409317,0.9900000095367432,0.0,0.0,0.0,0.0,GazeDirection.CENTER,47.0,67.46499633789062,0.9599999785423279,39.5500602722168
0,1,178,ScenarioState.PENDING,50.0,-364.3957214355469,393.0258483886719,23.655000686645508,23.655000686645508,26.034438372296293,0.10000000149011612,0.9900000095367432,0.0,0.0,0.0,0.0,GazeDirection.CENTER,47.0,67.46499633789062,0.9599999785423279,39.5500602722168
0,1,179,ScenarioState.PENDING,50.0,-364.7152404785156,392.132568359375,23.75618553161621,23.75618553161621,26.034438372296293,0.0,0.9900000095367432,0.0,0.0,0.0,0.0,GazeDirection.CENTER,47.0,67.46499633789062,0.9599999785423279,39.5500602722168
0,1,180,ScenarioState.PENDING,50.0,-365.0384216308594,391.23651123046875,23.845069885253906,23.845069885253906,26.306295333739875,-0.09582644701004028,0.9900000095367432,0.0,0.0,0.0,0.0,GazeDirection.CENTER,47.0,67.46499633789062,0.9599999785423279,39.5500602722168
0,1,181,ScenarioState.PENDING,50.0,-365.3629150390625,390.3369445800781,23.945158004760742,23.945158004760742,26.306295333739875,0.004173554480075836,0.9900000095367432,0.0,0.0,0.0,0.0,GazeDirection.CENTER,47.0,67.46499633789062,0.9599999785423279,39.5500602722168
0,1,182,ScenarioState.PENDING,50.0,-365.6829528808594,389.4318542480469,24.032428741455078,24.032428741455078,26.306295333739875,0.0694875717163086,0.9900000095367432,0.0,0.0,0.0,0.0,GazeDirection.CENTER,47.0,67.46499633789062,0.9599999785423279,39.5500602722168
0,1,183,ScenarioState.PENDING,50.0,-366.00128173828125,388.5221252441406,24.132902145385742,24.132902145385742,26.58408740083849,0.009295283816754818,0.9900000095367432,0.0,0.0,0.0,0.0,GazeDirection.CENTER,47.0,67.46499633789062,0.9599999785423279,39.5500602722168
0,1,184,ScenarioState.PENDING,50.0,-366.316162109375,387.607421875,24.215322494506836,24.215322494506836,26.58408740083849,0.10000000149011612,0.9900000095367432,0.0,0.0,0.0,0.0,GazeDirection.CENTER,47.0,67.46499633789062,0.9599999785423279,39.5500602722168
0,1,185,ScenarioState.PENDING,50.0,-366.6286926269531,386.6879577636719,24.315643310546875,24.315643310546875,26.58408740083849,0.0,0.9900000095367432,0.0,0.0,0.0,0.0,GazeDirection.CENTER,47.0,67.46499633789062,0.9599999785423279,39.5500602722168
0,1,186,ScenarioState.PENDING,50.0,-366.94464111328125,385.76568603515625,24.40311622619629,24.40311622619629,26.84232824242065,-0.10000000149011612,0.9900000095367432,0.0,0.0,0.0,0.0,GazeDirection.CENTER,47.0,67.46499633789062,0.9599999785423279,39.5500602722168
0,1,187,ScenarioState.PENDING,50.0,-367.26165771484375,384.83984375,24.502416610717773,24.502416610717773,26.84232824242065,0.0,0.9900000095367432,0.0,0.0,0.0,0.0,GazeDirection.CENTER,47.0,67.46499633789062,0.9599999785423279,39.5500602722168
0,1,188,ScenarioState.PENDING,50.0,-367.5740661621094,383.9084777832031,24.59119987487793,24.59119987487793,26.84232824242065,0.05697673186659813,0.9900000095367432,0.0,0.0,0.0,0.0,GazeDirection.CENTER,47.0,67.46499633789062,0.9599999785423279,39.5500602722168
0,1,189,ScenarioState.PENDING,50.0,-367.88421630859375,382.972412109375,24.69024085998535,24.69024085998535,27.116308101558953,0.010390019044280052,0.9900000095367432,0.0,0.0,0.0,0.0,GazeDirection.CENTER,47.0,67.46499633789062,0.9599999785423279,39.5500602722168
0,1,190,ScenarioState.PENDING,50.0,-368.1903381347656,382.03125,24.770761489868164,24.770761489868164,27.116308101558953,0.10000000149011612,0.9900000095367432,0.0,0.0,0.0,0.0,GazeDirection.CENTER,47.0,67.46499633789062,0.9599999785423279,39.5500602722168
0,1,191,ScenarioState.PENDING,50.0,-368.4937438964844,381.08544921875,24.870168685913086,24.870168685913086,27.116308101558953,0.0,0.9900000095367432,0.0,0.0,0.0,0.0,GazeDirection.CENTER,47.0,67.46499633789062,0.9599999785423279,39.5500602722168
0,1,192,ScenarioState.PENDING,50.0,-368.80023193359375,380.13665771484375,24.95733642578125,24.95733642578125,27.371972813005595,-0.10000000149011612,0.9900000095367432,0.0,0.0,0.0,0.0,GazeDirection.CENTER,47.0,67.46499633789062,0.9599999785423279,39.5500602722168
0,1,193,ScenarioState.PENDING,50.0,-369.107421875,379.1842041015625,25.055709838867188,25.055709838867188,27.371972813005595,0.0,0.9900000095367432,0.0,0.0,0.0,0.0,GazeDirection.CENTER,47.0,67.46499633789062,0.9599999785423279,39.5500602722168
0,1,194,ScenarioState.PENDING,50.0,-369.40966796875,378.2264099121094,25.14219856262207,25.14219856262207,27.371972813005595,0.06194501742720604,0.9900000095367432,0.0,0.0,0.0,0.0,GazeDirection.CENTER,47.0,67.46499633789062,0.9599999785423279,39.5500602722168
0,1,195,ScenarioState.PENDING,50.0,-369.70928955078125,377.26373291015625,25.240205764770508,25.240205764770508,27.642998841963472,0.013085690326988697,0.9900000095367432,0.0,0.0,0.0,0.0,GazeDirection.CENTER,47.0,67.46499633789062,0.9599999785423279,39.5500602722168
0,1,196,ScenarioState.PENDING,50.0,-370.0044860839844,376.2961120605469,25.31940460205078,25.31940460205078,27.642998841963472,0.10000000149011612,0.9900000095367432,0.0,0.0,0.0,0.0,GazeDirection.CENTER,47.0,67.46499633789062,0.9599999785423279,39.5500602722168
0,1,197,ScenarioState.PENDING,50.0,-370.2966613769531,375.3238830566406,25.418045043945312,25.418045043945312,27.642998841963472,0.0,0.9900000095367432,0.0,0.0,0.0,0.0,GazeDirection.CENTER,47.0,67.46499633789062,0.9599999785423279,39.5500602722168
0,1,198,ScenarioState.PENDING,50.0,-370.59173583984375,374.3485412597656,25.50484848022461,25.50484848022461,27.89337960235767,-0.10000000149011612,0.9900000095367432,0.0,0.0,0.0,0.0,GazeDirection.CENTER,47.0,67.46499633789062,0.9599999785423279,39.5500602722168
0,1,199,ScenarioState.PENDING,50.0,-370.8871765136719,373.3695373535156,25.60235595703125,25.60235595703125,27.89337960235767,0.0,0.9900000095367432,0.0,0.0,0.0,0.0,GazeDirection.CENTER,47.0,67.46499633789062,0.9599999785423279,39.5500602722168
0,1,200,ScenarioState.PENDING,50.0,-371.177490234375,372.3851013183594,25.68836784362793,25.68836784362793,27.89337960235767,0.05926818400621414,0.9900000095367432,0.0,0.0,0.0,0.0,GazeDirection.CENTER,47.0,67.46499633789062,0.9599999785423279,39.5500602722168
0,1,201,ScenarioState.PENDING,50.0,-371.46484375,371.39605712890625,25.785436630249023,25.785436630249023,28.161575073315046,0.012917674146592617,0.9900000095367432,0.0,0.0,0.0,0.0,GazeDirection.CENTER,47.0,67.46499633789062,0.9599999785423279,39.5500602722168
0,1,202,ScenarioState.PENDING,50.0,-371.7507019042969,370.40252685546875,25.881576538085938,25.881576538085938,28.161575073315046,0.012917674146592617,0.9900000095367432,0.0,0.0,0.0,0.0,GazeDirection.CENTER,47.0,67.46499633789062,0.9599999785423279,39.5500602722168
0,1,203,ScenarioState.PENDING,50.0,-372.03546142578125,369.4046325683594,25.9785099029541,25.9785099029541,28.161575073315046,0.0,0.9900000095367432,0.0,0.0,0.0,0.0,GazeDirection.CENTER,47.0,67.46499633789062,0.9599999785423279,39.5500602722168
0,1,204,ScenarioState.PENDING,50.0,-372.31976318359375,368.4025573730469,26.075340270996094,26.075340270996094,28.42574993226848,-0.010501915588974953,0.9900000095367432,0.0,0.0,0.0,0.0,GazeDirection.CENTER,47.0,67.46499633789062,0.9599999785423279,39.5500602722168
0,1,205,ScenarioState.PENDING,50.0,-372.59893798828125,367.39569091796875,26.152132034301758,26.152132034301758,28.42574993226848,0.08949808031320572,0.9900000095367432,0.0,0.0,0.0,0.0,GazeDirection.CENTER,47.0,67.46499633789062,0.9599999785423279,39.5500602722168
0,1,206,ScenarioState.PENDING,50.0,-372.87066650390625,366.3836364746094,26.230039596557617,26.230039596557617,28.42574993226848,0.08949808031320572,0.9900000095367432,0.0,0.0,0.0,0.0,GazeDirection.CENTER,47.0,67.46499633789062,0.9599999785423279,39.5500602722168
0,1,207,ScenarioState.PENDING,50.0,-373.14190673828125,365.36773681640625,26.31867027282715,26.31867027282715,28.681254643036162,-0.10000000149011612,0.9900000095367432,0.0,0.0,0.0,0.0,GazeDirection.CENTER,47.0,67.46499633789062,0.9599999785423279,39.5500602722168
0,1,208,ScenarioState.PENDING,50.0,-373.4139404296875,364.34820556640625,26.415157318115234,26.415157318115234,28.681254643036162,0.0,0.9900000095367432,0.0,0.0,0.0,0.0,GazeDirection.CENTER,47.0,67.46499633789062,0.9599999785423279,39.5500602722168
0,1,209,ScenarioState.PENDING,50.0,-373.68255615234375,363.3238220214844,26.510467529296875,26.510467529296875,28.681254643036162,0.0,0.9900000095367432,0.0,0.0,0.0,0.0,GazeDirection.CENTER,47.0,67.46499633789062,0.9599999785423279,39.5500602722168
0,1,210,ScenarioState.PENDING,50.0,-373.9483947753906,362.2947998046875,26.605545043945312,26.605545043945312,28.92919459209217,0.0,0.9900000095367432,0.0,0.0,0.0,0.0,GazeDirection.CENTER,47.0,67.46499633789062,0.9599999785423279,39.5500602722168
0,1,211,ScenarioState.PENDING,50.0,-374.2086486816406,361.2607727050781,26.685060501098633,26.685060501098633,28.92919459209217,0.07843216508626938,0.9900000095367432,0.0,0.0,0.0,0.0,GazeDirection.CENTER,47.0,67.46499633789062,0.9599999785423279,39.5500602722168
0,1,212,ScenarioState.PENDING,50.0,-374.46600341796875,360.2223205566406,26.781614303588867,26.781614303588867,28.92919459209217,-0.02156783454120159,0.9900000095367432,0.0,0.0,0.0,0.0,GazeDirection.CENTER,47.0,67.46499633789062,0.9599999785423279,39.5500602722168
0,1,213,ScenarioState.PENDING,50.0,-374.7251892089844,359.1805114746094,26.87373161315918,26.87373161315918,29.183143026124586,-0.05637055262923241,0.9900000095367432,0.0,0.0,0.0,0.0,GazeDirection.CENTER,47.0,67.46499633789062,0.9599999785423279,39.5500602722168
0,1,214,ScenarioState.PENDING,50.0,-374.9811706542969,358.1341857910156,26.961166381835938,26.961166381835938,29.183143026124586,0.04362944886088371,0.9900000095367432,0.0,0.0,0.0,0.0,GazeDirection.CENTER,47.0,67.46499633789062,0.9599999785423279,39.5500602722168
0,1,215,ScenarioState.PENDING,50.0,-375.2313232421875,357.08294677734375,27.047016143798828,27.047016143798828,29.183143026124586,0.052439093589782715,0.9900000095367432,0.0,0.0,0.0,0.0,GazeDirection.CENTER,47.0,67.46499633789062,0.9599999785423279,39.5500602722168
0,1,216,ScenarioState.PENDING,50.0,-375.48040771484375,356.0276794433594,27.143213272094727,27.143213272094727,29.44242065467113,-0.017917081713676453,0.9900000095367432,0.0,0.0,0.0,0.0,GazeDirection.CENTER,47.0,67.46499633789062,0.9599999785423279,39.5500602722168
0,1,217,ScenarioState.PENDING,50.0,-375.72491455078125,354.96783447265625,27.22114372253418,27.22114372253418,29.44242065467113,0.08208291977643967,0.9900000095367432,0.0,0.0,0.0,0.0,GazeDirection.CENTER,47.0,67.46499633789062,0.9599999785423279,39.5500602722168
0,1,218,ScenarioState.PENDING,50.0,-375.96673583984375,353.90374755859375,27.317197799682617,27.317197799682617,29.44242065467113,-0.017917081713676453,0.9900000095367432,0.0,0.0,0.0,0.0,GazeDirection.CENTER,47.0,67.46499633789062,0.9599999785423279,39.5500602722168
0,1,219,ScenarioState.PENDING,50.0,-376.2108154296875,352.83636474609375,27.406784057617188,27.406784057617188,29.686072549513568,-0.06605193763971329,0.9900000095367432,0.0,0.0,0.0,0.0,GazeDirection.CENTER,47.0,67.46499633789062,0.9599999785423279,39.5500602722168
0,1,220,ScenarioState.PENDING,50.0,-376.4524230957031,351.7646789550781,27.496313095092773,27.496313095092773,29.686072549513568,0.033948060125112534,0.9900000095367432,0.0,0.0,0.0,0.0,GazeDirection.CENTER,47.0,67.46499633789062,0.9599999785423279,39.5500602722168
0,1,221,ScenarioState.PENDING,50.0,-376.6873474121094,350.6882019042969,27.576515197753906,27.576515197753906,29.686072549513568,0.06854331493377686,0.9900000095367432,0.0,0.0,0.0,0.0,GazeDirection.CENTER,47.0,67.46499633789062,0.9599999785423279,39.5500602722168
0,1,222,ScenarioState.PENDING,50.0,-376.9203186035156,349.6075439453125,27.672391891479492,27.672391891479492,29.94344761526186,-0.0105587774887681,0.9900000095367432,0.0,0.0,0.0,0.0,GazeDirection.CENTER,47.0,67.46499633789062,0.9599999785423279,39.5500602722168
0,1,223,ScenarioState.PENDING,50.0,-377.148193359375,348.5223693847656,27.747352600097656,27.747352600097656,29.94344761526186,0.0894412249326706,0.9900000095367432,0.0,0.0,0.0,0.0,GazeDirection.CENTER,47.0,67.46499633789062,0.9599999785423279,39.5500602722168
0,1,224,ScenarioState.PENDING,50.0,-377.3678894042969,347.43255615234375,27.822275161743164,27.822275161743164,29.94344761526186,0.0894412249326706,0.9900000095367432,0.0,0.0,0.0,0.0,GazeDirection.CENTER,47.0,67.46499633789062,0.9599999785423279,39.5500602722168
0,1,225,ScenarioState.PENDING,50.0,-377.5860595703125,346.3389892578125,27.909738540649414,27.909738540649414,30.177781258244178,-0.10000000149011612,0.9900000095367432,0.0,0.0,0.0,0.0,GazeDirection.CENTER,47.0,67.46499633789062,0.9599999785423279,39.5500602722168
0,1,226,ScenarioState.PENDING,50.0,-377.80377197265625,345.2415466308594,28.003408432006836,28.003408432006836,30.177781258244178,0.0,0.9900000095367432,0.0,0.0,0.0,0.0,GazeDirection.CENTER,47.0,67.46499633789062,0.9599999785423279,39.5500602722168
0,1,227,ScenarioState.PENDING,50.0,-378.0194396972656,344.1399841308594,28.09560775756836,28.09560775756836,30.177781258244178,-0.05761149898171425,0.9900000095367432,0.0,0.0,0.0,0.0,GazeDirection.CENTER,47.0,67.46499633789062,0.9599999785423279,39.5500602722168
0,1,228,ScenarioState.PENDING,50.0,-378.2315979003906,343.0340576171875,28.186037063598633,28.186037063598633,30.416324043608725,0.006831749342381954,0.9900000095367432,0.0,0.0,0.0,0.0,GazeDirection.CENTER,47.0,67.46499633789062,0.9599999785423279,39.5500602722168
0,1,229,ScenarioState.PENDING,50.0,-378.4361572265625,341.9234619140625,28.256397247314453,28.256397247314453,30.416324043608725,0.10000000149011612,0.9900000095367432,0.0,0.0,0.0,0.0,GazeDirection.CENTER,47.0,67.46499633789062,0.9599999785423279,39.5500602722168
0,1,230,ScenarioState.PENDING,50.0,-378.6357727050781,340.8086242675781,28.349903106689453,28.349903106689453,30.416324043608725,0.0,0.9900000095367432,0.0,0.0,0.0,0.0,GazeDirection.CENTER,47.0,67.46499633789062,0.9599999785423279,39.5500602722168
0,1,231,ScenarioState.PENDING,50.0,-378.8360900878906,339.6900329589844,28.44117546081543,28.44117546081543,30.65153373256813,-0.05442579835653305,0.9900000095367432,0.0,0.0,0.0,0.0,GazeDirection.CENTER,47.0,67.46499633789062,0.9599999785423279,39.5500602722168
0,1,232,ScenarioState.PENDING,50.0,-379.0328063964844,338.5673828125,28.5257625579834,28.5257625579834,30.65153373256813,0.04557420313358307,0.9900000095367432,0.0,0.0,0.0,0.0,GazeDirection.CENTER,47.0,67.46499633789062,0.9599999785423279,39.5500602722168
0,1,233,ScenarioState.PENDING,50.0,-379.2236633300781,337.440185546875,28.612775802612305,28.612775802612305,30.65153373256813,0.03782149404287338,0.9900000095367432,0.0,0.0,0.0,0.0,GazeDirection.CENTER,47.0,67.46499633789062,0.9599999785423279,39.5500602722168
0,1,234,ScenarioState.PENDING,50.0,-379.412841796875,336.3090515136719,28.706663131713867,28.706663131713867,30.90143720513085,-0.015900354832410812,0.9900000095367432,0.0,0.0,0.0,0.0,GazeDirection.CENTER,47.0,67.46499633789062,0.9599999785423279,39.5500602722168
0,1,235,ScenarioState.PENDING,50.0,-379.5963439941406,335.1736755371094,28.78049659729004,28.78049659729004,30.90143720513085,0.08409964293241501,0.9900000095367432,0.0,0.0,0.0,0.0,GazeDirection.CENTER,47.0,67.46499633789062,0.9599999785423279,39.5500602722168
0,1,236,ScenarioState.PENDING,50.0,-379.7762145996094,334.03424072265625,28.87432098388672,28.87432098388672,30.90143720513085,-0.015900354832410812,0.9900000095367432,0.0,0.0,0.0,0.0,GazeDirection.CENTER,47.0,67.46499633789062,0.9599999785423279,39.5500602722168
0,1,237,ScenarioState.PENDING,50.0,-379.95745849609375,332.89129638671875,28.96306037902832,28.96306037902832,31.1372525845155,-0.061678897589445114,0.9900000095367432,0.0,0.0,0.0,0.0,GazeDirection.CENTER,47.0,67.46499633789062,0.9599999785423279,39.5500602722168
0,1,238,ScenarioState.PENDING,50.0,-380.13519287109375,331.7442932128906,29.04862403869629,29.04862403869629,31.1372525845155,0.038321103900671005,0.9900000095367432,0.0,0.0,0.0,0.0,GazeDirection.CENTER,47.0,67.46499633789062,0.9599999785423279,39.5500602722168
0,1,239,ScenarioState.PENDING,50.0,-380.3057861328125,330.59295654296875,29.127973556518555,29.127973556518555,31.1372525845155,0.06170399859547615,0.9900000095367432,0.0,0.0,0.0,0.0,GazeDirection.CENTER,47.0,67.46499633789062,0.9599999785423279,39.5500602722168
0,1,240,ScenarioState.PENDING,50.0,-380.4738464355469,329.4376525878906,29.221452713012695,29.221452713012695,31.384917521537584,-0.010663512162864208,0.9900000095367432,0.0,0.0,0.0,0.0,GazeDirection.CENTER,47.0,67.46499633789062,0.9599999785423279,39.5500602722168
0,1,241,ScenarioState.PENDING,50.0,-380.6360168457031,328.2783203125,29.292959213256836,29.292959213256836,31.384917521537584,0.08933648467063904,0.9900000095367432,0.0,0.0,0.0,0.0,GazeDirection.CENTER,47.0,67.46499633789062,0.9599999785423279,39.5500602722168
0,1,242,ScenarioState.PENDING,50.0,-380.7939453125,327.1149597167969,29.38593292236328,29.38593292236328,31.384917521537584,-0.010663512162864208,0.9900000095367432,0.0,0.0,0.0,0.0,GazeDirection.CENTER,47.0,67.46499633789062,0.9599999785423279,39.5500602722168
0,1,243,ScenarioState.PENDING,50.0,-380.9532775878906,325.9481506347656,29.47063636779785,29.47063636779785,31.61010773806169,-0.08481552451848984,0.9900000095367432,0.0,0.0,0.0,0.0,GazeDirection.CENTER,47.0,67.46499633789062,0.9599999785423279,39.5500602722168
0,1,244,ScenarioState.PENDING,50.0,-381.11029052734375,324.77752685546875,29.559537887573242,29.559537887573242,31.61010773806169,0.015184474177658558,0.9900000095367432,0.0,0.0,0.0,0.0,GazeDirection.CENTER,47.0,67.46499633789062,0.9599999785423279,39.5500602722168
0,1,245,ScenarioState.PENDING,50.0,-381.2593688964844,323.6027526855469,29.6313533782959,29.6313533782959,31.61010773806169,0.08374977111816406,0.9900000095367432,0.0,0.0,0.0,0.0,GazeDirection.CENTER,47.0,67.46499633789062,0.9599999785423279,39.5500602722168
0,1,246,ScenarioState.PENDING,50.0,-381.4034729003906,322.4240417480469,29.72203826904297,29.72203826904297,31.85524356043293,0.016162898391485214,0.9900000095367432,0.0,0.0,0.0,0.0,GazeDirection.CENTER,47.0,67.46499633789062,0.9599999785423279,39.5500602722168
0,1,247,ScenarioState.PENDING,50.0,-381.5411376953125,321.2413635253906,29.791885375976562,29.791885375976562,31.85524356043293,0.10000000149011612,0.9900000095367432,0.0,0.0,0.0,0.0,GazeDirection.CENTER,47.0,67.46499633789062,0.9599999785423279,39.5500602722168
0,1,248,ScenarioState.PENDING,50.0,-381.6735534667969,320.05474853515625,29.883373260498047,29.883373260498047,31.85524356043293,0.0,0.9900000095367432,0.0,0.0,0.0,0.0,GazeDirection.CENTER,47.0,67.46499633789062,0.9599999785423279,39.5500602722168
0,1,249,ScenarioState.PENDING,50.0,-381.8065490722656,318.8646545410156,29.96657371520996,29.96657371520996,32.068425665068766,-0.10000000149011612,0.9900000095367432,0.0,0.0,0.0,0.0,GazeDirection.CENTER,47.0,67.46499633789062,0.9599999785423279,39.5500602722168
0,1,250,ScenarioState.PENDING,50.0,-381.93768310546875,317.6708984375,30.056283950805664,30.056283950805664,32.068425665068766,0.0,0.9900000095367432,0.0,0.0,0.0,0.0,GazeDirection.CENTER,47.0,67.46499633789062,0.9599999785423279,39.5500602722168
0,1,251,ScenarioState.PENDING,50.0,-382.06085205078125,316.47308349609375,30.129947662353516,30.129947662353516,32.068425665068766,0.07050806283950806,0.9900000095367432,0.0,0.0,0.0,0.0,GazeDirection.CENTER,47.0,67.46499633789062,0.9599999785423279,39.5500602722168
0,1,252,ScenarioState.PENDING,50.0,-382.1776428222656,315.2713928222656,30.216821670532227,30.216821670532227,32.310461887283196,0.02597959339618683,0.9900000095367432,0.0,0.0,0.0,0.0,GazeDirection.CENTER,47.0,67.46499633789062,0.9599999785423279,39.5500602722168
0,1,253,ScenarioState.PENDING,50.0,-382.2867736816406,314.06597900390625,30.283105850219727,30.283105850219727,32.310461887283196,0.10000000149011612,0.9900000095367432,0.0,0.0,0.0,0.0,GazeDirection.CENTER,47.0,67.46499633789062,0.9599999785423279,39.5500602722168
0,1,254,ScenarioState.PENDING,50.0,-382.3902587890625,312.8568115234375,30.3735408782959,30.3735408782959,32.310461887283196,0.0,0.9900000095367432,0.0,0.0,0.0,0.0,GazeDirection.CENTER,47.0,67.46499633789062,0.9599999785423279,39.5500602722168
0,1,255,ScenarioState.PENDING,50.0,-382.4938659667969,311.6440734863281,30.45670509338379,30.45670509338379,32.51762453240788,-0.10000000149011612,0.9900000095367432,0.0,0.0,0.0,0.0,GazeDirection.CENTER,47.0,67.46499633789062,0.9599999785423279,39.5500602722168
0,1,256,ScenarioState.PENDING,50.0,-382.59490966796875,310.427734375,30.54521942138672,30.54521942138672,32.51762453240788,0.0,0.9900000095367432,0.0,0.0,0.0,0.0,GazeDirection.CENTER,47.0,67.46499633789062,0.9599999785423279,39.5500602722168
0,1,257,ScenarioState.PENDING,50.0,-382.688232421875,309.2075500488281,30.622411727905273,30.622411727905273,32.51762453240788,0.05037946626543999,0.9900000095367432,0.0,0.0,0.0,0.0,GazeDirection.CENTER,47.0,67.46499633789062,0.9599999785423279,39.5500602722168
0,1,258,ScenarioState.PENDING,50.0,-382.77557373046875,307.98358154296875,30.70948600769043,30.70948600769043,32.756464049818305,0.016350071877241135,0.9900000095367432,0.0,0.0,0.0,0.0,GazeDirection.CENTER,47.0,67.46499633789062,0.9599999785423279,39.5500602722168
0,1,259,ScenarioState.PENDING,50.0,-382.8553771972656,306.756103515625,30.77570915222168,30.77570915222168,32.756464049818305,0.09928938001394272,0.9900000095367432,0.0,0.0,0.0,0.0,GazeDirection.CENTER,47.0,67.46499633789062,0.9599999785423279,39.5500602722168
0,1,260,ScenarioState.PENDING,50.0,-382.9293518066406,305.5250549316406,30.86526870727539,30.86526870727539,32.756464049818305,-0.0007106236880645156,0.9900000095367432,0.0,0.0,0.0,0.0,GazeDirection.CENTER,47.0,67.46499633789062,0.9599999785423279,39.5500602722168
0,1,261,ScenarioState.PENDING,50.0,-382.9998474121094,304.2901916503906,30.953702926635742,30.953702926635742,32.96598863063981,-0.0007106236880645156,0.9900000095367432,0.0,0.0,0.0,0.0,GazeDirection.CENTER,47.0,67.46499633789062,0.9599999785423279,39.5500602722168
0,1,262,ScenarioState.PENDING,50.0,-383.06591796875,303.0515441894531,31.041873931884766,31.041873931884766,32.96598863063981,-0.006072073243558407,0.9900000095367432,0.0,0.0,0.0,0.0,GazeDirection.CENTER,47.0,67.46499633789062,0.9599999785423279,39.5500602722168
0,1,263,ScenarioState.PENDING,50.0,-383.1302185058594,301.80926513671875,31.1287784576416,31.1287784576416,32.96598863063981,-0.06275587528944016,0.9900000095367432,0.0,0.0,0.0,0.0,GazeDirection.CENTER,47.0,67.46499633789062,0.9599999785423279,39.5500602722168
0,1,264,ScenarioState.PENDING,50.0,-383.1903381347656,300.56341552734375,31.213645935058594,31.213645935058594,33.20735005850594,0.00898344162851572,0.9900000095367432,0.0,0.0,0.0,0.0,GazeDirection.CENTER,47.0,67.46499633789062,0.9599999785423279,39.5500602722168
0,1,265,ScenarioState.PENDING,50.0,-383.24212646484375,299.31427001953125,31.28021240234375,31.28021240234375,33.20735005850594,0.09251375496387482,0.9900000095367432,0.0,0.0,0.0,0.0,GazeDirection.CENTER,47.0,67.46499633789062,0.9599999785423279,39.5500602722168
0,1,266,ScenarioState.PENDING,50.0,-383.2842102050781,298.0622253417969,31.345752716064453,31.345752716064453,33.20735005850594,0.09251375496387482,0.9900000095367432,0.0,0.0,0.0,0.0,GazeDirection.CENTER,47.0,67.46499633789062,0.9599999785423279,39.5500602722168
0,1,267,ScenarioState.PENDING,50.0,-383.3239440917969,296.8069152832031,31.42879867553711,31.42879867553711,33.422930933043666,-0.10000000149011612,0.9900000095367432,0.0,0.0,0.0,0.0,GazeDirection.CENTER,47.0,67.46499633789062,0.9599999785423279,39.5500602722168
0,1,268,ScenarioState.PENDING,50.0,-383.36663818359375,295.54840087890625,31.511585235595703,31.511585235595703,33.422930933043666,-0.08291183412075043,0.9900000095367432,0.0,0.0,0.0,0.0,GazeDirection.CENTER,47.0,67.46499633789062,0.9599999785423279,39.5500602722168
0,1,269,ScenarioState.PENDING,50.0,-383.4054870605469,294.2863464355469,31.59707260131836,31.59707260131836,33.422930933043666,0.014553435146808624,0.9900000095367432,0.0,0.0,0.0,0.0,GazeDirection.CENTER,47.0,67.46499633789062,0.9599999785423279,39.5500602722168
0,1,270,ScenarioState.PENDING,50.0,-383.4367980957031,293.02099609375,31.67249298095703,31.67249298095703,33.63170782298235,0.059436213225126266,0.9900000095367432,0.0,0.0,0.0,0.0,GazeDirection.CENTER,47.0,67.46499633789062,0.9599999785423279,39.5500602722168
0,1,271,ScenarioState.PENDING,50.0,-383.46240234375,291.7522277832031,31.75634002685547,31.75634002685547,33.63170782298235,0.035363536328077316,0.9900000095367432,0.0,0.0,0.0,0.0,GazeDirection.CENTER,47.0,67.46499633789062,0.9599999785423279,39.5500602722168
0,1,272,ScenarioState.PENDING,50.0,-383.4881286621094,290.4800720214844,31.841943740844727,31.841943740844727,33.63170782298235,-0.058864567428827286,0.9900000095367432,0.0,0.0,0.0,0.0,GazeDirection.CENTER,47.0,67.46499633789062,0.9599999785423279,39.5500602722168
0,1,273,ScenarioState.PENDING,50.0,-383.5135498046875,289.2043762207031,31.930938720703125,31.930938720703125,33.85201415457219,-0.01910410076379776,0.9900000095367432,0.0,0.0,0.0,0.0,GazeDirection.CENTER,47.0,67.46499633789062,0.9599999785423279,39.5500602722168
0,1,274,ScenarioState.PENDING,50.0,-383.5334167480469,287.9253845214844,32.0062255859375,32.0062255859375,33.85201415457219,0.0644984245300293,0.9900000095367432,0.0,0.0,0.0,0.0,GazeDirection.CENTER,47.0,67.46499633789062,0.9599999785423279,39.5500602722168
0,1,275,ScenarioState.PENDING,50.0,-383.5504455566406,286.6430358886719,32.09543991088867,32.09543991088867,33.85201415457219,-0.005278876982629299,0.9900000095367432,0.0,0.0,0.0,0.0,GazeDirection.CENTER,47.0,67.46499633789062,0.9599999785423279,39.5500602722168
0,1,276,ScenarioState.PENDING,50.0,-383.56781005859375,285.35711669921875,32.182743072509766,32.182743072509766,34.076349879916805,-0.029766229912638664,0.9900000095367432,0.0,0.0,0.0,0.0,GazeDirection.CENTER,47.0,67.46499633789062,0.9599999785423279,39.5500602722168
0,1,277,ScenarioState.PENDING,50.0,-383.58233642578125,284.0677795410156,32.26680374145508,32.26680374145508,34.076349879916805,0.02806626819074154,0.9900000095367432,0.0,0.0,0.0,0.0,GazeDirection.CENTER,47.0,67.46499633789062,0.9599999785423279,39.5500602722168
0,1,278,ScenarioState.PENDING,50.0,-383.5946350097656,282.7749328613281,32.35458755493164,32.35458755493164,34.076349879916805,0.0011644045589491725,0.9900000095367432,0.0,0.0,0.0,0.0,GazeDirection.CENTER,47.0,67.46499633789062,0.9599999785423279,39.5500602722168
0,1,279,ScenarioState.PENDING,50.0,-383.6064758300781,281.4786071777344,32.44200897216797,32.44200897216797,34.309640092841285,-0.012871090322732925,0.9900000095367432,0.0,0.0,0.0,0.0,GazeDirection.CENTER,47.0,67.46499633789062,0.9599999785423279,39.5500602722168
0,1,280,ScenarioState.PENDING,50.0,-383.6163330078125,280.17877197265625,32.52763748168945,32.52763748168945,34.309640092841285,0.016715845093131065,0.9900000095367432,0.0,0.0,0.0,0.0,GazeDirection.CENTER,47.0,67.46499633789062,0.9599999785423279,39.5500602722168
0,1,281,ScenarioState.PENDING,50.0,-383.6236877441406,278.87554931640625,32.61344909667969,32.61344909667969,34.309640092841285,0.016715845093131065,0.9900000095367432,0.0,0.0,0.0,0.0,GazeDirection.CENTER,47.0,67.46499633789062,0.9599999785423279,39.5500602722168
0,1,282,ScenarioState.PENDING,50.0,-383.63140869140625,277.56884765625,32.699153900146484,32.699153900146484,34.542488721521075,-0.02752453088760376,0.9900000095367432,0.0,0.0,0.0,0.0,GazeDirection.CENTER,47.0,67.46499633789062,0.9599999785423279,39.5500602722168
0,1,283,ScenarioState.PENDING,50.0,-383.6382751464844,276.2587585449219,32.785465240478516,32.785465240478516,34.542488721521075,0.004626702982932329,0.9900000095367432,0.0,0.0,0.0,0.0,GazeDirection.CENTER,47.0,67.46499633789062,0.9599999785423279,39.5500602722168
0,1,284,ScenarioState.PENDING,50.0,-383.6434326171875,274.9451904296875,32.87142562866211,32.87142562866211,34.542488721521075,0.008143283426761627,0.9900000095367432,0.0,0.0,0.0,0.0,GazeDirection.CENTER,47.0,67.46499633789062,0.9599999785423279,39.5500602722168
0,1,285,ScenarioState.PENDING,50.0,-383.6477355957031,273.6282043457031,32.95769119262695,32.95769119262695,34.7719853760977,-0.0019201254472136497,0.9900000095367432,0.0,0.0,0.0,0.0,GazeDirection.CENTER,47.0,67.46499633789062,0.9599999785423279,39.5500602722168
0,1,286,ScenarioState.PENDING,50.0,-383.6511535644531,272.3077697753906,33.043575286865234,33.043575286865234,34.7719853760977,0.0037094957660883665,0.9900000095367432,0.0,0.0,0.0,0.0,GazeDirection.CENTER,47.0,67.46499633789062,0.9599999785423279,39.5500602722168
0,1,287,ScenarioState.PENDING,50.0,-383.6540222167969,270.98388671875,33.12945556640625,33.12945556640625,34.7719853760977,-0.003814662341028452,0.9900000095367432,0.0,0.0,0.0,0.0,GazeDirection.CENTER,47.0,67.46499633789062,0.9599999785423279,39.5500602722168
0,1,288,ScenarioState.PENDING,50.0,-383.65643310546875,269.6565856933594,33.21511459350586,33.21511459350586,35.00105687866997,-0.0006131849950179458,0.9900000095367432,0.0,0.0,0.0,0.0,GazeDirection.CENTER,47.0,67.46499633789062,0.9599999785423279,39.5500602722168
0,1,289,ScenarioState.PENDING,50.0,-383.6578369140625,268.32586669921875,33.30036163330078,33.30036163330078,35.00105687866997,0.006835643667727709,0.9900000095367432,0.0,0.0,0.0,0.0,GazeDirection.CENTER,47.0,67.46499633789062,0.9599999785423279,39.5500602722168
0,1,290,ScenarioState.PENDING,50.0,-383.6587829589844,266.99169921875,33.3857421875,33.3857421875,35.00105687866997,-0.002501885173842311,0.9900000095367432,0.0,0.0,0.0,0.0,GazeDirection.CENTER,47.0,67.46499633789062,0.9599999785423279,39.5500602722168
0,1,291,ScenarioState.PENDING,50.0,-383.6595764160156,265.6541442871094,33.4709358215332,33.4709358215332,35.22827247635769,-0.0027418374083936214,0.9900000095367432,0.0,0.0,0.0,0.0,GazeDirection.CENTER,47.0,67.46499633789062,0.9599999785423279,39.5500602722168
0,1,292,ScenarioState.PENDING,50.0,-383.65960693359375,264.31317138671875,33.5557861328125,33.5557861328125,35.22827247635769,0.005785128101706505,0.9900000095367432,0.0,0.0,0.0,0.0,GazeDirection.CENTER,47.0,67.46499633789062,0.9599999785423279,39.5500602722168
0,1,293,ScenarioState.PENDING,50.0,-383.6593017578125,262.9688415527344,33.640689849853516,33.640689849853516,35.22827247635769,-0.001202131505124271,0.9900000095367432,0.0,0.0,0.0,0.0,GazeDirection.CENTER,47.0,67.46499633789062,0.9599999785423279,39.5500602722168
0,1,294,ScenarioState.PENDING,50.0,-383.6587829589844,261.62109375,33.72542190551758,33.72542190551758,35.45359801312844,-0.0024497148115187883,0.9900000095367432,0.0,0.0,0.0,0.0,GazeDirection.CENTER,47.0,67.46499633789062,0.9599999785423279,39.5500602722168
0,1,295,ScenarioState.PENDING,50.0,-383.6578674316406,260.26995849609375,33.80992126464844,33.80992126464844,35.45359801312844,0.0036049713380634785,0.9900000095367432,0.0,0.0,0.0,0.0,GazeDirection.CENTER,47.0,67.46499633789062,0.9599999785423279,39.5500602722168
0,1,296,ScenarioState.PENDING,50.0,-383.65655517578125,258.91546630859375,33.89435958862305,33.89435958862305,35.45359801312844,-0.0002686752995941788,0.9900000095367432,0.0,0.0,0.0,0.0,GazeDirection.CENTER,47.0,67.46499633789062,0.9599999785423279,39.5500602722168
0,1,297,ScenarioState.PENDING,50.0,-383.6550598144531,257.5575866699219,33.9786491394043,33.9786491394043,35.67709594240863,-0.001553901587612927,0.9900000095367432,0.0,0.0,0.0,0.0,GazeDirection.CENTER,47.0,67.46499633789062,0.9599999785423279,39.5500602722168
0,1,298,ScenarioState.PENDING,50.0,-383.6535339355469,256.19635009765625,34.06278991699219,34.06278991699219,35.67709594240863,-0.001553901587612927,0.9900000095367432,0.0,0.0,0.0,0.0,GazeDirection.CENTER,47.0,67.46499633789062,0.9599999785423279,39.5500602722168
0,1,299,ScenarioState.PENDING,50.0,-383.6516418457031,254.83172607421875,34.1467170715332,34.1467170715332,35.67709594240863,0.0036122414749115705,0.9900000095367432,0.0,0.0,0.0,0.0,GazeDirection.CENTER,47.0,67.46499633789062,0.9599999785423279,39.5500602722168
0,1,300,ScenarioState.PENDING,50.0,-383.6494140625,253.46376037597656,34.23057174682617,34.23057174682617,35.89878538198869,0.0009746765135787427,0.9900000095367432,0.0,0.0,0.0,0.0,GazeDirection.CENTER,47.0,67.46499633789062,0.9599999785423279,39.5500602722168
0,1,301,ScenarioState.PENDING,50.0,-383.6471862792969,252.0924530029297,34.31428527832031,34.31428527832031,35.89878538198869,-0.0011899318778887391,0.9900000095367432,0.0,0.0,0.0,0.0,GazeDirection.CENTER,47.0,67.46499633789062,0.9599999785423279,39.5500602722168
0,1,302,ScenarioState.PENDING,50.0,-383.64471435546875,250.71778869628906,34.397850036621094,34.397850036621094,35.89878538198869,-0.0006027045310474932,0.9900000095367432,0.0,0.0,0.0,0.0,GazeDirection.CENTER,47.0,67.46499633789062,0.9599999785423279,39.5500602722168
0,1,303,ScenarioState.PENDING,50.0,-383.64215087890625,249.3397979736328,34.481266021728516,34.481266021728516,36.11857917478582,0.0009381200652569532,0.9900000095367432,0.0,0.0,0.0,0.0,GazeDirection.CENTER,47.0,67.46499633789062,0.9599999785423279,39.5500602722168
0,1,304,ScenarioState.PENDING,50.0,-383.6393737792969,247.95846557617188,34.56454849243164,34.56454849243164,36.11857917478582,0.0007744370377622545,0.9900000095367432,0.0,0.0,0.0,0.0,GazeDirection.CENTER,47.0,67.46499633789062,0.9599999785423279,39.5500602722168
0,1,305,ScenarioState.PENDING,50.0,-383.6364440917969,246.5738067626953,34.64768981933594,34.64768981933594,36.11857917478582,-0.0005542513681575656,0.9900000095367432,0.0,0.0,0.0,0.0,GazeDirection.CENTER,47.0,67.46499633789062,0.9599999785423279,39.5500602722168
0,1,306,ScenarioState.PENDING,50.0,-383.6334533691406,245.1858367919922,34.73068618774414,34.73068618774414,36.33659352231136,-0.00017427625425625592,0.9900000095367432,0.0,0.0,0.0,0.0,GazeDirection.CENTER,47.0,67.46499633789062,0.9599999785423279,39.5500602722168
0,1,307,ScenarioState.PENDING,50.0,-383.63037109375,243.79454040527344,34.813541412353516,34.813541412353516,36.33659352231136,0.000440432719187811,0.9900000095367432,0.0,0.0,0.0,0.0,GazeDirection.CENTER,47.0,67.46499633789062,0.9599999785423279,39.5500602722168
0,1,308,ScenarioState.PENDING,50.0,-383.62713623046875,242.3999481201172,34.89625549316406,34.89625549316406,36.33659352231136,0.0003603785880841315,0.9900000095367432,0.0,0.0,0.0,0.0,GazeDirection.CENTER,47.0,67.46499633789062,0.9599999785423279,39.5500602722168
0,1,309,ScenarioState.PENDING,50.0,-383.6238098144531,241.00204467773438,34.97883224487305,34.97883224487305,36.55280311683758,-0.00010898258915403858,0.9900000095367432,0.0,0.0,0.0,0.0,GazeDirection.CENTER,47.0,67.46499633789062,0.9599999785423279,39.5500602722168
0,1,310,ScenarioState.PENDING,50.0,-383.6203918457031,239.600830078125,35.06127166748047,35.06127166748047,36.55280311683758,-0.0003737185907084495,0.9900000095367432,0.0,0.0,0.0,0.0,GazeDirection.CENTER,47.0,67.46499633789062,0.9599999785423279,39.5500602722168
0,1,311,ScenarioState.PENDING,50.0,-383.616943359375,238.1963348388672,35.1435661315918,35.1435661315918,36.55280311683758,0.00047839334001764655,0.9900000095367432,0.0,0.0,0.0,0.0,GazeDirection.CENTER,47.0,67.46499633789062,0.9599999785423279,39.5500602722168
0,1,312,ScenarioState.PENDING,50.0,-383.61334228515625,236.78854370117188,35.2257194519043,35.2257194519043,36.767210844506316,0.0003748093731701374,0.9900000095367432,0.0,0.0,0.0,0.0,GazeDirection.CENTER,47.0,67.46499633789062,0.9599999785423279,39.5500602722168
0,1,313,ScenarioState.PENDING,50.0,-383.60980224609375,235.37745666503906,35.307735443115234,35.307735443115234,36.767210844506316,-0.0006864857277832925,0.9900000095367432,0.0,0.0,0.0,0.0,GazeDirection.CENTER,47.0,67.46499633789062,0.9599999785423279,39.5500602722168
0,1,314,ScenarioState.PENDING,50.0,-383.6060791015625,233.96311950683594,35.389610290527344,35.389610290527344,36.767210844506316,0.00040627343696542084,0.9900000095367432,0.0,0.0,0.0,0.0,GazeDirection.CENTER,47.0,67.46499633789062,0.9599999785423279,39.5500602722168
0,1,315,ScenarioState.PENDING,50.0,-383.6023864746094,232.54550170898438,35.47134780883789,35.47134780883789,36.97981360815176,0.0004072432639077306,0.9900000095367432,0.0,0.0,0.0,0.0,GazeDirection.CENTER,47.0,67.46499633789062,0.9599999785423279,39.5500602722168
0,1,316,ScenarioState.PENDING,50.0,-383.5986328125,231.12460327148438,35.55294418334961,35.55294418334961,36.97981360815176,-0.0006832139333710074,0.9900000095367432,0.0,0.0,0.0,0.0,GazeDirection.CENTER,47.0,67.46499633789062,0.9599999785423279,39.5500602722168
0,1,317,ScenarioState.PENDING,50.0,-383.5947570800781,229.70046997070312,35.6343994140625,35.6343994140625,36.97981360815176,0.00037291148328222334,0.9900000095367432,0.0,0.0,0.0,0.0,GazeDirection.CENTER,47.0,67.46499633789062,0.9599999785423279,39.5500602722168
0,1,318,ScenarioState.PENDING,50.0,-383.59088134765625,228.27305603027344,35.71571731567383,35.71571731567383,37.19062474271253,0.00037291148328222334,0.9900000095367432,0.0,0.0,0.0,0.0,GazeDirection.CENTER,47.0,67.46499633789062,0.9599999785423279,39.5500602722168
0,1,319,ScenarioState.PENDING,50.0,-383.58697509765625,226.84239196777344,35.79689407348633,35.79689407348633,37.19062474271253,-0.0008475586073473096,0.9900000095367432,0.0,0.0,0.0,0.0,GazeDirection.CENTER,47.0,67.46499633789062,0.9599999785423279,39.5500602722168
0,1,320,ScenarioState.PENDING,50.0,-383.5830383300781,225.40850830078125,35.8779296875,35.8779296875,37.19062474271253,0.0005112117505632341,0.9900000095367432,0.0,0.0,0.0,0.0,GazeDirection.CENTER,47.0,67.46499633789062,0.9599999785423279,39.5500602722168
0,1,321,ScenarioState.PENDING,50.0,-383.5789794921875,223.9713592529297,35.958831787109375,35.958831787109375,37.39963818692793,0.0005410942249000072,0.9900000095367432,0.0,0.0,0.0,0.0,GazeDirection.CENTER,47.0,67.46499633789062,0.9599999785423279,39.5500602722168
0,1,322,ScenarioState.PENDING,50.0,-383.574951171875,222.53099060058594,36.039588928222656,36.039588928222656,37.39963818692793,-0.0009335587965324521,0.9900000095367432,0.0,0.0,0.0,0.0,GazeDirection.CENTER,47.0,67.46499633789062,0.9599999785423279,39.5500602722168
0,1,323,ScenarioState.PENDING,50.0,-383.5708923339844,221.08740234375,36.120208740234375,36.120208740234375,37.39963818692793,0.00032011058647185564,0.9900000095367432,0.0,0.0,0.0,0.0,GazeDirection.CENTER,47.0,67.46499633789062,0.9599999785423279,39.5500602722168
0,1,324,ScenarioState.PENDING,50.0,-383.5667419433594,219.6405792236328,36.20068359375,36.20068359375,37.60686267182507,0.000568561430554837,0.9900000095367432,0.0,0.0,0.0,0.0,GazeDirection.CENTER,47.0,67.46499633789062,0.9599999785423279,39.5500602722168
0,1,325,ScenarioState.PENDING,50.0,-383.5626525878906,218.19053649902344,36.28102493286133,36.28102493286133,37.60686267182507,-0.0008318585460074246,0.9900000095367432,0.0,0.0,0.0,0.0,GazeDirection.CENTER,47.0,67.46499633789062,0.9599999785423279,39.5500602722168
0,1,326,ScenarioState.PENDING,50.0,-383.5585021972656,216.7373046875,36.361228942871094,36.361228942871094,37.60686267182507,0.00032134735374711454,0.9900000095367432,0.0,0.0,0.0,0.0,GazeDirection.CENTER,47.0,67.46499633789062,0.9599999785423279,39.5500602722168
0,1,327,ScenarioState.PENDING,50.0,-383.5542907714844,215.28085327148438,36.441287994384766,36.441287994384766,37.812295264230514,0.0004543287795968354,0.9900000095367432,0.0,0.0,0.0,0.0,GazeDirection.CENTER,47.0,67.46499633789062,0.9599999785423279,39.5500602722168
0,1,328,ScenarioState.PENDING,50.0,-383.5500793457031,213.8212127685547,36.52121353149414,36.52121353149414,37.812295264230514,-0.000936056487262249,0.9900000095367432,0.0,0.0,0.0,0.0,GazeDirection.CENTER,47.0,67.46499633789062,0.9599999785423279,39.5500602722168
0,1,329,ScenarioState.PENDING,50.0,-383.54583740234375,212.35836791992188,36.60099792480469,36.60099792480469,37.812295264230514,0.00040194427128881216,0.9900000095367432,0.0,0.0,0.0,0.0,GazeDirection.CENTER,47.0,67.46499633789062,0.9599999785423279,39.5500602722168
0,1,330,ScenarioState.PENDING,50.0,-383.5416259765625,210.89236450195312,36.680641174316406,36.680641174316406,38.0159460053895,0.0005128493066877127,0.9900000095367432,0.0,0.0,0.0,0.0,GazeDirection.CENTER,47.0,67.46499633789062,0.9599999785423279,39.5500602722168
0,1,331,ScenarioState.PENDING,50.0,-383.53741455078125,209.4231414794922,36.76013946533203,36.76013946533203,38.0159460053895,-0.0006960948230698705,0.9900000095367432,0.0,0.0,0.0,0.0,GazeDirection.CENTER,47.0,67.46499633789062,0.9599999785423279,39.5500602722168
0,1,332,ScenarioState.PENDING,50.0,-383.533203125,207.9507598876953,36.839508056640625,36.839508056640625,38.0159460053895,0.0001626017183298245,0.9900000095367432,0.0,0.0,0.0,0.0,GazeDirection.CENTER,47.0,67.46499633789062,0.9599999785423279,39.5500602722168
0,1,333,ScenarioState.PENDING,50.0,-383.5289306640625,206.47520446777344,36.91873550415039,36.91873550415039,38.21780786433131,0.00041779037564992905,0.9900000095367432,0.0,0.0,0.0,0.0,GazeDirection.CENTER,47.0,67.46499633789062,0.9599999785423279,39.5500602722168
0,1,334,ScenarioState.PENDING,50.0,-383.52471923828125,204.99647521972656,36.99782180786133,36.99782180786133,38.21780786433131,-0.0006149520631879568,0.9900000095367432,0.0,0.0,0.0,0.0,GazeDirection.CENTER,47.0,67.46499633789062,0.9599999785423279,39.5500602722168
0,1,335,ScenarioState.PENDING,50.0,-383.5205078125,203.5146026611328,37.07676696777344,37.07676696777344,38.21780786433131,0.00023147881438490003,0.9900000095367432,0.0,0.0,0.0,0.0,GazeDirection.CENTER,47.0,67.46499633789062,0.9599999785423279,39.5500602722168
0,1,336,ScenarioState.PENDING,50.0,-383.51611328125,202.0295867919922,37.15557861328125,37.15557861328125,38.41789086547133,0.0003796544624492526,0.9900000095367432,0.0,0.0,0.0,0.0,GazeDirection.CENTER,47.0,67.46499633789062,0.9599999785423279,39.5500602722168
0,1,337,ScenarioState.PENDING,50.0,-383.5118713378906,200.5413818359375,37.23423767089844,37.23423767089844,38.41789086547133,-0.0008357878541573882,0.9900000095367432,0.0,0.0,0.0,0.0,GazeDirection.CENTER,47.0,67.46499633789062,0.9599999785423279,39.5500602722168
0,1,338,ScenarioState.PENDING,50.0,-383.5075988769531,199.050048828125,37.3127326965332,37.3127326965332,38.41789086547133,0.0003856326802633703,0.9900000095367432,0.0,0.0,0.0,0.0,GazeDirection.CENTER,47.0,67.46499633789062,0.9599999785423279,39.5500602722168
0,1,339,ScenarioState.PENDING,50.0,-383.50323486328125,197.55560302734375,37.39104461669922,37.39104461669922,38.61618556900837,0.0003856326802633703,0.9900000095367432,0.0,0.0,0.0,0.0,GazeDirection.CENTER,47.0,67.46499633789062,0.9599999785423279,39.5500602722168
0,1,340,ScenarioState.PENDING,50.0,-383.49859619140625,196.05804443359375,37.4691047668457,37.4691047668457,38.61618556900837,0.004976334050297737,0.9900000095367432,0.0,0.0,0.0,0.0,GazeDirection.CENTER,47.0,67.46499633789062,0.9599999785423279,39.5500602722168
0,1,341,ScenarioState.PENDING,50.0,-383.4941711425781,194.55734252929688,37.54696273803711,37.54696273803711,38.61618556900837,-0.004828516859561205,0.9900000095367432,0.0,0.0,0.0,0.0,GazeDirection.CENTER,47.0,67.46499633789062,0.9599999785423279,39.5500602722168
0,1,342,ScenarioState.PENDING,50.0,-383.4900207519531,193.0535125732422,37.6246223449707,37.6246223449707,38.812454800132464,-0.004828516859561205,0.9900000095367432,0.0,0.0,0.0,0.0,GazeDirection.CENTER,47.0,67.46499633789062,0.9599999785423279,39.5500602722168
0,1,343,ScenarioState.PENDING,50.0,-383.4815979003906,191.54701232910156,37.686485290527344,37.686485290527344,38.812454800132464,0.09065984934568405,0.9900000095367432,0.0,0.0,0.0,0.0,GazeDirection.CENTER,47.0,67.46499633789062,0.9599999785423279,39.5500602722168
0,1,344,ScenarioState.PENDING,50.0,-383.47125244140625,190.03765869140625,37.76459884643555,37.76459884643555,38.812454800132464,-0.009340149350464344,0.9900000095367432,0.0,0.0,0.0,0.0,GazeDirection.CENTER,47.0,67.46499633789062,0.9599999785423279,39.5500602722168
0,1,345,ScenarioState.PENDING,50.0,-383.4648742675781,188.52545166015625,37.82819747924805,37.82819747924805,38.993461689503505,-0.10000000149011612,0.9900000095367432,0.0,0.0,0.0,0.0,GazeDirection.CENTER,47.0,67.46499633789062,0.9599999785423279,39.5500602722168
0,1,346,ScenarioState.PENDING,50.0,-383.4596252441406,187.01039123535156,37.90606689453125,37.90606689453125,38.993461689503505,0.0,0.9900000095367432,0.0,0.0,0.0,0.0,GazeDirection.CENTER,47.0,67.46499633789062,0.9599999785423279,39.5500602722168
0,1,347,ScenarioState.PENDING,50.0,-383.4526062011719,185.49221801757812,37.983219146728516,37.983219146728516,38.993461689503505,0.0,0.9900000095367432,0.0,0.0,0.0,0.0,GazeDirection.CENTER,47.0,67.46499633789062,0.9599999785423279,39.5500602722168
0,1,348,ScenarioState.PENDING,50.0,-383.4420166015625,183.97122192382812,38.05186080932617,38.05186080932617,39.17565577621141,0.0616113506257534,0.9900000095367432,0.0,0.0,0.0,0.0,GazeDirection.CENTER,47.0,67.46499633789062,0.9599999785423279,39.5500602722168
0,1,349,ScenarioState.PENDING,50.0,-383.4250183105469,182.44784545898438,38.10891342163086,38.10891342163086,39.17565577621141,0.10000000149011612,0.9900000095367432,0.0,0.0,0.0,0.0,GazeDirection.CENTER,47.0,67.46499633789062,0.9599999785423279,39.5500602722168
0,1,350,ScenarioState.PENDING,50.0,-383.4055480957031,180.92169189453125,38.18648147583008,38.18648147583008,39.17565577621141,0.0,0.9900000095367432,0.0,0.0,0.0,0.0,GazeDirection.CENTER,47.0,67.46499633789062,0.9599999785423279,39.5500602722168
0,1,351,ScenarioState.PENDING,50.0,-383.388671875,179.39259338378906,38.251678466796875,38.251678466796875,39.343381681360746,-0.10000000149011612,0.9900000095367432,0.0,0.0,0.0,0.0,GazeDirection.CENTER,47.0,67.46499633789062,0.9599999785423279,39.5500602722168
0,1,352,ScenarioState.PENDING,50.0,-383.37158203125,177.86070251464844,38.3280029296875,38.3280029296875,39.343381681360746,0.0,0.9900000095367432,0.0,0.0,0.0,0.0,GazeDirection.CENTER,47.0,67.46499633789062,0.9599999785423279,39.5500602722168
0,1,353,ScenarioState.PENDING,50.0,-383.348388671875,176.32606506347656,38.393795013427734,38.393795013427734,39.343381681360746,0.05528749153017998,0.9900000095367432,0.0,0.0,0.0,0.0,GazeDirection.CENTER,47.0,67.46499633789062,0.9599999785423279,39.5500602722168
0,1,354,ScenarioState.PENDING,50.0,-383.3205871582031,174.78871154785156,38.46804428100586,38.46804428100586,39.52390504021673,0.01650330051779747,0.9900000095367432,0.0,0.0,0.0,0.0,GazeDirection.CENTER,47.0,67.46499633789062,0.9599999785423279,39.5500602722168
0,1,355,ScenarioState.PENDING,50.0,-383.2861633300781,173.2489471435547,38.522239685058594,38.522239685058594,39.52390504021673,0.10000000149011612,0.9900000095367432,0.0,0.0,0.0,0.0,GazeDirection.CENTER,47.0,67.46499633789062,0.9599999785423279,39.5500602722168
0,1,356,ScenarioState.PENDING,50.0,-383.2464294433594,171.70669555664062,38.597320556640625,38.597320556640625,39.52390504021673,0.0,0.9900000095367432,0.0,0.0,0.0,0.0,GazeDirection.CENTER,47.0,67.46499633789062,0.9599999785423279,39.5500602722168
0,1,357,ScenarioState.PENDING,50.0,-383.20703125,170.1615447998047,38.66460418701172,38.66460418701172,39.68339266598225,-0.09917907416820526,0.9900000095367432,0.0,0.0,0.0,0.0,GazeDirection.CENTER,47.0,67.46499633789062,0.9599999785423279,39.5500602722168
0,1,358,ScenarioState.PENDING,50.0,-383.1653747558594,168.61363220214844,38.73774337768555,38.73774337768555,39.68339266598225,0.000820924760773778,0.9900000095367432,0.0,0.0,0.0,0.0,GazeDirection.CENTER,47.0,67.46499633789062,0.9599999785423279,39.5500602722168
0,1,359,ScenarioState.PENDING,50.0,-383.1148681640625,167.0636444091797,38.78763961791992,38.78763961791992,39.68339266598225,0.10000000149011612,0.9509336948394775,0.0,0.0,0.0,0.0,GazeDirection.CENTER,47.0,67.46499633789062,0.9599999785423279,39.5500602722168
0,1,360,ScenarioState.PENDING,50.0,-383.0552673339844,165.51185607910156,38.84614181518555,38.84614181518555,39.85972173175576,0.058524150401353836,0.9900000095367432,0.0,0.0,0.0,0.0,GazeDirection.CENTER,47.0,67.46499633789062,0.9599999785423279,39.5500602722168
0,1,361,ScenarioState.PENDING,50.0,-382.9859313964844,163.95851135253906,38.889190673828125,38.889190673828125,39.85972173175576,0.10000000149011612,0.9900000095367432,0.0,0.0,0.0,0.0,GazeDirection.CENTER,47.0,67.46499633789062,0.9599999785423279,39.5500602722168
0,1,362,ScenarioState.PENDING,50.0,-382.9096374511719,162.4030303955078,38.95928192138672,38.95928192138672,39.85972173175576,0.0,0.9756858944892883,0.0,0.0,0.0,0.0,GazeDirection.CENTER,47.0,67.46499633789062,0.9599999785423279,39.5500602722168
0,1,363,ScenarioState.PENDING,50.0,-382.8312072753906,160.84481811523438,39.02578353881836,39.02578353881836,39.98324575778827,-0.10000000149011612,0.9900000095367432,0.0,0.0,0.0,0.0,GazeDirection.CENTER,47.0,67.46499633789062,0.9599999785423279,39.5500602722168
0,1,364,ScenarioState.PENDING,50.0,-382.74761962890625,159.28427124023438,39.09151840209961,39.09151840209961,39.98324575778827,0.0,0.96253502368927,0.0,0.0,0.0,0.0,GazeDirection.CENTER,47.0,67.46499633789062,0.9599999785423279,39.5500602722168
0,1,365,ScenarioState.PENDING,50.0,-382.6524658203125,157.72247314453125,39.12797927856445,39.12797927856445,39.98324575778827,0.10000000149011612,0.8967181444168091,0.0,0.0,0.0,0.0,GazeDirection.CENTER,47.0,67.46499633789062,0.9599999785423279,39.5500602722168
0,1,366,ScenarioState.PENDING,50.0,-382.5447692871094,156.16015625,39.165855407714844,39.165855407714844,40.14775947377974,0.07366103678941727,0.9900000095367432,0.0,0.0,0.0,0.0,GazeDirection.CENTER,47.0,67.46499633789062,0.9599999785423279,39.5500602722168
0,1,367,ScenarioState.PENDING,50.0,-382.4255065917969,154.5971221923828,39.204078674316406,39.204078674316406,40.14775947377974,0.07366103678941727,0.9900000095367432,0.0,0.0,0.0,0.0,GazeDirection.CENTER,47.0,67.46499633789062,0.9599999785423279,39.5500602722168
0,1,368,ScenarioState.PENDING,50.0,-382.2975769042969,153.03256225585938,39.2642707824707,39.2642707824707,40.14775947377974,0.0,0.9485909938812256,0.0,0.0,0.0,0.0,GazeDirection.CENTER,47.0,67.46499633789062,0.9599999785423279,39.5500602722168
0,1,369,ScenarioState.PENDING,50.0,-382.1632995605469,151.46597290039062,39.32744216918945,39.32744216918945,40.23902514736609,-0.050660207867622375,0.9796791076660156,0.0,0.0,0.0,0.0,GazeDirection.CENTER,47.0,67.46499633789062,0.9599999785423279,39.5500602722168
0,1,370,ScenarioState.PENDING,50.0,-382.018310546875,149.89846801757812,39.36588668823242,39.36588668823242,40.23902514736609,0.049339793622493744,0.9164274334907532,0.0,0.0,0.0,0.0,GazeDirection.CENTER,47.0,67.46499633789062,0.9599999785423279,39.5500602722168
0,1,371,ScenarioState.PENDING,50.0,-381.8586730957031,148.33135986328125,39.38794708251953,39.38794708251953,40.23902514736609,0.07765954732894897,0.877912700176239,0.0,0.0,0.0,0.0,GazeDirection.CENTER,47.0,67.46499633789062,0.9599999785423279,39.5500602722168
0,1,372,ScenarioState.PENDING,50.0,-381.6873474121094,146.7641143798828,39.42875671386719,39.42875671386719,40.36990191299048,0.019579095765948296,0.9867348074913025,0.0,0.0,0.0,0.0,GazeDirection.CENTER,47.0,67.46499633789062,0.9599999785423279,39.5500602722168
0,1,373,ScenarioState.PENDING,50.0,-381.5023498535156,145.19740295410156,39.44137191772461,39.44137191772461,40.36990191299048,0.10000000149011612,0.9458837509155273,0.0,0.0,0.0,0.0,GazeDirection.CENTER,47.0,67.46499633789062,0.9599999785423279,39.5500602722168
0,1,374,ScenarioState.PENDING,50.0,-381.30462646484375,143.6310272216797,39.484134674072266,39.484134674072266,40.36990191299048,0.0,0.9332541227340698,0.0,0.0,0.0,0.0,GazeDirection.CENTER,47.0,67.46499633789062,0.9599999785423279,39.5500602722168
0,1,375,ScenarioState.PENDING,50.0,-381.0975341796875,142.06385803222656,39.53257369995117,39.53257369995117,40.43082398375107,-0.03146187588572502,0.9514408707618713,0.0,0.0,0.0,0.0,GazeDirection.CENTER,47.0,67.46499633789062,0.9599999785423279,39.5500602722168
0,1,376,ScenarioState.PENDING,50.0,-380.8762512207031,140.49761962890625,39.54616928100586,39.54616928100586,40.43082398375107,0.0685381218791008,0.902941107749939,0.0,0.0,0.0,0.0,GazeDirection.CENTER,47.0,67.46499633789062,0.9599999785423279,39.5500602722168
0,1,377,ScenarioState.PENDING,50.0,-380.63861083984375,138.93341064453125,39.55576705932617,39.55576705932617,40.43082398375107,0.0685381218791008,0.902941107749939,0.0,0.0,0.0,0.0,GazeDirection.CENTER,47.0,67.46499633789062,0.9599999785423279,39.5500602722168
0,1,378,ScenarioState.PENDING,50.0,-380.3876037597656,137.3703155517578,39.58601379394531,39.58601379394531,40.51526811793762,0.012321362271904945,0.96415114402771,0.0,0.0,0.0,0.0,GazeDirection.CENTER,47.0,67.46499633789062,0.9599999785423279,39.5500602722168
0,1,379,ScenarioState.PENDING,50.0,-380.1209411621094,135.80931091308594,39.58456039428711,39.58456039428711,40.51526811793762,0.10000000149011612,0.9338817000389099,0.0,0.0,0.0,0.0,GazeDirection.CENTER,47.0,67.46499633789062,0.9599999785423279,39.5500602722168
0,1,380,ScenarioState.PENDING,50.0,-379.8394470214844,134.25021362304688,39.614864349365234,39.614864349365234,40.51526811793762,0.0,0.9353446364402771,0.0,0.0,0.0,0.0,GazeDirection.CENTER,47.0,67.46499633789062,0.9599999785423279,39.5500602722168
0,1,381,ScenarioState.PENDING,50.0,-379.54547119140625,132.69200134277344,39.648345947265625,39.648345947265625,40.5461624514849,-0.012592124752700329,0.9359641075134277,0.0,0.0,0.0,0.0,GazeDirection.CENTER,47.0,67.46499633789062,0.9599999785423279,39.5500602722168
0,1,382,ScenarioState.PENDING,50.0,-379.2346496582031,131.13682556152344,39.640357971191406,39.640357971191406,40.5461624514849,0.08740787208080292,0.9024404287338257,0.0,0.0,0.0,0.0,GazeDirection.CENTER,47.0,67.46499633789062,0.9599999785423279,39.5500602722168
0,1,383,ScenarioState.PENDING,50.0,-378.9070739746094,129.5849609375,39.65188217163086,39.65188217163086,40.5461624514849,0.037080567330121994,0.9104107618331909,0.0,0.0,0.0,0.0,GazeDirection.CENTER,47.0,67.46499633789062,0.9599999785423279,39.5500602722168
0,1,384,ScenarioState.PENDING,50.0,-378.5647888183594,128.03549194335938,39.672271728515625,39.672271728515625,40.59102433555856,0.009290622547268867,0.943753719329834,0.0,0.0,0.0,0.0,GazeDirection.CENTER,47.0,67.46499633789062,0.9599999785423279,39.5500602722168
0,1,385,ScenarioState.PENDING,50.0,-378.20538330078125,126.48992156982422,39.65858840942383,39.65858840942383,40.59102433555856,0.10000000149011612,0.9233502149581909,0.0,0.0,0.0,0.0,GazeDirection.CENTER,47.0,67.46499633789062,0.9599999785423279,39.5500602722168
0,1,386,ScenarioState.PENDING,50.0,-377.8293151855469,124.94817352294922,39.67494201660156,39.67494201660156,40.59102433555856,0.013136339373886585,0.9370505809783936,0.0,0.0,0.0,0.0,GazeDirection.CENTER,47.0,67.46499633789062,0.9599999785423279,39.5500602722168
0,1,387,ScenarioState.PENDING,50.0,-377.43804931640625,123.40946197509766,39.690895080566406,39.690895080566406,40.60567089577631,0.013136339373886585,0.9370505809783936,0.0,0.0,0.0,0.0,GazeDirection.CENTER,47.0,67.46499633789062,0.9599999785423279,39.5500602722168
0,1,388,ScenarioState.PENDING,50.0,-377.02874755859375,121.87564086914062,39.67304611206055,39.67304611206055,40.60567089577631,0.09785931557416916,0.9193911552429199,0.0,0.0,0.0,0.0,GazeDirection.CENTER,47.0,67.46499633789062,0.9599999785423279,39.5500602722168
0,1,389,ScenarioState.PENDING,50.0,-376.5997619628906,120.34832000732422,39.647342681884766,39.647342681884766,40.60567089577631,0.09785931557416916,0.9193911552429199,0.0,0.0,0.0,0.0,GazeDirection.CENTER,47.0,67.46499633789062,0.9599999785423279,39.5500602722168
0,1,390,ScenarioState.PENDING,50.0,-376.15582275390625,118.82479858398438,39.67700958251953,39.67700958251953,40.617282629919465,-0.06444045901298523,0.9745765924453735,0.0,0.0,0.0,0.0,GazeDirection.CENTER,47.0,67.46499633789062,0.9599999785423279,39.5500602722168
0,1,391,ScenarioState.PENDING,50.0,-375.6964416503906,117.3051528930664,39.68013000488281,39.68013000488281,40.617282629919465,0.03555953875184059,0.9449142217636108,0.0,0.0,0.0,0.0,GazeDirection.CENTER,47.0,67.46499633789062,0.9599999785423279,39.5500602722168
0,1,392,ScenarioState.PENDING,50.0,-375.2196044921875,115.79064178466797,39.692138671875,39.692138671875,40.617282629919465,0.011689181439578533,0.9418134689331055,0.0,0.0,0.0,0.0,GazeDirection.CENTER,47.0,67.46499633789062,0.9599999785423279,39.5500602722168
0,1,393,ScenarioState.PENDING,50.0,-374.7254333496094,114.28136444091797,39.69779968261719,39.69779968261719,40.62297149208647,0.026210777461528778,0.9355061650276184,0.0,0.0,0.0,0.0,GazeDirection.CENTER,47.0,67.46499633789062,0.9599999785423279,39.5500602722168
0,1,394,ScenarioState.PENDING,50.0,-374.2123107910156,112.77906799316406,39.67220687866211,39.67220687866211,40.62297149208647,0.10000000149011612,0.9298381805419922,0.0,0.0,0.0,0.0,GazeDirection.CENTER,47.0,67.46499633789062,0.9599999785423279,39.5500602722168
0,1,395,ScenarioState.PENDING,50.0,-373.6820373535156,111.28280639648438,39.6862907409668,39.6862907409668,40.62297149208647,0.0067342063412070274,0.9554469585418701,0.0,0.0,0.0,0.0,GazeDirection.CENTER,47.0,67.46499633789062,0.9599999785423279,39.5500602722168
0,1,396,ScenarioState.PENDING,50.0,-373.136474609375,109.79115295410156,39.706459045410156,39.706459045410156,40.616610474213374,-0.004705870058387518,0.935001015663147,0.0,0.0,0.0,0.0,GazeDirection.CENTER,47.0,67.46499633789062,0.9599999785423279,39.5500602722168
0,1,397,ScenarioState.PENDING,50.0,-372.57257080078125,108.30679321289062,39.68143844604492,39.68143844604492,40.616610474213374,0.09529413282871246,0.9148224592208862,0.0,0.0,0.0,0.0,GazeDirection.CENTER,47.0,67.46499633789062,0.9599999785423279,39.5500602722168
0,1,398,ScenarioState.PENDING,50.0,-371.9914855957031,106.82919311523438,39.69285583496094,39.69285583496094,40.616610474213374,0.014637778513133526,0.9398532509803772,0.0,0.0,0.0,0.0,GazeDirection.CENTER,47.0,67.46499633789062,0.9599999785423279,39.5500602722168
0,1,399,ScenarioState.PENDING,50.0,-371.39508056640625,105.35697937011719,39.71001434326172,39.71001434326172,40.62402383106944,0.0011657422874122858,0.9358484745025635,0.0,0.0,0.0,0.0,GazeDirection.CENTER,47.0,67.46499633789062,0.9599999785423279,39.5500602722168
0,1,400,ScenarioState.PENDING,50.0,-370.7810974121094,103.89222717285156,39.69042205810547,39.69042205810547,40.62402383106944,0.10000000149011612,0.9186620116233826,0.0,0.0,0.0,0.0,GazeDirection.CENTER,47.0,67.46499633789062,0.9599999785423279,39.5500602722168
0,1,401,ScenarioState.PENDING,50.0,-370.1500549316406,102.43490600585938,39.70003128051758,39.70003128051758,40.62402383106944,0.018911488354206085,0.9382509589195251,0.0,0.0,0.0,0.0,GazeDirection.CENTER,47.0,67.46499633789062,0.9599999785423279,39.5500602722168
0,1,402,ScenarioState.PENDING,50.0,-369.5040283203125,100.98348236083984,39.71736526489258,39.71736526489258,40.63123542340604,0.001725342241115868,0.9358503222465515,0.0,0.0,0.0,0.0,GazeDirection.CENTER,47.0,67.46499633789062,0.9599999785423279,39.5500602722168
0,1,403,ScenarioState.PENDING,50.0,-368.8408203125,99.54000091552734,39.698402404785156,39.698402404785156,40.63123542340604,0.10000000149011612,0.9185078740119934,0.0,0.0,0.0,0.0,GazeDirection.CENTER,47.0,67.46499633789062,0.9599999785423279,39.5500602722168
0,1,404,ScenarioState.PENDING,50.0,-368.1611633300781,98.10432434082031,39.71045684814453,39.71045684814453,40.63123542340604,0.012995719909667969,0.9374745488166809,0.0,0.0,0.0,0.0,GazeDirection.CENTER,47.0,67.46499633789062,0.9599999785423279,39.5500602722168
0,1,405,ScenarioState.PENDING,50.0,-367.4670715332031,96.67473602294922,39.729740142822266,39.729740142822266,40.63764444711819,-0.002523251809179783,0.931817352771759,0.0,0.0,0.0,0.0,GazeDirection.CENTER,47.0,67.46499633789062,0.9599999785423279,39.5500602722168
0,1,406,ScenarioState.PENDING,50.0,-366.7584228515625,95.25146484375,39.748722076416016,39.748722076416016,40.63764444711819,-0.002523251809179783,0.931817352771759,0.0,0.0,0.0,0.0,GazeDirection.CENTER,47.0,67.46499633789062,0.9599999785423279,39.5500602722168
0,1,407,ScenarioState.PENDING,50.0,-366.03326416015625,93.836669921875,39.73720932006836,39.73720932006836,40.63764444711819,0.06671320647001266,0.8935303092002869,0.0,0.0,0.0,0.0,GazeDirection.CENTER,47.0,67.46499633789062,0.9599999785423279,39.5500602722168
0,1,408,ScenarioState.PENDING,50.0,-365.2917785644531,92.43069458007812,39.73360824584961,39.73360824584961,40.67801717221266,0.054617155343294144,0.9454185962677002,0.0,0.0,0.0,0.0,GazeDirection.CENTER,47.0,67.46499633789062,0.9599999785423279,39.5500602722168
0,1,409,ScenarioState.PENDING,50.0,-364.5335388183594,91.03440856933594,39.710601806640625,39.710601806640625,40.67801717221266,0.10000000149011612,0.9490262866020203,0.0,0.0,0.0,0.0,GazeDirection.CENTER,47.0,67.46499633789062,0.9599999785423279,39.5500602722168
0,1,410,ScenarioState.PENDING,50.0,-363.7607421875,89.64585876464844,39.73167037963867,39.73167037963867,40.67801717221266,0.0,0.972059428691864,0.0,0.0,0.0,0.0,GazeDirection.CENTER,47.0,67.46499633789062,0.9599999785423279,39.5500602722168
0,1,411,ScenarioState.PENDING,50.0,-362.9760437011719,88.26228332519531,39.76949691772461,39.76949691772461,40.64743635089622,-0.052786462008953094,0.9204011559486389,0.0,0.0,0.0,0.0,GazeDirection.CENTER,47.0,67.46499633789062,0.9599999785423279,39.5500602722168
0,1,412,ScenarioState.PENDING,50.0,-362.1767883300781,86.88648986816406,39.77080154418945,39.77080154418945,40.64743635089622,0.047213539481163025,0.8825479745864868,0.0,0.0,0.0,0.0,GazeDirection.CENTER,47.0,67.46499633789062,0.9599999785423279,39.5500602722168
0,1,413,ScenarioState.PENDING,50.0,-361.3613586425781,85.52052307128906,39.765663146972656,39.765663146972656,40.64743635089622,0.05485052242875099,0.8812246918678284,0.0,0.0,0.0,0.0,GazeDirection.CENTER,47.0,67.46499633789062,0.9599999785423279,39.5500602722168
0,1,414,ScenarioState.PENDING,50.0,-360.5315246582031,84.16313171386719,39.77329635620117,39.77329635620117,40.695723358812,0.02646770142018795,0.9346487522125244,0.0,0.0,0.0,0.0,GazeDirection.CENTER,47.0,67.46499633789062,0.9599999785423279,39.5500602722168
0,1,415,ScenarioState.PENDING,50.0,-359.6861877441406,82.81578826904297,39.75177764892578,39.75177764892578,40.695723358812,0.10000000149011612,0.9270131587982178,0.0,0.0,0.0,0.0,GazeDirection.CENTER,47.0,67.46499633789062,0.9599999785423279,39.5500602722168
0,1,416,ScenarioState.PENDING,50.0,-358.8269348144531,81.4771499633789,39.7698860168457,39.7698860168457,40.695723358812,0.0,0.9485498666763306,0.0,0.0,0.0,0.0,GazeDirection.CENTER,47.0,67.46499633789062,0.9599999785423279,39.5500602722168
0,1,417,ScenarioState.PENDING,50.0,-357.9564514160156,80.14431762695312,39.80215835571289,39.80215835571289,40.680468872098274,-0.04081394523382187,0.9151978492736816,0.0,0.0,0.0,0.0,GazeDirection.CENTER,47.0,67.46499633789062,0.9599999785423279,39.5500602722168
0,1,418,ScenarioState.PENDING,50.0,-357.0718994140625,78.82041931152344,39.797142028808594,39.797142028808594,40.680468872098274,0.05918605253100395,0.8828942775726318,0.0,0.0,0.0,0.0,GazeDirection.CENTER,47.0,67.46499633789062,0.9599999785423279,39.5500602722168
0,1,419,ScenarioState.PENDING,50.0,-356.172607421875,77.50670623779297,39.79713439941406,39.79713439941406,40.680468872098274,0.04352530464529991,0.8878800272941589,0.0,0.0,0.0,0.0,GazeDirection.CENTER,47.0,67.46499633789062,0.9599999785423279,39.5500602722168
0,1,420,ScenarioState.PENDING,50.0,-355.2603759765625,76.20159912109375,39.80857467651367,39.80857467651367,40.716831459093065,0.01605958119034767,0.9242264032363892,0.0,0.0,0.0,0.0,GazeDirection.CENTER,47.0,67.46499633789062,0.9599999785423279,39.5500602722168
0,1,421,ScenarioState.PENDING,50.0,-354.3355407714844,74.90478515625,39.82073974609375,39.82073974609375,40.716831459093065,0.01605958119034767,0.9242264032363892,0.0,0.0,0.0,0.0,GazeDirection.CENTER,47.0,67.46499633789062,0.9599999785423279,39.5500602722168
0,1,422,ScenarioState.PENDING,50.0,-353.39776611328125,73.61685180664062,39.82840347290039,39.82840347290039,40.716831459093065,0.02917087823152542,0.9006263613700867,0.0,0.0,0.0,0.0,GazeDirection.CENTER,47.0,67.46499633789062,0.9599999785423279,39.5500602722168
0,1,423,ScenarioState.PENDING,50.0,-352.4470520019531,72.33804321289062,39.835838317871094,39.835838317871094,40.73573637616699,0.030608417466282845,0.9118829369544983,0.0,0.0,0.0,0.0,GazeDirection.CENTER,47.0,67.46499633789062,0.9599999785423279,39.5500602722168
0,1,424,ScenarioState.PENDING,50.0,-351.48236083984375,71.07025146484375,39.81564712524414,39.81564712524414,40.73573637616699,0.10000000149011612,0.904433012008667,0.0,0.0,0.0,0.0,GazeDirection.CENTER,47.0,67.46499633789062,0.9599999785423279,39.5500602722168
0,1,425,ScenarioState.PENDING,50.0,-350.50537109375,69.81178283691406,39.83330154418945,39.83330154418945,40.73573637616699,0.0,0.9246230125427246,0.0,0.0,0.0,0.0,GazeDirection.CENTER,47.0,67.46499633789062,0.9599999785423279,39.5500602722168
0,1,426,ScenarioState.PENDING,50.0,-349.5185546875,68.55957794189453,39.86293029785156,39.86293029785156,40.73165662202007,-0.03835734352469444,0.9028660655021667,0.0,0.0,0.0,0.0,GazeDirection.CENTER,47.0,67.46499633789062,0.9599999785423279,39.5500602722168
0,1,427,ScenarioState.PENDING,50.0,-348.51910400390625,67.31707763671875,39.85662841796875,39.85662841796875,40.73165662202007,0.06164265796542168,0.8732163906097412,0.0,0.0,0.0,0.0,GazeDirection.CENTER,47.0,67.46499633789062,0.9599999785423279,39.5500602722168
0,1,428,ScenarioState.PENDING,50.0,-347.506591796875,66.08543395996094,39.85686492919922,39.85686492919922,40.73165662202007,0.04163827747106552,0.8795166015625,0.0,0.0,0.0,0.0,GazeDirection.CENTER,47.0,67.46499633789062,0.9599999785423279,39.5500602722168
0,1,429,ScenarioState.PENDING,50.0,-346.4826965332031,64.86284637451172,39.86823272705078,39.86823272705078,40.7644701848387,0.012660820037126541,0.9121057987213135,0.0,0.0,0.0,0.0,GazeDirection.CENTER,47.0,67.46499633789062,0.9599999785423279,39.5500602722168
0,1,430,ScenarioState.PENDING,50.0,-345.4476623535156,63.64903259277344,39.880001068115234,39.880001068115234,40.7644701848387,0.012660820037126541,0.9121057987213135,0.0,0.0,0.0,0.0,GazeDirection.CENTER,47.0,67.46499633789062,0.9599999785423279,39.5500602722168
0,1,431,ScenarioState.PENDING,50.0,-344.40093994140625,62.44490432739258,39.88442611694336,39.88442611694336,40.7644701848387,0.03307192772626877,0.8889460563659668,0.0,0.0,0.0,0.0,GazeDirection.CENTER,47.0,67.46499633789062,0.9599999785423279,39.5500602722168
0,1,432,ScenarioState.PENDING,50.0,-343.3426513671875,61.25071334838867,39.88959503173828,39.88959503173828,40.78317405740865,0.0320897102355957,0.9032261967658997,0.0,0.0,0.0,0.0,GazeDirection.CENTER,47.0,67.46499633789062,0.9599999785423279,39.5500602722168
0,1,433,ScenarioState.PENDING,50.0,-342.2718200683594,60.068382263183594,39.86821746826172,39.86821746826172,40.78317405740865,0.10000000149011612,0.8980503678321838,0.0,0.0,0.0,0.0,GazeDirection.CENTER,47.0,67.46499633789062,0.9599999785423279,39.5500602722168
0,1,434,ScenarioState.PENDING,50.0,-341.18994140625,58.89607620239258,39.88376998901367,39.88376998901367,40.78317405740865,0.0,0.9194355010986328,0.0,0.0,0.0,0.0,GazeDirection.CENTER,47.0,67.46499633789062,0.9599999785423279,39.5500602722168
0,1,435,ScenarioState.PENDING,50.0,-340.0992431640625,57.73048782348633,39.9114990234375,39.9114990234375,40.773746115134884,-0.04230291023850441,0.8944399952888489,0.0,0.0,0.0,0.0,GazeDirection.CENTER,47.0,67.46499633789062,0.9599999785423279,39.5500602722168
0,1,436,ScenarioState.PENDING,50.0,-338.9973449707031,56.57522964477539,39.9051628112793,39.9051628112793,40.773746115134884,0.05769709125161171,0.8666929006576538,0.0,0.0,0.0,0.0,GazeDirection.CENTER,47.0,67.46499633789062,0.9599999785423279,39.5500602722168
0,1,437,ScenarioState.PENDING,50.0,-337.88348388671875,55.431884765625,39.901248931884766,39.901248931884766,40.773746115134884,0.04682125896215439,0.8730289936065674,0.0,0.0,0.0,0.0,GazeDirection.CENTER,47.0,67.46499633789062,0.9599999785423279,39.5500602722168
0,1,438,ScenarioState.PENDING,50.0,-336.7591247558594,54.29853057861328,39.909912109375,39.909912109375,40.803299589755085,0.014566857367753983,0.9065098762512207,0.0,0.0,0.0,0.0,GazeDirection.CENTER,47.0,67.46499633789062,0.9599999785423279,39.5500602722168
0,1,439,ScenarioState.PENDING,50.0,-335.62347412109375,53.177127838134766,39.88886260986328,39.88886260986328,40.803299589755085,0.10000000149011612,0.8978396058082581,0.0,0.0,0.0,0.0,GazeDirection.CENTER,47.0,67.46499633789062,0.9599999785423279,39.5500602722168
0,1,440,ScenarioState.PENDING,50.0,-334.47723388671875,52.06659698486328,39.90167236328125,39.90167236328125,40.803299589755085,0.0,0.9188982248306274,0.0,0.0,0.0,0.0,GazeDirection.CENTER,47.0,67.46499633789062,0.9599999785423279,39.5500602722168
0,1,441,ScenarioState.PENDING,50.0,-333.32232666015625,50.96364212036133,39.92578125,39.92578125,40.79026201240852,-0.03380294144153595,0.8930529356002808,0.0,0.0,0.0,0.0,GazeDirection.CENTER,47.0,67.46499633789062,0.9599999785423279,39.5500602722168
0,1,442,ScenarioState.PENDING,50.0,-332.1567077636719,49.87209701538086,39.914371490478516,39.914371490478516,40.79026201240852,0.06619706004858017,0.8689268827438354,0.0,0.0,0.0,0.0,GazeDirection.CENTER,47.0,67.46499633789062,0.9599999785423279,39.5500602722168
0,1,443,ScenarioState.PENDING,50.0,-330.97998046875,48.79293441772461,39.9124755859375,39.9124755859375,40.79026201240852,0.03968529775738716,0.8803278207778931,0.0,0.0,0.0,0.0,GazeDirection.CENTER,47.0,67.46499633789062,0.9599999785423279,39.5500602722168
0,1,444,ScenarioState.PENDING,50.0,-329.7935485839844,47.72404861450195,39.921958923339844,39.921958923339844,40.810660917224055,0.009639513678848743,0.9026142358779907,0.0,0.0,0.0,0.0,GazeDirection.CENTER,47.0,67.46499633789062,0.9599999785423279,39.5500602722168
0,1,445,ScenarioState.PENDING,50.0,-328.596435546875,46.66767883300781,39.90078353881836,39.90078353881836,40.810660917224055,0.10000000149011612,0.8931302428245544,0.0,0.0,0.0,0.0,GazeDirection.CENTER,47.0,67.46499633789062,0.9599999785423279,39.5500602722168
0,1,446,ScenarioState.PENDING,50.0,-327.38934326171875,45.62287521362305,39.912376403808594,39.912376403808594,40.810660917224055,0.0,0.914329469203949,0.0,0.0,0.0,0.0,GazeDirection.CENTER,47.0,67.46499633789062,0.9599999785423279,39.5500602722168
0,1,447,ScenarioState.PENDING,50.0,-326.17327880859375,44.58762741088867,39.92618942260742,39.92618942260742,40.79979641238464,0.0,0.914329469203949,0.0,0.0,0.0,0.0,GazeDirection.CENTER,47.0,67.46499633789062,0.9599999785423279,39.5500602722168
0,1,448,ScenarioState.PENDING,50.0,-324.94781494140625,43.56257247924805,39.940460205078125,39.940460205078125,40.79979641238464,0.0,0.914329469203949,0.0,0.0,0.0,0.0,GazeDirection.CENTER,47.0,67.46499633789062,0.9599999785423279,39.5500602722168
0,1,449,ScenarioState.PENDING,50.0,-323.7122802734375,42.54954528808594,39.93838882446289,39.93838882446289,40.79979641238464,0.045563437044620514,0.8637664914131165,0.0,0.0,0.0,0.0,GazeDirection.CENTER,47.0,67.46499633789062,0.9599999785423279,39.5500602722168
0,1,450,ScenarioState.PENDING,50.0,-322.4666748046875,41.549156188964844,39.93610763549805,39.93610763549805,40.8315157099316,0.04388273134827614,0.8975464701652527,0.0,0.0,0.0,0.0,GazeDirection.CENTER,47.0,67.46499633789062,0.9599999785423279,39.5500602722168
0,1,451,ScenarioState.PENDING,50.0,-321.2106628417969,40.56294250488281,39.911033630371094,39.911033630371094,40.8315157099316,0.10000000149011612,0.8998311161994934,0.0,0.0,0.0,0.0,GazeDirection.CENTER,47.0,67.46499633789062,0.9599999785423279,39.5500602722168
0,1,452,ScenarioState.PENDING,50.0,-319.9455261230469,39.58851623535156,39.92433166503906,39.92433166503906,40.8315157099316,0.0,0.9249330759048462,0.0,0.0,0.0,0.0,GazeDirection.CENTER,47.0,67.46499633789062,0.9599999785423279,39.5500602722168
0,1,453,ScenarioState.PENDING,50.0,-318.6728515625,38.622215270996094,39.95122528076172,39.95122528076172,40.807991862588416,-0.04921901598572731,0.8881151080131531,0.0,0.0,0.0,0.0,GazeDirection.CENTER,47.0,67.46499633789062,0.9599999785423279,39.5500602722168
0,1,454,ScenarioState.PENDING,50.0,-317.3909606933594,37.667869567871094,39.945064544677734,39.945064544677734,40.807991862588416,0.05078098177909851,0.861200749874115,0.0,0.0,0.0,0.0,GazeDirection.CENTER,47.0,67.46499633789062,0.9599999785423279,39.5500602722168
0,1,455,ScenarioState.PENDING,50.0,-316.0990905761719,36.727874755859375,39.93435287475586,39.93435287475586,40.807991862588416,0.05557022616267204,0.8673486113548279,0.0,0.0,0.0,0.0,GazeDirection.CENTER,47.0,67.46499633789062,0.9599999785423279,39.5500602722168
0,1,456,ScenarioState.PENDING,50.0,-314.7984619140625,35.80015182495117,39.93830108642578,39.93830108642578,40.83519226804362,0.02038303203880787,0.9052561521530151,0.0,0.0,0.0,0.0,GazeDirection.CENTER,47.0,67.46499633789062,0.9599999785423279,39.5500602722168
0,1,457,ScenarioState.PENDING,50.0,-313.4884338378906,34.8865966796875,39.9134407043457,39.9134407043457,40.83519226804362,0.10000000149011612,0.9013127088546753,0.0,0.0,0.0,0.0,GazeDirection.CENTER,47.0,67.46499633789062,0.9599999785423279,39.5500602722168
0,1,458,ScenarioState.PENDING,50.0,-312.1698303222656,33.98577117919922,39.92426300048828,39.92426300048828,40.83519226804362,0.0,0.9261971712112427,0.0,0.0,0.0,0.0,GazeDirection.CENTER,47.0,67.46499633789062,0.9599999785423279,39.5500602722168
0,1,459,ScenarioState.PENDING,50.0,-310.8439636230469,33.09403610229492,39.94786071777344,39.94786071777344,40.809917582611696,-0.038458071649074554,0.890113353729248,0.0,0.0,0.0,0.0,GazeDirection.CENTER,47.0,67.46499633789062,0.9599999785423279,39.5500602722168
0,1,460,ScenarioState.PENDING,50.0,-309.50927734375,32.215511322021484,39.93607711791992,39.93607711791992,40.809917582611696,0.061541926115751266,0.8665000796318054,0.0,0.0,0.0,0.0,GazeDirection.CENTER,47.0,67.46499633789062,0.9599999785423279,39.5500602722168
0,1,461,ScenarioState.PENDING,50.0,-308.1656188964844,31.351661682128906,39.929107666015625,39.929107666015625,40.809917582611696,0.0460035502910614,0.8782728910446167,0.0,0.0,0.0,0.0,GazeDirection.CENTER,47.0,67.46499633789062,0.9599999785423279,39.5500602722168
0,1,462,ScenarioState.PENDING,50.0,-306.81390380859375,30.50026512145996,39.93504333496094,39.93504333496094,40.82801184876234,0.014094020240008831,0.9033258557319641,0.0,0.0,0.0,0.0,GazeDirection.CENTER,47.0,67.46499633789062,0.9599999785423279,39.5500602722168
0,1,463,ScenarioState.PENDING,50.0,-305.4537048339844,29.66351318359375,39.91077423095703,39.91077423095703,40.82801184876234,0.10000000149011612,0.8973948359489441,0.0,0.0,0.0,0.0,GazeDirection.CENTER,47.0,67.46499633789062,0.9599999785423279,39.5500602722168
0,1,464,ScenarioState.PENDING,50.0,-304.08551025390625,28.84016990661621,39.92092514038086,39.92092514038086,40.82801184876234,0.0,0.9216941595077515,0.0,0.0,0.0,0.0,GazeDirection.CENTER,47.0,67.46499633789062,0.9599999785423279,39.5500602722168
0,1,465,ScenarioState.PENDING,50.0,-302.71038818359375,28.0268497467041,39.94173049926758,39.94173049926758,40.80778521768098,-0.028617313131690025,0.8913285732269287,0.0,0.0,0.0,0.0,GazeDirection.CENTER,47.0,67.46499633789062,0.9599999785423279,39.5500602722168
0,1,466,ScenarioState.PENDING,50.0,-301.32708740234375,27.227800369262695,39.925384521484375,39.925384521484375,40.80778521768098,0.07138268649578094,0.8705058097839355,0.0,0.0,0.0,0.0,GazeDirection.CENTER,47.0,67.46499633789062,0.9599999785423279,39.5500602722168
0,1,467,ScenarioState.PENDING,50.0,-299.9358215332031,26.443552017211914,39.92338562011719,39.92338562011719,40.80778521768098,0.03442174568772316,0.8868445754051208,0.0,0.0,0.0,0.0,GazeDirection.CENTER,47.0,67.46499633789062,0.9599999785423279,39.5500602722168
0,1,468,ScenarioState.PENDING,50.0,-298.53729248046875,25.671865463256836,39.9312629699707,39.9312629699707,40.819466146127844,0.0086130416020751,0.9005115628242493,0.0,0.0,0.0,0.0,GazeDirection.CENTER,47.0,67.46499633789062,0.9599999785423279,39.5500602722168
0,1,469,ScenarioState.PENDING,50.0,-297.131591796875,24.912553787231445,39.939239501953125,39.939239501953125,40.819466146127844,0.0086130416020751,0.9005115628242493,0.0,0.0,0.0,0.0,GazeDirection.CENTER,47.0,67.46499633789062,0.9599999785423279,39.5500602722168
0,1,470,ScenarioState.PENDING,50.0,-295.7184753417969,24.16737174987793,39.933448791503906,39.933448791503906,40.819466146127844,0.04472231864929199,0.8846680521965027,0.0,0.0,0.0,0.0,GazeDirection.CENTER,47.0,67.46499633789062,0.9599999785423279,39.5500602722168
0,1,471,ScenarioState.PENDING,50.0,-294.2980651855469,23.43648910522461,39.931331634521484,39.931331634521484,40.83053753004365,0.03831734135746956,0.9015417695045471,0.0,0.0,0.0,0.0,GazeDirection.CENTER,47.0,67.46499633789062,0.9599999785423279,39.5500602722168
0,1,472,ScenarioState.PENDING,50.0,-292.8702697753906,22.721717834472656,39.9046745300293,39.9046745300293,40.83053753004365,0.10000000149011612,0.9036590456962585,0.0,0.0,0.0,0.0,GazeDirection.CENTER,47.0,67.46499633789062,0.9599999785423279,39.5500602722168
0,1,473,ScenarioState.PENDING,50.0,-291.4357604980469,22.020721435546875,39.91654586791992,39.91654586791992,40.83053753004365,0.0,0.930332601070404,0.0,0.0,0.0,0.0,GazeDirection.CENTER,47.0,67.46499633789062,0.9599999785423279,39.5500602722168
0,1,474,ScenarioState.PENDING,50.0,-289.99530029296875,21.3297119140625,39.94192123413086,39.94192123413086,40.80290820670337,-0.04398536682128906,0.8908165097236633,0.0,0.0,0.0,0.0,GazeDirection.CENTER,47.0,67.46499633789062,0.9599999785423279,39.5500602722168
0,1,475,ScenarioState.PENDING,50.0,-288.54803466796875,20.652910232543945,39.93247985839844,39.93247985839844,40.80290820670337,0.05601463094353676,0.8654282093048096,0.0,0.0,0.0,0.0,GazeDirection.CENTER,47.0,67.46499633789062,0.9599999785423279,39.5500602722168
0,1,476,ScenarioState.PENDING,50.0,-287.0938415527344,19.992313385009766,39.92311477661133,39.92311477661133,40.80290820670337,0.05058833584189415,0.8748717904090881,0.0,0.0,0.0,0.0,GazeDirection.CENTER,47.0,67.46499633789062,0.9599999785423279,39.5500602722168
0,1,477,ScenarioState.PENDING,50.0,-285.6331787109375,19.347097396850586,39.91342544555664,39.91342544555664,40.8251364446178,0.05058833584189415,0.8748717904090881,0.0,0.0,0.0,0.0,GazeDirection.CENTER,47.0,67.46499633789062,0.9599999785423279,39.5500602722168
0,1,478,ScenarioState.PENDING,50.0,-284.1661071777344,18.719026565551758,39.88169479370117,39.88169479370117,40.8251364446178,0.10000000149011612,0.9161720275878906,0.0,0.0,0.0,0.0,GazeDirection.CENTER,47.0,67.46499633789062,0.9599999785423279,39.5500602722168
0,1,479,ScenarioState.PENDING,50.0,-282.693115234375,18.10548973083496,39.89073181152344,39.89073181152344,40.8251364446178,0.0,0.9479303359985352,0.0,0.0,0.0,0.0,GazeDirection.CENTER,47.0,67.46499633789062,0.9599999785423279,39.5500602722168
0,1,480,ScenarioState.PENDING,50.0,-281.21490478515625,17.501890182495117,39.91924285888672,39.91924285888672,40.784528204337306,-0.08203089237213135,0.898291826248169,0.0,0.0,0.0,0.0,GazeDirection.CENTER,47.0,67.46499633789062,0.9599999785423279,39.5500602722168
0,1,481,ScenarioState.PENDING,50.0,-279.7320556640625,16.90684700012207,39.947872161865234,39.947872161865234,40.784528204337306,-0.08203089237213135,0.898291826248169,0.0,0.0,0.0,0.0,GazeDirection.CENTER,47.0,67.46499633789062,0.9599999785423279,39.5500602722168
0,1,482,ScenarioState.PENDING,50.0,-278.2433776855469,16.32668113708496,39.92851257324219,39.92851257324219,40.784528204337306,0.10000000149011612,0.8411043286323547,0.0,0.0,0.0,0.0,GazeDirection.CENTER,47.0,67.46499633789062,0.9599999785423279,39.5500602722168
0,1,483,ScenarioState.PENDING,50.0,-276.7489929199219,15.765483856201172,39.8983154296875,39.8983154296875,40.83743862015942,0.10000000149011612,0.9133658409118652,0.0,0.0,0.0,0.0,GazeDirection.CENTER,47.0,67.46499633789062,0.9599999785423279,39.5500602722168
0,1,484,ScenarioState.PENDING,50.0,-275.24945068359375,15.221122741699219,39.87485885620117,39.87485885620117,40.83743862015942,0.10000000149011612,0.9435893893241882,0.0,0.0,0.0,0.0,GazeDirection.CENTER,47.0,67.46499633789062,0.9599999785423279,39.5500602722168
0,1,485,ScenarioState.PENDING,50.0,-273.7449645996094,14.690546989440918,39.883846282958984,39.883846282958984,40.83743862015942,0.037727806717157364,0.967096745967865,0.0,0.0,0.0,0.0,GazeDirection.CENTER,47.0,67.46499633789062,0.9599999785423279,39.5500602722168
0,1,486,ScenarioState.PENDING,50.0,-272.23553466796875,14.171566009521484,39.907630920410156,39.907630920410156,40.779060801272294,-0.0005417604115791619,0.899743914604187,0.0,0.0,0.0,0.0,GazeDirection.CENTER,47.0,67.46499633789062,0.9599999785423279,39.5500602722168
0,1,487,ScenarioState.PENDING,50.0,-270.7208251953125,13.668471336364746,39.88908004760742,39.88908004760742,40.779060801272294,0.0994582399725914,0.8759439587593079,0.0,0.0,0.0,0.0,GazeDirection.CENTER,47.0,67.46499633789062,0.9599999785423279,39.5500602722168
0,1,488,ScenarioState.PENDING,50.0,-269.20123291015625,13.179919242858887,39.90558624267578,39.90558624267578,40.779060801272294,-0.0005417604115791619,0.8944839835166931,0.0,0.0,0.0,0.0,GazeDirection.CENTER,47.0,67.46499633789062,0.9599999785423279,39.5500602722168
0,1,489,ScenarioState.PENDING,50.0,-267.6770935058594,12.702619552612305,39.928688049316406,39.928688049316406,40.7904370341262,-0.02603069879114628,0.8893247246742249,0.0,0.0,0.0,0.0,GazeDirection.CENTER,47.0,67.46499633789062,0.9599999785423279,39.5500602722168
0,1,490,ScenarioState.PENDING,50.0,-266.1482238769531,12.241177558898926,39.913169860839844,39.913169860839844,40.7904370341262,0.07396930456161499,0.8662068843841553,0.0,0.0,0.0,0.0,GazeDirection.CENTER,47.0,67.46499633789062,0.9599999785423279,39.5500602722168
0,1,491,ScenarioState.PENDING,50.0,-264.6148681640625,11.796039581298828,39.91211700439453,39.91211700439453,40.7904370341262,0.0341840498149395,0.8817310333251953,0.0,0.0,0.0,0.0,GazeDirection.CENTER,47.0,67.46499633789062,0.9599999785423279,39.5500602722168
0,1,492,ScenarioState.PENDING,50.0,-263.0772399902344,11.364943504333496,39.91980743408203,39.91980743408203,40.80969995588375,0.008964567445218563,0.902077317237854,0.0,0.0,0.0,0.0,GazeDirection.CENTER,47.0,67.46499633789062,0.9599999785423279,39.5500602722168
0,1,493,ScenarioState.PENDING,50.0,-261.5355529785156,10.95054817199707,39.89542770385742,39.89542770385742,40.80969995588375,0.10000000149011612,0.8943773508071899,0.0,0.0,0.0,0.0,GazeDirection.CENTER,47.0,67.46499633789062,0.9599999785423279,39.5500602722168
0,1,494,ScenarioState.PENDING,50.0,-259.9899597167969,10.551741600036621,39.90435791015625,39.90435791015625,40.80969995588375,0.0,0.918744683265686,0.0,0.0,0.0,0.0,GazeDirection.CENTER,47.0,67.46499633789062,0.9599999785423279,39.5500602722168
0,1,495,ScenarioState.PENDING,50.0,-258.44049072265625,10.165549278259277,39.920623779296875,39.920623779296875,40.795514380391076,-0.01657785288989544,0.8955931663513184,0.0,0.0,0.0,0.0,GazeDirection.CENTER,47.0,67.46499633789062,0.9599999785423279,39.5500602722168
0,1,496,ScenarioState.PENDING,50.0,-256.8873291015625,9.79641342163086,39.897274017333984,39.897274017333984,40.795514380391076,0.08342214673757553,0.8793171644210815,0.0,0.0,0.0,0.0,GazeDirection.CENTER,47.0,67.46499633789062,0.9599999785423279,39.5500602722168
0,1,497,ScenarioState.PENDING,50.0,-255.33065795898438,9.44369888305664,39.89951705932617,39.89951705932617,40.795514380391076,0.021767310798168182,0.9026802778244019,0.0,0.0,0.0,0.0,GazeDirection.CENTER,47.0,67.46499633789062,0.9599999785423279,39.5500602722168
0,1,498,ScenarioState.PENDING,50.0,-253.77052307128906,9.105191230773926,39.908573150634766,39.908573150634766,40.796989959861904,0.0031387147027999163,0.9019165635108948,0.0,0.0,0.0,0.0,GazeDirection.CENTER,47.0,67.46499633789062,0.9599999785423279,39.5500602722168
0,1,499,ScenarioState.PENDING,50.0,-252.2071990966797,8.783798217773438,39.884342193603516,39.884342193603516,40.796989959861904,0.10000000149011612,0.8928622603416443,0.0,0.0,0.0,0.0,GazeDirection.CENTER,47.0,67.46499633789062,0.9599999785423279,39.5500602722168
0,1,500,ScenarioState.PENDING,50.0,-250.64093017578125,8.478759765625,39.890811920166016,39.890811920166016,40.796989959861904,0.007728404365479946,0.9171186685562134,0.0,0.0,0.0,0.0,GazeDirection.CENTER,47.0,67.46499633789062,0.9599999785423279,39.5500602722168
0,1,501,ScenarioState.PENDING,50.0,-249.071533203125,8.18714714050293,39.90547561645508,39.90547561645508,40.78664492880634,-0.01083677913993597,0.9003131985664368,0.0,0.0,0.0,0.0,GazeDirection.CENTER,47.0,67.46499633789062,0.9599999785423279,39.5500602722168
0,1,502,ScenarioState.PENDING,50.0,-247.49945068359375,7.913130760192871,39.8797607421875,39.8797607421875,40.78664492880634,0.08916322141885757,0.88564133644104,0.0,0.0,0.0,0.0,GazeDirection.CENTER,47.0,67.46499633789062,0.9599999785423279,39.5500602722168
0,1,503,ScenarioState.PENDING,50.0,-245.9248809814453,7.655435085296631,39.8864631652832,39.8864631652832,40.78664492880634,0.010909381322562695,0.9113646745681763,0.0,0.0,0.0,0.0,GazeDirection.CENTER,47.0,67.46499633789062,0.9599999785423279,39.5500602722168
0,1,504,ScenarioState.PENDING,50.0,-244.34759521484375,7.411789894104004,39.898277282714844,39.898277282714844,40.782980599639984,-0.002185292774811387,0.9009890556335449,0.0,0.0,0.0,0.0,GazeDirection.CENTER,47.0,67.46499633789062,0.9599999785423279,39.5500602722168
0,1,505,ScenarioState.PENDING,50.0,-242.7682342529297,7.186196327209473,39.868804931640625,39.868804931640625,40.782980599639984,0.09781470894813538,0.8891717195510864,0.0,0.0,0.0,0.0,GazeDirection.CENTER,47.0,67.46499633789062,0.9599999785423279,39.5500602722168
0,1,506,ScenarioState.PENDING,50.0,-241.18690490722656,6.976737976074219,39.87889862060547,39.87889862060547,40.782980599639984,-0.002185292774811387,0.9186636805534363,0.0,0.0,0.0,0.0,GazeDirection.CENTER,47.0,67.46499633789062,0.9599999785423279,39.5500602722168
0,1,507,ScenarioState.PENDING,50.0,-239.60313415527344,6.779919147491455,39.898860931396484,39.898860931396484,40.7742165254676,-0.026617927476763725,0.8998044729232788,0.0,0.0,0.0,0.0,GazeDirection.CENTER,47.0,67.46499633789062,0.9599999785423279,39.5500602722168
0,1,508,ScenarioState.PENDING,50.0,-238.01727294921875,6.5983452796936035,39.90049362182617,39.90049362182617,40.7742165254676,0.022762684151530266,0.879831075668335,0.0,0.0,0.0,0.0,GazeDirection.CENTER,47.0,67.46499633789062,0.9599999785423279,39.5500602722168
0,1,509,ScenarioState.PENDING,50.0,-236.4297332763672,6.43308162689209,39.89897155761719,39.89897155761719,40.7742165254676,0.03258340805768967,0.8781910538673401,0.0,0.0,0.0,0.0,GazeDirection.CENTER,47.0,67.46499633789062,0.9599999785423279,39.5500602722168
0,1,510,ScenarioState.PENDING,50.0,-234.84063720703125,6.2832841873168945,39.90127182006836,39.90127182006836,40.799565208348746,0.025860372930765152,0.9050557613372803,0.0,0.0,0.0,0.0,GazeDirection.CENTER,47.0,67.46499633789062,0.9599999785423279,39.5500602722168
0,1,511,ScenarioState.PENDING,50.0,-233.249755859375,6.144505977630615,39.928794860839844,39.928794860839844,40.799565208348746,-0.059456635266542435,0.9027567505836487,0.0,0.0,0.0,0.0,GazeDirection.CENTER,47.0,67.46499633789062,0.9599999785423279,39.5500602722168
0,1,512,ScenarioState.PENDING,50.0,-231.65737915039062,6.019309043884277,39.92912292480469,39.92912292480469,40.799565208348746,0.040543362498283386,0.8752285242080688,0.0,0.0,0.0,0.0,GazeDirection.CENTER,47.0,67.46499633789062,0.9599999785423279,39.5500602722168
0,1,513,ScenarioState.PENDING,50.0,-230.0642852783203,5.9113898277282715,39.91122817993164,39.91122817993164,40.82219094432336,0.08667812496423721,0.8975192904472351,0.0,0.0,0.0,0.0,GazeDirection.CENTER,47.0,67.46499633789062,0.9599999785423279,39.5500602722168
0,1,514,ScenarioState.PENDING,50.0,-228.47010803222656,5.816332817077637,39.93183517456055,39.93183517456055,40.82219094432336,-0.013321875594556332,0.9154212474822998,0.0,0.0,0.0,0.0,GazeDirection.CENTER,47.0,67.46499633789062,0.9599999785423279,39.5500602722168
0,1,515,ScenarioState.PENDING,50.0,-226.8743438720703,5.731388568878174,39.9561653137207,39.9561653137207,40.82219094432336,-0.01770361326634884,0.894817054271698,0.0,0.0,0.0,0.0,GazeDirection.CENTER,47.0,67.46499633789062,0.9599999785423279,39.5500602722168
0,1,516,ScenarioState.PENDING,50.0,-225.27737426757812,5.659213542938232,39.965850830078125,39.965850830078125,40.82462214646846,0.029474608600139618,0.8728953003883362,0.0,0.0,0.0,0.0,GazeDirection.CENTER,47.0,67.46499633789062,0.9599999785423279,39.5500602722168
0,1,517,ScenarioState.PENDING,50.0,-223.67909240722656,5.595559120178223,39.996543884277344,39.996543884277344,40.82462214646846,-0.0705253928899765,0.8631914854049683,0.0,0.0,0.0,0.0,GazeDirection.CENTER,47.0,67.46499633789062,0.9599999785423279,39.5500602722168
0,1,518,ScenarioState.PENDING,50.0,-222.07977294921875,5.541991233825684,40.0067253112793,40.0067253112793,40.82462214646846,0.029474608600139618,0.8324748277664185,0.0,0.0,0.0,0.0,GazeDirection.CENTER,47.0,67.46499633789062,0.9599999785423279,39.5500602722168
0,1,519,ScenarioState.PENDING,50.0,-220.48036193847656,5.502967357635498,39.992366790771484,39.992366790771484,40.87630782055564,0.10000000149011612,0.87397700548172,0.0,0.0,0.0,0.0,GazeDirection.CENTER,47.0,67.46499633789062,0.9599999785423279,39.5500602722168
0,1,520,ScenarioState.PENDING,50.0,-218.88047790527344,5.474642753601074,40.01106643676758,40.01106643676758,40.87630782055564,0.0,0.8883271813392639,0.0,0.0,0.0,0.0,GazeDirection.CENTER,47.0,67.46499633789062,0.9599999785423279,39.5500602722168
0,1,521,ScenarioState.PENDING,50.0,-217.27944946289062,5.452005386352539,40.03812026977539,40.03812026977539,40.87630782055564,-0.04312443733215332,0.8696110248565674,0.0,0.0,0.0,0.0,GazeDirection.CENTER,47.0,67.46499633789062,0.9599999785423279,39.5500602722168
0,1,522,ScenarioState.PENDING,50.0,-215.6775360107422,5.437635898590088,40.05437088012695,40.05437088012695,40.88789858031188,0.012750179506838322,0.8541374206542969,0.0,0.0,0.0,0.0,GazeDirection.CENTER,47.0,67.46499633789062,0.9599999785423279,39.5500602722168
0,1,523,ScenarioState.PENDING,50.0,-214.07473754882812,5.42746639251709,40.07710266113281,40.07710266113281,40.88789858031188,-0.08724982291460037,0.8378570675849915,0.0,0.0,0.0,0.0,GazeDirection.CENTER,47.0,67.46499633789062,0.9599999785423279,39.5500602722168
0,1,524,ScenarioState.PENDING,50.0,-212.47122192382812,5.422938823699951,40.09268569946289,40.09268569946289,40.88789858031188,0.012750179506838322,0.815075159072876,0.0,0.0,0.0,0.0,GazeDirection.CENTER,47.0,67.46499633789062,0.9599999785423279,39.5500602722168
0,1,525,ScenarioState.PENDING,50.0,-210.86769104003906,5.42888069152832,40.08624267578125,40.08624267578125,40.940566447663706,0.10000000149011612,0.8521387577056885,0.0,0.0,0.0,0.0,GazeDirection.CENTER,47.0,67.46499633789062,0.9599999785423279,39.5500602722168
0,1,526,ScenarioState.PENDING,50.0,-209.263916015625,5.441794395446777,40.103763580322266,40.103763580322266,40.940566447663706,0.0,0.8585747480392456,0.0,0.0,0.0,0.0,GazeDirection.CENTER,47.0,67.46499633789062,0.9599999785423279,39.5500602722168
0,1,527,ScenarioState.PENDING,50.0,-207.65939331054688,5.4582109451293945,40.122623443603516,40.122623443603516,40.940566447663706,-0.0032112370245158672,0.8410428166389465,0.0,0.0,0.0,0.0,GazeDirection.CENTER,47.0,67.46499633789062,0.9599999785423279,39.5500602722168
0,1,528,ScenarioState.PENDING,50.0,-206.05419921875,5.479222297668457,40.1389045715332,40.1389045715332,40.961810994946845,0.008975790813565254,0.8434330821037292,0.0,0.0,0.0,0.0,GazeDirection.CENTER,47.0,67.46499633789062,0.9599999785423279,39.5500602722168
0,1,529,ScenarioState.PENDING,50.0,-204.44847106933594,5.500059604644775,40.14967727661133,40.14967727661133,40.961810994946845,-0.09102421253919601,0.8271285891532898,0.0,0.0,0.0,0.0,GazeDirection.CENTER,47.0,67.46499633789062,0.9599999785423279,39.5500602722168
0,1,530,ScenarioState.PENDING,50.0,-202.84237670898438,5.517911434173584,40.15776062011719,40.15776062011719,40.961810994946845,-0.09102421253919601,0.8271285891532898,0.0,0.0,0.0,0.0,GazeDirection.CENTER,47.0,67.46499633789062,0.9599999785423279,39.5500602722168
0,1,531,ScenarioState.PENDING,50.0,-201.236083984375,5.539234638214111,40.16033935546875,40.16033935546875,40.99837245854936,0.10000000149011612,0.8447858095169067,0.0,0.0,0.0,0.0,GazeDirection.CENTER,47.0,67.46499633789062,0.9599999785423279,39.5500602722168
0,1,532,ScenarioState.PENDING,50.0,-199.62977600097656,5.567320823669434,40.16744613647461,40.16744613647461,40.99837245854936,0.06334955245256424,0.8422012329101562,0.0,0.0,0.0,0.0,GazeDirection.CENTER,47.0,67.46499633789062,0.9599999785423279,39.5500602722168
0,1,533,ScenarioState.PENDING,50.0,-198.02337646484375,5.600127220153809,40.171504974365234,40.171504974365234,40.99837245854936,0.08141613006591797,0.8350931406021118,0.0,0.0,0.0,0.0,GazeDirection.CENTER,47.0,67.46499633789062,0.9599999785423279,39.5500602722168
0,1,534,ScenarioState.PENDING,50.0,-196.41647338867188,5.633065700531006,40.186702728271484,40.186702728271484,41.01251161585902,-0.018583869561553,0.845188558101654,0.0,0.0,0.0,0.0,GazeDirection.CENTER,47.0,67.46499633789062,0.9599999785423279,39.5500602722168
0,1,535,ScenarioState.PENDING,50.0,-194.80918884277344,5.6612420082092285,40.188377380371094,40.188377380371094,41.01251161585902,-0.10000000149011612,0.8299797773361206,0.0,0.0,0.0,0.0,GazeDirection.CENTER,47.0,67.46499633789062,0.9599999785423279,39.5500602722168
0,1,536,ScenarioState.PENDING,50.0,-193.2015380859375,5.688138484954834,40.20294189453125,40.20294189453125,41.01251161585902,0.0,0.8282899856567383,0.0,0.0,0.0,0.0,GazeDirection.CENTER,47.0,67.46499633789062,0.9599999785423279,39.5500602722168
0,1,537,ScenarioState.PENDING,50.0,-191.59361267089844,5.719735622406006,40.206722259521484,40.206722259521484,41.02916323481835,0.07778596132993698,0.8303717970848083,0.0,0.0,0.0,0.0,GazeDirection.CENTER,47.0,67.46499633789062,0.9599999785423279,39.5500602722168
0,1,538,ScenarioState.PENDING,50.0,-189.98536682128906,5.752425193786621,40.2191162109375,40.2191162109375,41.02916323481835,-0.022214042022824287,0.8265830874443054,0.0,0.0,0.0,0.0,GazeDirection.CENTER,47.0,67.46499633789062,0.9599999785423279,39.5500602722168
0,1,539,ScenarioState.PENDING,50.0,-188.37660217285156,5.78273868560791,40.229576110839844,40.229576110839844,41.02916323481835,-0.028330322355031967,0.814182698726654,0.0,0.0,0.0,0.0,GazeDirection.CENTER,47.0,67.46499633789062,0.9599999785423279,39.5500602722168
0,1,540,ScenarioState.PENDING,50.0,-186.7674560546875,5.813790798187256,40.2398796081543,40.2398796081543,41.053603443767095,0.015196654945611954,0.8281689882278442,0.0,0.0,0.0,0.0,GazeDirection.CENTER,47.0,67.46499633789062,0.9599999785423279,39.5500602722168
0,1,541,ScenarioState.PENDING,50.0,-185.15809631347656,5.841580867767334,40.239227294921875,40.239227294921875,41.053603443767095,-0.08106091618537903,0.8178520202636719,0.0,0.0,0.0,0.0,GazeDirection.CENTER,47.0,67.46499633789062,0.9599999785423279,39.5500602722168
0,1,542,ScenarioState.PENDING,50.0,-183.5485382080078,5.86818265914917,40.24842071533203,40.24842071533203,41.053603443767095,0.018939081579446793,0.8184925317764282,0.0,0.0,0.0,0.0,GazeDirection.CENTER,47.0,67.46499633789062,0.9599999785423279,39.5500602722168
0,1,543,ScenarioState.PENDING,50.0,-181.9389190673828,5.899078845977783,40.245750427246094,40.245750427246094,41.06958566410557,0.09197395294904709,0.8252764344215393,0.0,0.0,0.0,0.0,GazeDirection.CENTER,47.0,67.46499633789062,0.9599999785423279,39.5500602722168
0,1,544,ScenarioState.PENDING,50.0,-180.32919311523438,5.930495262145996,40.25444412231445,40.25444412231445,41.06958566410557,-0.00802604854106903,0.8279381394386292,0.0,0.0,0.0,0.0,GazeDirection.CENTER,47.0,67.46499633789062,0.9599999785423279,39.5500602722168
0,1,545,ScenarioState.PENDING,50.0,-178.71923828125,5.957225799560547,40.255767822265625,40.255767822265625,41.06958566410557,-0.0597919262945652,0.81923907995224,0.0,0.0,0.0,0.0,GazeDirection.CENTER,47.0,67.46499633789062,0.9599999785423279,39.5500602722168
0,1,546,ScenarioState.PENDING,50.0,-177.1089630126953,5.982300758361816,40.26481246948242,40.26481246948242,41.081675944740795,-0.0011566758621484041,0.8300065398216248,0.0,0.0,0.0,0.0,GazeDirection.CENTER,47.0,67.46499633789062,0.9599999785423279,39.5500602722168
0,1,547,ScenarioState.PENDING,50.0,-175.49838256835938,6.0051751136779785,40.27021026611328,40.27021026611328,41.081675944740795,-0.035343900322914124,0.8209572434425354,0.0,0.0,0.0,0.0,GazeDirection.CENTER,47.0,67.46499633789062,0.9599999785423279,39.5500602722168
0,1,548,ScenarioState.PENDING,50.0,-173.88763427734375,6.029253005981445,40.274192810058594,40.274192810058594,41.081675944740795,0.05490319803357124,0.8155539631843567,0.0,0.0,0.0,0.0,GazeDirection.CENTER,47.0,67.46499633789062,0.9599999785423279,39.5500602722168
0,1,549,ScenarioState.START,50.0,-172.2766571044922,6.0545220375061035,40.2818603515625,40.2818603515625,41.094198623496986,0.021976608783006668,0.824099063873291,0.0,0.0,0.0,0.0,GazeDirection.CENTER,47.0,67.46499633789062,0.9599999785423279,39.5500602722168
0,1,550,ScenarioState.START,50.0,-170.66561889648438,6.074990272521973,40.277320861816406,40.277320861816406,41.094198623496986,-0.07802338898181915,0.8164256811141968,0.0,0.0,0.0,0.0,GazeDirection.CENTER,47.0,67.46499633789062,0.9599999785423279,39.5500602722168
0,1,551,ScenarioState.START,50.0,-169.05442810058594,6.093094348907471,40.28488540649414,40.28488540649414,41.094198623496986,0.010633528232574463,0.8209667205810547,0.0,0.0,0.0,0.0,GazeDirection.CENTER,47.0,67.46499633789062,0.9599999785423279,39.5500602722168
0,1,552,ScenarioState.START,50.0,-167.4430694580078,6.113224983215332,40.28911209106445,40.28911209106445,41.099843680877065,0.044443074613809586,0.8190475702285767,0.0,0.0,0.0,0.0,GazeDirection.CENTER,47.0,67.46499633789062,0.9599999785423279,39.5500602722168
0,1,553,ScenarioState.START,50.0,-165.83155822753906,6.130526065826416,40.29020309448242,40.29020309448242,41.099843680877065,-0.04806995019316673,0.8148156404495239,0.0,0.0,0.0,0.0,GazeDirection.CENTER,47.0,67.46499633789062,0.9599999785423279,39.5500602722168
0,1,554,ScenarioState.START,50.0,-164.21987915039062,6.145186424255371,40.29669189453125,40.29669189453125,41.099843680877065,-0.003013001522049308,0.8137175440788269,0.0,0.0,0.0,0.0,GazeDirection.CENTER,47.0,67.46499633789062,0.9599999785423279,39.5500602722168
0,1,555,ScenarioState.START,50.0,-162.60792541503906,6.160139560699463,40.302162170410156,40.302162170410156,41.11007030811733,0.023843996226787567,0.8174545168876648,0.0,0.0,0.0,0.0,GazeDirection.CENTER,47.0,67.46499633789062,0.9599999785423279,39.5500602722168
0,1,556,ScenarioState.START,50.0,-160.99581909179688,6.172647953033447,40.30495834350586,40.30495834350586,41.11007030811733,-0.02747560292482376,0.8119752407073975,0.0,0.0,0.0,0.0,GazeDirection.CENTER,47.0,67.46499633789062,0.9599999785423279,39.5500602722168
0,1,557,ScenarioState.START,50.0,-159.38351440429688,6.183574676513672,40.310394287109375,40.310394287109375,41.11007030811733,0.006575415842235088,0.8091731667518616,0.0,0.0,0.0,0.0,GazeDirection.CENTER,47.0,67.46499633789062,0.9599999785423279,39.5500602722168
0,1,558,ScenarioState.START,50.0,-157.77101135253906,6.194118976593018,40.31517791748047,40.31517791748047,41.12178252425561,0.012095954269170761,0.8154494166374207,0.0,0.0,0.0,0.0,GazeDirection.CENTER,47.0,67.46499633789062,0.9599999785423279,39.5500602722168
0,1,559,ScenarioState.START,50.0,-156.1583709716797,6.202232360839844,40.31757354736328,40.31757354736328,41.12178252425561,-0.0221926998347044,0.8106590509414673,0.0,0.0,0.0,0.0,GazeDirection.CENTER,47.0,67.46499633789062,0.9599999785423279,39.5500602722168
0,1,560,ScenarioState.START,50.0,-154.5455780029297,6.208900451660156,40.3219108581543,40.3219108581543,41.12178252425561,0.005330699495971203,0.8082593679428101,0.0,0.0,0.0,0.0,GazeDirection.CENTER,47.0,67.46499633789062,0.9599999785423279,39.5500602722168
0,1,561,ScenarioState.START,50.0,-152.93263244628906,6.2150559425354,40.32578659057617,40.32578659057617,41.13179250361955,0.00948200561106205,0.8139285445213318,0.0,0.0,0.0,0.0,GazeDirection.CENTER,47.0,67.46499633789062,0.9599999785423279,39.5500602722168
0,1,562,ScenarioState.START,50.0,-151.3195343017578,6.219370365142822,40.328521728515625,40.328521728515625,41.13179250361955,-0.012217430397868156,0.8100483417510986,0.0,0.0,0.0,0.0,GazeDirection.CENTER,47.0,67.46499633789062,0.9599999785423279,39.5500602722168
0,1,563,ScenarioState.START,50.0,-149.7063446044922,6.221493244171143,40.33119201660156,40.33119201660156,41.13179250361955,-0.012217430397868156,0.8100483417510986,0.0,0.0,0.0,0.0,GazeDirection.CENTER,47.0,67.46499633789062,0.9599999785423279,39.5500602722168
0,1,564,ScenarioState.START,50.0,-148.093017578125,6.223230361938477,40.33442687988281,40.33442687988281,41.14047523424519,0.01628248766064644,0.8133217096328735,0.0,0.0,0.0,0.0,GazeDirection.CENTER,47.0,67.46499633789062,0.9599999785423279,39.5500602722168
0,1,565,ScenarioState.START,50.0,-146.47955322265625,6.2250494956970215,40.33769607543945,40.33769607543945,41.14047523424519,0.01628248766064644,0.8133217096328735,0.0,0.0,0.0,0.0,GazeDirection.CENTER,47.0,67.46499633789062,0.9599999785423279,39.5500602722168
0,1,566,ScenarioState.START,50.0,-144.86602783203125,6.224535942077637,40.338722229003906,40.338722229003906,41.14047523424519,-0.02418610081076622,0.8068114519119263,0.0,0.0,0.0,0.0,GazeDirection.CENTER,47.0,67.46499633789062,0.9599999785423279,39.5500602722168
0,1,567,ScenarioState.START,50.0,-143.25242614746094,6.221968650817871,40.34138107299805,40.34138107299805,41.14775343700414,-0.009935073554515839,0.8130654692649841,0.0,0.0,0.0,0.0,GazeDirection.CENTER,47.0,67.46499633789062,0.9599999785423279,39.5500602722168
0,1,568,ScenarioState.START,50.0,-141.63870239257812,6.219413757324219,40.34427261352539,40.34427261352539,41.14775343700414,0.01595173217356205,0.8104041218757629,0.0,0.0,0.0,0.0,GazeDirection.CENTER,47.0,67.46499633789062,0.9599999785423279,39.5500602722168
0,1,569,ScenarioState.START,50.0,-140.0248565673828,6.216310501098633,40.347164154052734,40.347164154052734,41.14775343700414,0.0005491898045875132,0.807511031627655,0.0,0.0,0.0,0.0,GazeDirection.CENTER,47.0,67.46499633789062,0.9599999785423279,39.5500602722168
0,1,570,ScenarioState.START,50.0,-138.4109344482422,6.21157169342041,40.349205017089844,40.349205017089844,41.152969027295306,-0.011079969815909863,0.8098358511924744,0.0,0.0,0.0,0.0,GazeDirection.CENTER,47.0,67.46499633789062,0.9599999785423279,39.5500602722168
0,1,571,ScenarioState.START,50.0,-136.79690551757812,6.206138610839844,40.35185241699219,40.35185241699219,41.152969027295306,0.005655424203723669,0.8077919483184814,0.0,0.0,0.0,0.0,GazeDirection.CENTER,47.0,67.46499633789062,0.9599999785423279,39.5500602722168
0,1,572,ScenarioState.START,50.0,-135.1827850341797,6.20008659362793,40.354122161865234,40.354122161865234,41.152969027295306,-0.00023422382946591824,0.8051421046257019,0.0,0.0,0.0,0.0,GazeDirection.CENTER,47.0,67.46499633789062,0.9599999785423279,39.5500602722168
0,1,573,ScenarioState.START,50.0,-133.568603515625,6.192980766296387,40.35597610473633,40.35597610473633,41.15897821452029,-0.004800906404852867,0.8088822960853577,0.0,0.0,0.0,0.0,GazeDirection.CENTER,47.0,67.46499633789062,0.9599999785423279,39.5500602722168
0,1,574,ScenarioState.START,50.0,-131.95433044433594,6.185555458068848,40.35794448852539,40.35794448852539,41.15897821452029,0.007847093045711517,0.8070252537727356,0.0,0.0,0.0,0.0,GazeDirection.CENTER,47.0,67.46499633789062,0.9599999785423279,39.5500602722168
0,1,575,ScenarioState.START,50.0,-130.33998107910156,6.1773271560668945,40.35950469970703,40.35950469970703,41.15897821452029,-0.005529612302780151,0.8050543665885925,0.0,0.0,0.0,0.0,GazeDirection.CENTER,47.0,67.46499633789062,0.9599999785423279,39.5500602722168
0,1,576,ScenarioState.START,50.0,-128.7255859375,6.168060779571533,40.3609619140625,40.3609619140625,41.16380929286373,-0.005253979936242104,0.808326005935669,0.0,0.0,0.0,0.0,GazeDirection.CENTER,47.0,67.46499633789062,0.9599999785423279,39.5500602722168
0,1,577,ScenarioState.START,50.0,-127.11115264892578,6.158904075622559,40.362369537353516,40.362369537353516,41.16380929286373,0.01226366963237524,0.8068656921386719,0.0,0.0,0.0,0.0,GazeDirection.CENTER,47.0,67.46499633789062,0.9599999785423279,39.5500602722168
0,1,578,ScenarioState.START,50.0,-125.49665832519531,6.149100303649902,40.363616943359375,40.363616943359375,41.16380929286373,-0.006423427723348141,0.8054555654525757,0.0,0.0,0.0,0.0,GazeDirection.CENTER,47.0,67.46499633789062,0.9599999785423279,39.5500602722168
0,1,579,ScenarioState.START,50.0,-123.88212585449219,6.138213157653809,40.36476135253906,40.36476135253906,41.16731697468033,-0.007468811236321926,0.8077159523963928,0.0,0.0,0.0,0.0,GazeDirection.CENTER,47.0,67.46499633789062,0.9599999785423279,39.5500602722168
0,1,580,ScenarioState.START,50.0,-122.26754760742188,6.127510070800781,40.365928649902344,40.365928649902344,41.16731697468033,0.011849104426801205,0.8065699338912964,0.0,0.0,0.0,0.0,GazeDirection.CENTER,47.0,67.46499633789062,0.9599999785423279,39.5500602722168
0,1,581,ScenarioState.START,50.0,-120.65291595458984,6.116427421569824,40.36711883544922,40.36711883544922,41.16731697468033,-0.004005971364676952,0.8054014444351196,0.0,0.0,0.0,0.0,GazeDirection.CENTER,47.0,67.46499633789062,0.9599999785423279,39.5500602722168
0,1,582,ScenarioState.START,50.0,-119.03824615478516,6.1044182777404785,40.36811065673828,40.36811065673828,41.170136049397335,-0.00726386159658432,0.8070312738418579,0.0,0.0,0.0,0.0,GazeDirection.CENTER,47.0,67.46499633789062,0.9599999785423279,39.5500602722168
0,1,583,ScenarioState.START,50.0,-117.42354583740234,6.09273624420166,40.368980407714844,40.368980407714844,41.170136049397335,0.01290679071098566,0.8060380220413208,0.0,0.0,0.0,0.0,GazeDirection.CENTER,47.0,67.46499633789062,0.9599999785423279,39.5500602722168
0,1,584,ScenarioState.START,50.0,-115.80880737304688,6.081783771514893,40.369834899902344,40.369834899902344,41.170136049397335,0.01290679071098566,0.8060380220413208,0.0,0.0,0.0,0.0,GazeDirection.CENTER,47.0,67.46499633789062,0.9599999785423279,39.5500602722168
0,1,585,ScenarioState.START,50.0,-114.194091796875,6.0692338943481445,40.369041442871094,40.369041442871094,41.17255683980142,-0.02714451029896736,0.8067345023155212,0.0,0.0,0.0,0.0,GazeDirection.CENTER,47.0,67.46499633789062,0.9599999785423279,39.5500602722168
0,1,586,ScenarioState.START,50.0,-112.57936096191406,6.056310176849365,40.370243072509766,40.370243072509766,41.17255683980142,0.0040041240863502026,0.8075276017189026,0.0,0.0,0.0,0.0,GazeDirection.CENTER,47.0,67.46499633789062,0.9599999785423279,39.5500602722168
0,1,587,ScenarioState.START,50.0,-110.9645767211914,6.043948650360107,40.371334075927734,40.371334075927734,41.17255683980142,0.006432602182030678,0.8063256740570068,0.0,0.0,0.0,0.0,GazeDirection.CENTER,47.0,67.46499633789062,0.9599999785423279,39.5500602722168
0,1,588,ScenarioState.START,50.0,-109.3497314453125,6.031368732452393,40.37242889404297,40.37242889404297,41.173556219336405,-0.0035899037029594183,0.8062344789505005,0.0,0.0,0.0,0.0,GazeDirection.CENTER,47.0,67.46499633789062,0.9599999785423279,39.5500602722168
0,1,589,ScenarioState.START,50.0,-107.73486328125,6.0188798904418945,40.37343978881836,40.37343978881836,41.173556219336405,0.005415403749793768,0.805138349533081,0.0,0.0,0.0,0.0,GazeDirection.CENTER,47.0,67.46499633789062,0.9599999785423279,39.5500602722168
0,1,590,ScenarioState.START,50.0,-106.11994934082031,6.0060553550720215,40.374267578125,40.374267578125,41.173556219336405,-0.0061366967856884,0.8041262030601501,0.0,0.0,0.0,0.0,GazeDirection.CENTER,47.0,67.46499633789062,0.9599999785423279,39.5500602722168
0,1,591,ScenarioState.START,50.0,-104.50502014160156,5.992859363555908,40.37506866455078,40.37506866455078,41.176090367348806,-0.002946877619251609,0.8058328032493591,0.0,0.0,0.0,0.0,GazeDirection.CENTER,47.0,67.46499633789062,0.9599999785423279,39.5500602722168
0,1,592,ScenarioState.START,50.0,-102.89005279541016,5.980276584625244,40.37550354003906,40.37550354003906,41.176090367348806,0.011859208345413208,0.8050307035446167,0.0,0.0,0.0,0.0,GazeDirection.CENTER,47.0,67.46499633789062,0.9599999785423279,39.5500602722168
0,1,593,ScenarioState.START,50.0,-101.27507781982422,5.968539237976074,40.37593460083008,40.37593460083008,41.176090367348806,0.011859208345413208,0.8050307035446167,0.0,0.0,0.0,0.0,GazeDirection.CENTER,47.0,67.46499633789062,0.9599999785423279,39.5500602722168
0,1,594,ScenarioState.START,50.0,-99.66010284423828,5.955477714538574,40.37508010864258,40.37508010864258,41.17772449315749,-0.025617387145757675,0.8057985305786133,0.0,0.0,0.0,0.0,GazeDirection.CENTER,47.0,67.46499633789062,0.9599999785423279,39.5500602722168
0,1,595,ScenarioState.START,50.0,-98.04513549804688,5.942162990570068,40.37588119506836,40.37588119506836,41.17772449315749,0.002386799082159996,0.8066529631614685,0.0,0.0,0.0,0.0,GazeDirection.CENTER,47.0,67.46499633789062,0.9599999785423279,39.5500602722168
0,1,596,ScenarioState.START,50.0,-96.43013763427734,5.929614543914795,40.376502990722656,40.376502990722656,41.17772449315749,0.007814591750502586,0.8058510422706604,0.0,0.0,0.0,0.0,GazeDirection.CENTER,47.0,67.46499633789062,0.9599999785423279,39.5500602722168
0,1,597,ScenarioState.START,50.0,-94.81509399414062,5.917081356048584,40.37729263305664,40.37729263305664,41.17802398686746,-0.0025589182041585445,0.8055283427238464,0.0,0.0,0.0,0.0,GazeDirection.CENTER,47.0,67.46499633789062,0.9599999785423279,39.5500602722168
0,1,598,ScenarioState.START,50.0,-93.20003509521484,5.904519557952881,40.37803649902344,40.37803649902344,41.17802398686746,0.0010539839277043939,0.8047379851341248,0.0,0.0,0.0,0.0,GazeDirection.CENTER,47.0,67.46499633789062,0.9599999785423279,39.5500602722168
0,1,599,ScenarioState.START,50.0,-91.5849609375,5.8918137550354,40.378658294677734,40.378658294677734,41.17802398686746,-0.0033342025708407164,0.8039935231208801,0.0,0.0,0.0,0.0,GazeDirection.CENTER,47.0,67.46499633789062,0.9599999785423279,39.5500602722168
0,1,600,ScenarioState.START,50.0,-89.96984100341797,5.87903356552124,40.379215240478516,40.379215240478516,41.1797322033247,-0.0005858452641405165,0.8050804138183594,0.0,0.0,0.0,0.0,GazeDirection.CENTER,47.0,67.46499633789062,0.9599999785423279,39.5500602722168
0,1,601,ScenarioState.START,50.0,-88.3547134399414,5.866235256195068,40.37975311279297,40.37975311279297,41.1797322033247,-0.0005858452641405165,0.8050804138183594,0.0,0.0,0.0,0.0,GazeDirection.CENTER,47.0,67.46499633789062,0.9599999785423279,39.5500602722168
0,1,602,ScenarioState.START,50.0,-86.73955535888672,5.8535966873168945,40.38022232055664,40.38022232055664,41.1797322033247,0.0033719853963702917,0.8039844036102295,0.0,0.0,0.0,0.0,GazeDirection.CENTER,47.0,67.46499633789062,0.9599999785423279,39.5500602722168
0,1,603,ScenarioState.START,50.0,-85.1243896484375,5.840961933135986,40.38064956665039,40.38064956665039,41.18109410780478,-0.00011599642311921343,0.8048772811889648,0.0,0.0,0.0,0.0,GazeDirection.CENTER,47.0,67.46499633789062,0.9599999785423279,39.5500602722168
0,1,604,ScenarioState.START,50.0,-83.50920104980469,5.828463077545166,40.38101577758789,40.38101577758789,41.18109410780478,0.003552674315869808,0.8044493198394775,0.0,0.0,0.0,0.0,GazeDirection.CENTER,47.0,67.46499633789062,0.9599999785423279,39.5500602722168
0,1,605,ScenarioState.START,50.0,-81.89400482177734,5.815718173980713,40.38130569458008,40.38130569458008,41.18109410780478,-0.004872316028922796,0.8040818572044373,0.0,0.0,0.0,0.0,GazeDirection.CENTER,47.0,67.46499633789062,0.9599999785423279,39.5500602722168
0,1,606,ScenarioState.START,50.0,-80.27879333496094,5.802776336669922,40.381622314453125,40.381622314453125,41.18209420922406,-0.0016798187280073762,0.8047915101051331,0.0,0.0,0.0,0.0,GazeDirection.CENTER,47.0,67.46499633789062,0.9599999785423279,39.5500602722168
0,1,607,ScenarioState.START,50.0,-78.66357421875,5.790310382843018,40.38176345825195,40.38176345825195,41.18209420922406,0.008009519428014755,0.8044743537902832,0.0,0.0,0.0,0.0,GazeDirection.CENTER,47.0,67.46499633789062,0.9599999785423279,39.5500602722168
0,1,608,ScenarioState.START,50.0,-77.04833984375,5.7777628898620605,40.382022857666016,40.382022857666016,41.18209420922406,-0.0039769308641552925,0.8043330311775208,0.0,0.0,0.0,0.0,GazeDirection.CENTER,47.0,67.46499633789062,0.9599999785423279,39.5500602722168
0,1,609,ScenarioState.START,50.0,-75.43310546875,5.764865398406982,40.382266998291016,40.382266998291016,41.182685859718916,-0.004270794335752726,0.8046656250953674,0.0,0.0,0.0,0.0,GazeDirection.CENTER,47.0,67.46499633789062,0.9599999785423279,39.5500602722168
0,1,610,ScenarioState.START,50.0,-73.81787109375,5.752623081207275,40.38218688964844,40.38218688964844,41.182685859718916,0.01156466081738472,0.8044211268424988,0.0,0.0,0.0,0.0,GazeDirection.CENTER,47.0,67.46499633789062,0.9599999785423279,39.5500602722168
0,1,611,ScenarioState.START,50.0,-72.20262145996094,5.740309238433838,40.382389068603516,40.382389068603516,41.182685859718916,-0.005766339134424925,0.8045012354850769,0.0,0.0,0.0,0.0,GazeDirection.CENTER,47.0,67.46499633789062,0.9599999785423279,39.5500602722168
0,1,612,ScenarioState.START,50.0,-70.58736419677734,5.727540016174316,40.382591247558594,40.382591247558594,41.18302119950517,-0.006068241782486439,0.8046347498893738,0.0,0.0,0.0,0.0,GazeDirection.CENTER,47.0,67.46499633789062,0.9599999785423279,39.5500602722168
0,1,613,ScenarioState.START,50.0,-68.97211456298828,5.715436935424805,40.382503509521484,40.382503509521484,41.18302119950517,0.011218640021979809,0.8044323325157166,0.0,0.0,0.0,0.0,GazeDirection.CENTER,47.0,67.46499633789062,0.9599999785423279,39.5500602722168
0,1,614,ScenarioState.START,50.0,-67.35684967041016,5.7034502029418945,40.382774353027344,40.382774353027344,41.18302119950517,-0.003355393884703517,0.8045201301574707,0.0,0.0,0.0,0.0,GazeDirection.CENTER,47.0,67.46499633789062,0.9599999785423279,39.5500602722168
0,1,615,ScenarioState.START,50.0,-65.7415771484375,5.691074848175049,40.38296890258789,40.38296890258789,41.18327270022728,-0.00603967159986496,0.8045009970664978,0.0,0.0,0.0,0.0,GazeDirection.CENTER,47.0,67.46499633789062,0.9599999785423279,39.5500602722168
0,1,616,ScenarioState.START,50.0,-64.12630462646484,5.6792120933532715,40.38300704956055,40.38300704956055,41.18327270022728,0.008413826115429401,0.8043062090873718,0.0,0.0,0.0,0.0,GazeDirection.CENTER,47.0,67.46499633789062,0.9599999785423279,39.5500602722168
0,1,617,ScenarioState.START,50.0,-62.51101303100586,5.6675262451171875,40.383262634277344,40.383262634277344,41.18327270022728,-0.001915446133352816,0.804267942905426,0.0,0.0,0.0,0.0,GazeDirection.CENTER,47.0,67.46499633789062,0.9599999785423279,39.5500602722168
0,1,618,ScenarioState.START,50.0,-60.895721435546875,5.655601501464844,40.38345718383789,40.38345718383789,41.183671501279804,-0.004507020115852356,0.8044111728668213,0.0,0.0,0.0,0.0,GazeDirection.CENTER,47.0,67.46499633789062,0.9599999785423279,39.5500602722168
0,1,619,ScenarioState.START,50.0,-59.28042221069336,5.644042015075684,40.38357162475586,40.38357162475586,41.183671501279804,0.005362415686249733,0.8042163848876953,0.0,0.0,0.0,0.0,GazeDirection.CENTER,47.0,67.46499633789062,0.9599999785423279,39.5500602722168
0,1,620,ScenarioState.START,50.0,-57.66511154174805,5.6326727867126465,40.3837776184082,40.3837776184082,41.183671501279804,-0.0007847311208024621,0.804101824760437,0.0,0.0,0.0,0.0,GazeDirection.CENTER,47.0,67.46499633789062,0.9599999785423279,39.5500602722168
0,1,621,ScenarioState.START,50.0,-56.04979705810547,5.62120246887207,40.383949279785156,40.383949279785156,41.18411819582557,-0.002853984013199806,0.8043424487113953,0.0,0.0,0.0,0.0,GazeDirection.CENTER,47.0,67.46499633789062,0.9599999785423279,39.5500602722168
0,1,622,ScenarioState.START,50.0,-54.43447494506836,5.6100616455078125,40.384056091308594,40.384056091308594,41.18411819582557,0.004417108371853828,0.804170548915863,0.0,0.0,0.0,0.0,GazeDirection.CENTER,47.0,67.46499633789062,0.9599999785423279,39.5500602722168
0,1,623,ScenarioState.START,50.0,-52.819149017333984,5.599042892456055,40.38421630859375,40.38421630859375,41.18411819582557,-0.0015286578563973308,0.8040635585784912,0.0,0.0,0.0,0.0,GazeDirection.CENTER,47.0,67.46499633789062,0.9599999785423279,39.5500602722168
0,1,624,ScenarioState.START,50.0,-51.20381546020508,5.588000297546387,40.384361267089844,40.384361267089844,41.184502607687136,-0.0015286578563973308,0.8040635585784912,0.0,0.0,0.0,0.0,GazeDirection.CENTER,47.0,67.46499633789062,0.9599999785423279,39.5500602722168
0,1,625,ScenarioState.START,50.0,-49.58848190307617,5.577239990234375,40.38445281982422,40.38445281982422,41.184502607687136,0.0030278421472758055,0.8041424751281738,0.0,0.0,0.0,0.0,GazeDirection.CENTER,47.0,67.46499633789062,0.9599999785423279,39.5500602722168
0,1,626,ScenarioState.START,50.0,-47.97312927246094,5.566583633422852,40.38457489013672,40.38457489013672,41.184502607687136,-0.0013469425030052662,0.8040508031845093,0.0,0.0,0.0,0.0,GazeDirection.CENTER,47.0,67.46499633789062,0.9599999785423279,39.5500602722168
0,1,627,ScenarioState.START,50.0,-46.3577766418457,5.5559210777282715,40.38468933105469,40.38468933105469,41.18481755580834,-0.0014488385058939457,0.8042436838150024,0.0,0.0,0.0,0.0,GazeDirection.CENTER,47.0,67.46499633789062,0.9599999785423279,39.5500602722168
0,1,628,ScenarioState.START,50.0,-44.74242401123047,5.5455193519592285,40.384769439697266,40.384769439697266,41.18481755580834,0.0027329730801284313,0.8041290640830994,0.0,0.0,0.0,0.0,GazeDirection.CENTER,47.0,67.46499633789062,0.9599999785423279,39.5500602722168
0,1,629,ScenarioState.START,50.0,-43.1270637512207,5.535444259643555,40.384849548339844,40.384849548339844,41.18481755580834,0.0027329730801284313,0.8041290640830994,0.0,0.0,0.0,0.0,GazeDirection.CENTER,47.0,67.46499633789062,0.9599999785423279,39.5500602722168
0,1,630,ScenarioState.START,50.0,-41.51169204711914,5.525678634643555,40.38492965698242,40.38492965698242,41.185067833828406,0.0027329730801284313,0.8041290640830994,0.0,0.0,0.0,0.0,GazeDirection.CENTER,47.0,67.46499633789062,0.9599999785423279,39.5500602722168
0,1,631,ScenarioState.START,50.0,-39.896324157714844,5.516259670257568,40.385005950927734,40.385005950927734,41.185067833828406,0.0027329730801284313,0.8041290640830994,0.0,0.0,0.0,0.0,GazeDirection.CENTER,47.0,67.46499633789062,0.9599999785423279,39.5500602722168
0,1,632,ScenarioState.START,50.0,-38.28094482421875,5.507251262664795,40.38506317138672,40.38506317138672,41.185067833828406,0.0027329730801284313,0.8041290640830994,0.0,0.0,0.0,0.0,GazeDirection.CENTER,47.0,67.46499633789062,0.9599999785423279,39.5500602722168
0,1,633,ScenarioState.START,50.0,-36.665584564208984,5.497591018676758,40.38458251953125,40.38458251953125,41.18525464193842,-0.01686101406812668,0.8041922450065613,0.0,0.0,0.0,0.0,GazeDirection.CENTER,47.0,67.46499633789062,0.9599999785423279,39.5500602722168
0,1,634,ScenarioState.START,50.0,-35.050228118896484,5.487978458404541,40.38472366333008,40.38472366333008,41.18525464193842,0.0005394041072577238,0.8046730756759644,0.0,0.0,0.0,0.0,GazeDirection.CENTER,47.0,67.46499633789062,0.9599999785423279,39.5500602722168
0,1,635,ScenarioState.START,50.0,-33.43486404418945,5.479241371154785,40.384613037109375,40.384613037109375,41.18525464193842,0.008750992827117443,0.8045321106910706,0.0,0.0,0.0,0.0,GazeDirection.CENTER,47.0,67.46499633789062,0.9599999785423279,39.5500602722168
0,1,636,ScenarioState.START,50.0,-31.819496154785156,5.4707255363464355,40.38481140136719,40.38481140136719,41.18503071147204,-0.0013506547547876835,0.8044189810752869,0.0,0.0,0.0,0.0,GazeDirection.CENTER,47.0,67.46499633789062,0.9599999785423279,39.5500602722168
0,1,637,ScenarioState.START,50.0,-30.204124450683594,5.461978435516357,40.38496398925781,40.38496398925781,41.18503071147204,-0.004489516839385033,0.8042206168174744,0.0,0.0,0.0,0.0,GazeDirection.CENTER,47.0,67.46499633789062,0.9599999785423279,39.5500602722168
0,1,638,ScenarioState.START,50.0,-28.5887451171875,5.453306674957275,40.38512420654297,40.38512420654297,41.18503071147204,0.0006471090018749237,0.8040680289268494,0.0,0.0,0.0,0.0,GazeDirection.CENTER,47.0,67.46499633789062,0.9599999785423279,39.5500602722168
0,1,639,ScenarioState.START,50.0,-26.973356246948242,5.444897174835205,40.385250091552734,40.385250091552734,41.18522111242105,0.0023430667351931334,0.8040981888771057,0.0,0.0,0.0,0.0,GazeDirection.CENTER,47.0,67.46499633789062,0.9599999785423279,39.5500602722168
0,1,640,ScenarioState.START,50.0,-25.35796546936035,5.4365739822387695,40.3853874206543,40.3853874206543,41.18522111242105,-7.099117738107452e-06,0.8039721846580505,0.0,0.0,0.0,0.0,GazeDirection.CENTER,47.0,67.46499633789062,0.9599999785423279,39.5500602722168
0,1,641,ScenarioState.START,50.0,-23.74256706237793,5.428142070770264,40.3854866027832,40.3854866027832,41.18522111242105,-0.0021591016557067633,0.8038347363471985,0.0,0.0,0.0,0.0,GazeDirection.CENTER,47.0,67.46499633789062,0.9599999785423279,39.5500602722168
0,1,642,ScenarioState.START,50.0,-22.127166748046875,5.419699668884277,40.38557815551758,40.38557815551758,41.18555760223322,1.974649421754293e-05,0.8040720224380493,0.0,0.0,0.0,0.0,GazeDirection.CENTER,47.0,67.46499633789062,0.9599999785423279,39.5500602722168
0,1,643,ScenarioState.START,50.0,-20.511764526367188,5.41128396987915,40.38566207885742,40.38566207885742,41.18555760223322,1.974649421754293e-05,0.8040720224380493,0.0,0.0,0.0,0.0,GazeDirection.CENTER,47.0,67.46499633789062,0.9599999785423279,39.5500602722168
0,1,644,ScenarioState.START,50.0,-18.896358489990234,5.402858734130859,40.385738372802734,40.385738372802734,41.18555760223322,1.974649421754293e-05,0.8040720224380493,0.0,0.0,0.0,0.0,GazeDirection.CENTER,47.0,67.46499633789062,0.9599999785423279,39.5500602722168
0,1,645,ScenarioState.START,50.0,-17.280948638916016,5.394443035125732,40.38581848144531,40.38581848144531,41.18577553888254,0.0006810965714976192,0.8040374517440796,0.0,0.0,0.0,0.0,GazeDirection.CENTER,47.0,67.46499633789062,0.9599999785423279,39.5500602722168
0,1,646,ScenarioState.START,50.0,-15.665536880493164,5.386051654815674,40.38588333129883,40.38588333129883,41.18577553888254,0.0009232122683897614,0.8039571046829224,0.0,0.0,0.0,0.0,GazeDirection.CENTER,47.0,67.46499633789062,0.9599999785423279,39.5500602722168
0,1,647,ScenarioState.START,50.0,-14.050121307373047,5.377542018890381,40.38593673706055,40.38593673706055,41.18577553888254,-0.0015347643056884408,0.8038921356201172,0.0,0.0,0.0,0.0,GazeDirection.CENTER,47.0,67.46499633789062,0.9599999785423279,39.5500602722168
0,1,648,ScenarioState.START,50.0,-12.434706687927246,5.368930339813232,40.385986328125,40.385986328125,41.185950365267736,-0.0005638290313072503,0.8040134906768799,0.0,0.0,0.0,0.0,GazeDirection.CENTER,47.0,67.46499633789062,0.9599999785423279,39.5500602722168
0,1,649,ScenarioState.START,50.0,-10.819289207458496,5.360404014587402,40.38602066040039,40.38602066040039,41.185950365267736,0.002089548157528043,0.803963840007782,0.0,0.0,0.0,0.0,GazeDirection.CENTER,47.0,67.46499633789062,0.9599999785423279,39.5500602722168
0,1,650,ScenarioState.START,50.0,-9.203869819641113,5.351996421813965,40.38605880737305,40.38605880737305,41.185950365267736,0.002089548157528043,0.803963840007782,0.0,0.0,0.0,0.0,GazeDirection.CENTER,47.0,67.46499633789062,0.9599999785423279,39.5500602722168
0,1,651,ScenarioState.START,50.0,-7.588451862335205,5.343313694000244,40.38603973388672,40.38603973388672,41.1860593315354,-0.004562272224575281,0.8040003776550293,0.0,0.0,0.0,0.0,GazeDirection.CENTER,47.0,67.46499633789062,0.9599999785423279,39.5500602722168
0,1,652,ScenarioState.START,50.0,-5.973033428192139,5.3345513343811035,40.386085510253906,40.386085510253906,41.1860593315354,0.0004865643277298659,0.8040194511413574,0.0,0.0,0.0,0.0,GazeDirection.CENTER,47.0,67.46499633789062,0.9599999785423279,39.5500602722168
0,1,653,ScenarioState.START,50.0,-4.357612133026123,5.3258891105651855,40.38612365722656,40.38612365722656,41.1860593315354,0.001333611086010933,0.8039736747741699,0.0,0.0,0.0,0.0,GazeDirection.CENTER,47.0,67.46499633789062,0.9599999785423279,39.5500602722168
0,1,654,ScenarioState.START,50.0,-2.7421889305114746,5.317295551300049,40.38615798950195,40.38615798950195,41.18611082085992,0.001333611086010933,0.8039736747741699,0.0,0.0,0.0,0.0,GazeDirection.CENTER,47.0,67.46499633789062,0.9599999785423279,39.5500602722168
0,1,655,ScenarioState.START,50.0,-1.1267656087875366,5.308602809906006,40.386192321777344,40.386192321777344,41.18611082085992,-0.0014234492555260658,0.803952693939209,0.0,0.0,0.0,0.0,GazeDirection.CENTER,47.0,67.46499633789062,0.9599999785423279,39.5500602722168
0,1,656,ScenarioState.START,50.0,0.48865842819213867,5.299747943878174,40.38621139526367,40.38621139526367,41.18611082085992,-0.00189699896145612,0.8039183020591736,0.0,0.0,0.0,0.0,GazeDirection.CENTER,47.0,67.46499633789062,0.9599999785423279,39.5500602722168
0,1,657,ScenarioState.START,50.0,2.104083299636841,5.290905475616455,40.38623809814453,40.38623809814453,41.18619464037408,0.0008517317473888397,0.8039830923080444,0.0,0.0,0.0,0.0,GazeDirection.CENTER,47.0,67.46499633789062,0.9599999785423279,39.5500602722168
0,1,658,ScenarioState.START,50.0,3.7195098400115967,5.282186031341553,40.386260986328125,40.386260986328125,41.18619464037408,0.002079206984490156,0.8039563894271851,0.0,0.0,0.0,0.0,GazeDirection.CENTER,47.0,67.46499633789062,0.9599999785423279,39.5500602722168
0,1,659,ScenarioState.START,50.0,5.334936618804932,5.273360252380371,40.38627624511719,40.38627624511719,41.18619464037408,-0.0017731391126289964,0.8039335012435913,0.0,0.0,0.0,0.0,GazeDirection.CENTER,47.0,67.46499633789062,0.9599999785423279,39.5500602722168
0,1,660,ScenarioState.RUNNING,50.0,6.950363636016846,5.264394283294678,40.386295318603516,40.386295318603516,41.18624852414044,-0.0011633912799879909,0.8039721250534058,0.0,0.0,0.0,0.0,GazeDirection.CENTER,47.0,67.46499633789062,0.9599999785423279,39.5500602722168
0,1,661,ScenarioState.RUNNING,50.0,8.565791130065918,5.255544185638428,40.38630294799805,40.38630294799805,41.18624852414044,0.0025775774847716093,0.8039530515670776,0.0,67.46499633789062,0.9599999785423279,0.0,GazeDirection.CENTER,47.0,67.46499633789062,0.9599999785423279,39.5500602722168
0,1,662,ScenarioState.RUNNING,50.0,10.181220054626465,5.246665000915527,40.386322021484375,40.386322021484375,41.18624852414044,-0.0008966427994892001,0.8039453625679016,0.0,67.46499633789062,0.9599999785423279,0.0,GazeDirection.CENTER,47.0,69.04499816894531,0.9599999785423279,39.5500602722168
0,1,663,ScenarioState.RUNNING,50.0,11.796676635742188,5.237636566162109,40.38805389404297,40.38805389404297,41.281794268113934,-0.0015303429681807756,0.8995198011398315,0.0,69.04499816894531,0.9599999785423279,39.50004577636719,GazeDirection.CENTER,47.0,70.625,0.9699999690055847,39.560081481933594
0,1,664,ScenarioState.RUNNING,50.0,13.412364959716797,5.228684425354004,40.39580535888672,40.39580535888672,41.281794268113934,0.0020720413886010647,0.8978347778320312,0.0,70.625,0.9699999690055847,39.50083923339844,GazeDirection.CENTER,47.0,72.20500183105469,0.9699999690055847,39.5700798034668
0,1,665,ScenarioState.RUNNING,50.0,15.028522491455078,5.219872951507568,40.40886688232422,40.40886688232422,41.281794268113934,0.0020720413886010647,0.8978347778320312,0.0,72.20500183105469,0.9699999690055847,39.50004577636719,GazeDirection.CENTER,47.0,73.78500366210938,0.9699999690055847,39.5700798034668
0,1,666,ScenarioState.RUNNING,50.0,16.64532470703125,5.211188316345215,40.426151275634766,40.426151275634766,41.16377385566449,0.0020720413886010647,0.8978347778320312,0.0,73.78500366210938,0.9699999690055847,39.50004577636719,GazeDirection.CENTER,47.0,75.36499786376953,0.9799999594688416,39.58010482788086
0,1,667,ScenarioState.RUNNING,50.0,18.26286506652832,5.202200889587402,40.44394302368164,40.44394302368164,41.16377385566449,-0.00585683761164546,0.7417063117027283,0.0,75.36499786376953,0.9799999594688416,39.50064468383789,GazeDirection.CENTER,47.0,76.95500183105469,0.9799999594688416,39.59010314941406
0,1,668,ScenarioState.RUNNING,50.0,19.88092041015625,5.193032741546631,40.45425796508789,40.45425796508789,41.16377385566449,-0.0019376544514670968,0.7238745093345642,0.0,76.95500183105469,0.9799999594688416,39.750099182128906,GazeDirection.CENTER,47.0,78.53500366210938,0.9799999594688416,39.59010314941406
0,1,669,ScenarioState.RUNNING,50.0,21.499176025390625,5.184104919433594,40.45808029174805,40.45808029174805,41.23996713482424,0.0034104271326214075,0.7897457480430603,0.0,78.53500366210938,0.9799999594688416,39.50004577636719,GazeDirection.CENTER,47.0,80.125,0.9899999499320984,39.60012435913086
0,1,670,ScenarioState.RUNNING,50.0,23.11750602722168,5.1753740310668945,40.45973587036133,40.45973587036133,41.23996713482424,0.002019354375079274,0.7859143614768982,0.0,80.125,0.9899999499320984,39.750694274902344,GazeDirection.CENTER,47.0,81.71499633789062,0.9899999499320984,39.61012649536133
0,1,671,ScenarioState.RUNNING,50.0,24.735841751098633,5.166451454162598,40.45964813232422,40.45964813232422,41.23996713482424,-0.0033564548939466476,0.784248948097229,0.0,81.71499633789062,0.9899999499320984,39.749908447265625,GazeDirection.CENTER,47.0,83.28499603271484,0.9899999499320984,39.61012649536133
0,1,672,ScenarioState.RUNNING,50.0,26.354137420654297,5.157402038574219,40.458343505859375,40.458343505859375,41.249366065004686,-0.0009657207992859185,0.7937304973602295,0.0,83.28499603271484,0.9899999499320984,39.24999237060547,GazeDirection.CENTER,47.0,84.86499786376953,1.0,39.62012481689453
0,1,673,ScenarioState.RUNNING,50.0,27.972362518310547,5.148550987243652,40.45646286010742,40.45646286010742,41.249366065004686,0.003297499381005764,0.79498291015625,0.0,84.86499786376953,1.0,39.50083923339844,GazeDirection.CENTER,47.0,86.45500183105469,1.0,39.62015151977539
0,1,674,ScenarioState.RUNNING,50.0,29.590511322021484,5.139698505401611,40.4543342590332,40.4543342590332,41.249366065004686,-0.0009478417341597378,0.7968131303787231,0.0,86.45500183105469,1.0,39.750099182128906,GazeDirection.CENTER,47.0,88.0250015258789,1.0,39.63015365600586
0,1,675,ScenarioState.RUNNING,50.0,31.208576202392578,5.130682945251465,40.45203399658203,40.45203399658203,41.24692630088575,-0.0019293231889605522,0.7964552640914917,0.0,88.0250015258789,1.0,39.24999237060547,GazeDirection.CENTER,47.0,89.60499572753906,1.0099999904632568,39.64015197753906
0,1,676,ScenarioState.RUNNING,50.0,32.82655334472656,5.12173318862915,40.44966506958008,40.44966506958008,41.24692630088575,0.001733068493194878,0.7987754940986633,0.0,89.60499572753906,1.0099999904632568,39.50064468383789,GazeDirection.CENTER,47.0,91.19499969482422,1.0099999904632568,39.64015197753906
0,1,677,ScenarioState.RUNNING,50.0,34.44444274902344,5.112814903259277,40.44740676879883,40.44740676879883,41.24692630088575,5.67696451980737e-06,0.8011742830276489,0.0,91.19499969482422,1.0099999904632568,39.750099182128906,GazeDirection.CENTER,47.0,92.78499603271484,1.0199999809265137,39.650184631347656
0,1,678,ScenarioState.RUNNING,50.0,36.062252044677734,5.103806018829346,40.44529724121094,40.44529724121094,41.24227361009544,-0.0011126551544293761,0.7988173961639404,0.0,92.78499603271484,1.0199999809265137,39.750694274902344,GazeDirection.CENTER,47.0,94.36499786376953,1.0199999809265137,39.650184631347656
0,1,679,ScenarioState.RUNNING,50.0,37.67997741699219,5.094841957092285,40.44325637817383,40.44325637817383,41.24227361009544,0.0013532433658838272,0.8009325265884399,0.0,94.36499786376953,1.0199999809265137,39.50004577636719,GazeDirection.CENTER,47.0,95.94499969482422,1.0299999713897705,39.660179138183594
0,1,680,ScenarioState.RUNNING,50.0,39.297630310058594,5.0858588218688965,40.44140625,40.44140625,41.24227361009544,-0.0006134554860182106,0.802981972694397,0.0,95.94499969482422,1.0299999713897705,39.50083923339844,GazeDirection.CENTER,47.0,97.53499603271484,1.0299999713897705,39.660179138183594
0,1,681,ScenarioState.RUNNING,50.0,40.91519546508789,5.0767974853515625,40.43866729736328,40.43866729736328,41.18899450369281,-0.0008044028072617948,0.7515366673469543,0.0,97.53499603271484,1.0299999713897705,39.749908447265625,GazeDirection.CENTER,47.0,99.11499786376953,1.0399999618530273,39.67021179199219
0,1,682,ScenarioState.RUNNING,50.0,42.53257369995117,5.067808628082275,40.43284225463867,40.43284225463867,41.18899450369281,0.0016056097811087966,0.7542559504508972,0.0,99.11499786376953,1.0399999618530273,39.50083923339844,GazeDirection.CENTER,47.0,100.71499633789062,1.0399999618530273,39.67021179199219
0,1,683,ScenarioState.RUNNING,50.0,44.14963912963867,5.058797359466553,40.424652099609375,40.424652099609375,41.18899450369281,-0.0007320583099499345,0.7600635290145874,0.0,100.71499633789062,1.0399999618530273,39.999961853027344,GazeDirection.CENTER,47.0,102.30500030517578,1.0499999523162842,39.680213928222656
0,1,684,ScenarioState.RUNNING,50.0,45.766361236572266,5.049699783325195,40.416526794433594,40.416526794433594,41.270919281113,-0.0009323928970843554,0.85020512342453,0.0,102.30500030517578,1.0499999523162842,39.750885009765625,GazeDirection.CENTER,47.0,103.90499877929688,1.0499999523162842,39.69021224975586
0,1,685,ScenarioState.RUNNING,50.0,47.38288879394531,5.040677547454834,40.41307830810547,40.41307830810547,41.270919281113,0.0016187047585844994,0.8583613634109497,0.0,103.90499877929688,1.0499999523162842,39.999961853027344,GazeDirection.CENTER,47.0,105.4949951171875,1.059999942779541,39.69021224975586
0,1,686,ScenarioState.RUNNING,50.0,48.99940872192383,5.031644344329834,40.41432189941406,40.41432189941406,41.270919281113,-0.0005867757718078792,0.8618413209915161,0.0,105.4949951171875,1.059999942779541,39.750694274902344,GazeDirection.CENTER,47.0,107.07499694824219,1.059999942779541,39.70024871826172
0,1,687,ScenarioState.RUNNING,50.0,50.61607360839844,5.02252721786499,40.418331146240234,40.418331146240234,41.218660012204495,-0.0009346612496301532,0.8083419799804688,0.0,107.07499694824219,1.059999942779541,39.50004577636719,GazeDirection.CENTER,47.0,108.66500091552734,1.0700000524520874,39.70024871826172
0,1,688,ScenarioState.RUNNING,50.0,52.2328987121582,5.013473987579346,40.42193603515625,40.42193603515625,41.218660012204495,0.0014422996900975704,0.8043354749679565,0.0,108.66500091552734,1.0700000524520874,39.750885009765625,GazeDirection.CENTER,47.0,110.25499725341797,1.0800000429153442,39.71024703979492
0,1,689,ScenarioState.RUNNING,50.0,53.849853515625,5.004416465759277,40.42478561401367,40.42478561401367,41.218660012204495,-0.00047551505849696696,0.8007304668426514,0.0,110.25499725341797,1.0800000429153442,39.750694274902344,GazeDirection.CENTER,47.0,111.85499572753906,1.0800000429153442,39.71024703979492
0,1,690,ScenarioState.RUNNING,50.0,55.466888427734375,4.995308876037598,40.426815032958984,40.426815032958984,41.2238354093332,-0.00047551505849696696,0.8007304668426514,0.0,111.85499572753906,1.0800000429153442,39.999961853027344,GazeDirection.CENTER,47.0,113.44499969482422,1.090000033378601,39.71024703979492
0,1,691,ScenarioState.RUNNING,50.0,57.083988189697266,4.986165523529053,40.428192138671875,40.428192138671875,41.2238354093332,-0.00047551505849696696,0.8007304668426514,0.0,113.44499969482422,1.090000033378601,39.750885009765625,GazeDirection.CENTER,47.0,115.03499603271484,1.090000033378601,39.72024917602539
0,1,692,ScenarioState.RUNNING,50.0,58.70111846923828,4.9770612716674805,40.42901611328125,40.42901611328125,41.2238354093332,0.0008456309442408383,0.7996971607208252,0.0,115.03499603271484,1.090000033378601,39.749908447265625,GazeDirection.CENTER,47.0,116.61499786376953,1.100000023841858,39.72024917602539
0,1,693,ScenarioState.RUNNING,50.0,60.31826400756836,4.9679765701293945,40.42940902709961,40.42940902709961,41.227306375607064,0.0001909551938297227,0.8023651838302612,0.0,116.61499786376953,1.100000023841858,39.50083923339844,GazeDirection.CENTER,47.0,118.20499420166016,1.100000023841858,39.730247497558594
0,1,694,ScenarioState.RUNNING,50.0,61.9354133605957,4.958895206451416,40.42957305908203,40.42957305908203,41.227306375607064,0.00025705373263917863,0.8019481301307678,0.0,118.20499420166016,1.100000023841858,39.749908447265625,GazeDirection.CENTER,47.0,119.79499816894531,1.1100000143051147,39.730281829833984
0,1,695,ScenarioState.RUNNING,50.0,63.55255889892578,4.949767112731934,40.42951965332031,40.42951965332031,41.227306375607064,-0.0007778964936733246,0.8017557263374329,0.0,119.79499816894531,1.1100000143051147,39.750885009765625,GazeDirection.CENTER,47.0,121.38499450683594,1.1100000143051147,39.74028396606445
0,1,696,ScenarioState.RUNNING,50.0,65.1697006225586,4.940621376037598,40.429325103759766,40.429325103759766,41.22797862153836,-6.951887917239219e-05,0.8024517297744751,0.0,121.38499450683594,1.1100000143051147,39.749908447265625,GazeDirection.CENTER,47.0,122.9749984741211,1.1200000047683716,39.74028396606445
0,1,697,ScenarioState.RUNNING,50.0,66.7868423461914,4.931539535522461,40.42902755737305,40.42902755737305,41.22797862153836,0.0010105400579050183,0.8026434183120728,0.0,122.9749984741211,1.1200000047683716,39.750885009765625,GazeDirection.CENTER,47.0,124.56499481201172,1.1200000047683716,39.750282287597656
0,1,698,ScenarioState.RUNNING,50.0,68.40396881103516,4.922444820404053,40.428680419921875,40.428680419921875,41.22797862153836,-0.0005220585153438151,0.8029402494430542,0.0,124.56499481201172,1.1200000047683716,39.749908447265625,GazeDirection.CENTER,47.0,126.1449966430664,1.1299999952316284,39.750282287597656
0,1,699,ScenarioState.RUNNING,50.0,70.02107238769531,4.91330623626709,40.42829513549805,40.42829513549805,41.22714898967961,-0.0005407972494140267,0.802458643913269,0.0,126.1449966430664,1.1299999952316284,39.50083923339844,GazeDirection.CENTER,47.0,127.73500061035156,1.1399999856948853,39.750282287597656
0,1,700,ScenarioState.RUNNING,50.0,71.6381607055664,4.90422248840332,40.427860260009766,40.427860260009766,41.22714898967961,0.0009649470448493958,0.8028438687324524,0.0,127.73500061035156,1.1399999856948853,39.750885009765625,GazeDirection.CENTER,47.0,129.3249969482422,1.1399999856948853,39.76028060913086
0,1,701,ScenarioState.RUNNING,50.0,73.25524139404297,4.895147323608398,40.42741775512695,40.42741775512695,41.22714898967961,-0.00026187265757471323,0.8032798767089844,0.0,129.3249969482422,1.1399999856948853,39.749908447265625,GazeDirection.CENTER,47.0,130.9149932861328,1.149999976158142,39.76028060913086
0,1,702,ScenarioState.RUNNING,50.0,74.87230682373047,4.886035919189453,40.42697525024414,40.42697525024414,41.22606843427755,-0.0005386713310144842,0.8026432991027832,0.0,130.9149932861328,1.149999976158142,39.750694274902344,GazeDirection.CENTER,47.0,132.50498962402344,1.159999966621399,39.77028274536133
0,1,703,ScenarioState.RUNNING,50.0,76.48934173583984,4.876965045928955,40.426517486572266,40.426517486572266,41.22606843427755,0.0007010736735537648,0.8030862212181091,0.0,132.50498962402344,1.159999966621399,39.750694274902344,GazeDirection.CENTER,47.0,134.0850067138672,1.159999966621399,39.77028274536133
0,1,704,ScenarioState.RUNNING,50.0,78.10636901855469,4.867908477783203,40.42607498168945,40.42607498168945,41.22606843427755,-0.0001457837934140116,0.803544819355011,0.0,134.0850067138672,1.159999966621399,39.50042724609375,GazeDirection.CENTER,47.0,135.68499755859375,1.1699999570846558,39.77028274536133
0,1,705,ScenarioState.RUNNING,50.0,79.72335815429688,4.858830451965332,40.42454147338867,40.42454147338867,41.17539213115042,-0.00038967173895798624,0.7532867789268494,0.0,135.68499755859375,1.1699999570846558,40.000553131103516,GazeDirection.CENTER,47.0,137.27499389648438,1.1799999475479126,39.78028106689453
0,1,706,ScenarioState.RUNNING,50.0,81.3401870727539,4.849785804748535,40.4197998046875,40.4197998046875,41.17539213115042,0.0005104728625155985,0.7547965049743652,0.0,137.27499389648438,1.1799999475479126,39.750694274902344,GazeDirection.CENTER,47.0,138.875,1.1799999475479126,39.78028106689453
0,1,707,ScenarioState.RUNNING,50.0,82.9567642211914,4.840754985809326,40.412498474121094,40.412498474121094,41.17539213115042,-0.0001177083031507209,0.7595166563987732,0.0,138.875,1.1799999475479126,40.000152587890625,GazeDirection.CENTER,47.0,140.47500610351562,1.190000057220459,39.790283203125
0,1,708,ScenarioState.RUNNING,50.0,84.57302856445312,4.831714153289795,40.40507888793945,40.40507888793945,41.26076576261559,-0.00027386791771277785,0.8522162437438965,0.0,140.47500610351562,1.190000057220459,40.00093460083008,GazeDirection.CENTER,47.0,142.0749969482422,1.190000057220459,39.790283203125
0,1,709,ScenarioState.RUNNING,50.0,86.18910217285156,4.822702407836914,40.402313232421875,40.402313232421875,41.26076576261559,0.0003826278552878648,0.8596644401550293,0.0,142.0749969482422,1.190000057220459,39.99977111816406,GazeDirection.CENTER,47.0,143.6750030517578,1.2000000476837158,39.790283203125
0,1,710,ScenarioState.RUNNING,50.0,87.80520629882812,4.81370210647583,40.4041862487793,40.4041862487793,41.26076576261559,-9.470798977417871e-05,0.8624598979949951,0.0,143.6750030517578,1.2000000476837158,40.00093460083008,GazeDirection.CENTER,47.0,145.26499938964844,1.209999918937683,39.8002815246582
0,1,711,ScenarioState.RUNNING,50.0,89.42149353027344,4.804693698883057,40.40964126586914,40.40964126586914,41.2492316063735,-0.00021227022807579488,0.8490756154060364,0.0,145.26499938964844,1.209999918937683,39.750694274902344,GazeDirection.CENTER,47.0,146.84500122070312,1.209999918937683,39.8002815246582
0,1,712,ScenarioState.RUNNING,50.0,91.03809356689453,4.795706748962402,40.41722106933594,40.41722106933594,41.2492316063735,0.0002963450097013265,0.8436410427093506,0.0,146.84500122070312,1.209999918937683,39.50004577636719,GazeDirection.CENTER,47.0,148.43499755859375,1.2200000286102295,39.81028366088867
0,1,713,ScenarioState.RUNNING,50.0,92.65501403808594,4.786730766296387,40.4260368347168,40.4260368347168,41.2492316063735,-6.313394260359928e-05,0.8360776901245117,0.0,148.43499755859375,1.2200000286102295,39.750694274902344,GazeDirection.CENTER,47.0,150.02499389648438,1.2300000190734863,39.81028366088867
0,1,714,ScenarioState.RUNNING,50.0,94.27228546142578,4.777750015258789,40.434593200683594,40.434593200683594,41.21848379863019,-0.00015487297787331045,0.7965105772018433,0.0,150.02499389648438,1.2300000190734863,39.750694274902344,GazeDirection.CENTER,47.0,151.61500549316406,1.2300000190734863,39.81024932861328
0,1,715,ScenarioState.RUNNING,50.0,95.88982391357422,4.76878547668457,40.44083023071289,40.44083023071289,41.21848379863019,0.00019647632143460214,0.7879714965820312,0.0,151.61500549316406,1.2300000190734863,39.75028991699219,GazeDirection.CENTER,47.0,153.2050018310547,1.2400000095367432,39.820247650146484
0,1,716,ScenarioState.RUNNING,50.0,97.50755310058594,4.75983190536499,40.44453811645508,40.44453811645508,41.21848379863019,-2.4410079277004115e-05,0.7817478775978088,0.0,153.2050018310547,1.2400000095367432,39.750694274902344,GazeDirection.CENTER,47.0,154.7949981689453,1.2400000095367432,39.820247650146484
0,1,717,ScenarioState.RUNNING,50.0,99.12535095214844,4.750879287719727,40.44610595703125,40.44610595703125,41.232699914361376,-0.00010034960723714903,0.7922723889350891,0.0,154.7949981689453,1.2400000095367432,39.749908447265625,GazeDirection.CENTER,47.0,156.38497924804688,1.25,39.83024978637695
0,1,718,ScenarioState.RUNNING,50.0,100.7431640625,4.741938591003418,40.4464111328125,40.4464111328125,41.232699914361376,9.406196477357298e-05,0.7906737327575684,0.0,156.38497924804688,1.25,39.75031280517578,GazeDirection.CENTER,47.0,157.97500610351562,1.2599999904632568,39.83024978637695
0,1,719,ScenarioState.RUNNING,50.0,102.3609619140625,4.733008861541748,40.445648193359375,40.445648193359375,41.232699914361376,1.3251193195173983e-05,0.7903338670730591,0.0,157.97500610351562,1.2599999904632568,39.75145721435547,GazeDirection.CENTER,47.0,159.5749969482422,1.2599999904632568,39.83021545410156
0,1,720,ScenarioState.RUNNING,50.0,103.97869873046875,4.724084377288818,40.444095611572266,40.444095611572266,41.235916503614284,-4.668688779929653e-05,0.7942792773246765,0.0,159.5749969482422,1.2599999904632568,39.99977111816406,GazeDirection.CENTER,47.0,161.1649932861328,1.2699999809265137,39.8402099609375
0,1,721,ScenarioState.RUNNING,50.0,105.59637451171875,4.7151689529418945,40.442134857177734,40.442134857177734,41.235916503614284,4.156074282946065e-05,0.7958052754402161,0.0,161.1649932861328,1.2699999809265137,39.750694274902344,GazeDirection.CENTER,47.0,162.75498962402344,1.2699999809265137,39.8402099609375
0,1,722,ScenarioState.RUNNING,50.0,107.21397399902344,4.706264495849609,40.4399299621582,40.4399299621582,41.235916503614284,4.156074282946065e-05,0.7958052754402161,0.0,162.75498962402344,1.2699999809265137,39.749908447265625,GazeDirection.CENTER,47.0,164.34500122070312,1.2799999713897705,39.85017776489258
0,1,723,ScenarioState.RUNNING,50.0,108.83145904541016,4.6973700523376465,40.43754196166992,40.43754196166992,41.232708591588704,4.156074282946065e-05,0.7958052754402161,0.0,164.34500122070312,1.2799999713897705,39.751075744628906,GazeDirection.CENTER,47.0,165.93499755859375,1.2799999713897705,39.85017776489258
0,1,724,ScenarioState.RUNNING,50.0,110.4488754272461,4.688477993011475,40.435081481933594,40.435081481933594,41.232708591588704,-0.00011075427755713463,0.7991098165512085,0.0,165.93499755859375,1.2799999713897705,39.749908447265625,GazeDirection.CENTER,47.0,167.52499389648438,1.2899999618530273,39.86018371582031
0,1,725,ScenarioState.RUNNING,50.0,112.06619262695312,4.679589748382568,40.43277359008789,40.43277359008789,41.232708591588704,-2.077527460642159e-05,0.8015771508216858,0.0,167.52499389648438,1.2899999618530273,39.750694274902344,GazeDirection.CENTER,47.0,169.125,1.2899999618530273,39.86018371582031
0,1,726,ScenarioState.RUNNING,50.0,113.68340301513672,4.670714855194092,40.430667877197266,40.430667877197266,41.22819349881925,8.590640209149569e-05,0.7993788719177246,0.0,169.125,1.2899999618530273,40.000152587890625,GazeDirection.CENTER,47.0,170.71499633789062,1.2899999618530273,39.86015319824219
0,1,727,ScenarioState.RUNNING,50.0,115.30054473876953,4.661846160888672,40.428680419921875,40.428680419921875,41.22819349881925,-1.485374195908662e-05,0.8014892339706421,0.0,170.71499633789062,1.2899999618530273,39.749908447265625,GazeDirection.CENTER,47.0,172.31500244140625,1.2999999523162842,39.87015151977539
0,1,728,ScenarioState.RUNNING,50.0,116.9176254272461,4.652981281280518,40.42692565917969,40.42692565917969,41.22819349881925,-2.5721419660840183e-05,0.8034831881523132,0.0,172.31500244140625,1.2999999523162842,40.00093460083008,GazeDirection.CENTER,47.0,173.90499877929688,1.2999999523162842,39.87015151977539
0,1,729,ScenarioState.RUNNING,50.0,118.53465270996094,4.6441216468811035,40.426326751708984,40.426326751708984,41.265380411142424,8.460395292786416e-06,0.8424509167671204,0.0,173.90499877929688,1.2999999523162842,39.749908447265625,GazeDirection.CENTER,47.0,175.50498962402344,1.309999942779541,39.88015365600586
0,1,730,ScenarioState.RUNNING,50.0,120.1517333984375,4.6352667808532715,40.42851638793945,40.42851638793945,41.265380411142424,-2.419434395051212e-06,0.8430742025375366,0.0,175.50498962402344,1.309999942779541,40.000553131103516,GazeDirection.CENTER,47.0,177.09500122070312,1.309999942779541,39.880126953125
0,1,731,ScenarioState.RUNNING,50.0,121.76897430419922,4.626415252685547,40.43305969238281,40.43305969238281,41.265380411142424,1.3284053238749038e-05,0.840907096862793,0.0,177.09500122070312,1.309999942779541,39.75028991699219,GazeDirection.CENTER,47.0,178.68499755859375,1.309999942779541,39.8901252746582
0,1,732,ScenarioState.RUNNING,50.0,123.38642120361328,4.617568016052246,40.438350677490234,40.438350677490234,41.22354788937399,1.453634013159899e-05,0.7945296168327332,0.0,178.68499755859375,1.309999942779541,39.749908447265625,GazeDirection.CENTER,47.0,180.2849884033203,1.3199999332427979,39.8901252746582
0,1,733,ScenarioState.RUNNING,50.0,125.00404357910156,4.608719825744629,40.441917419433594,40.441917419433594,41.22354788937399,-6.345318251987919e-05,0.7892348766326904,0.0,180.2849884033203,1.3199999332427979,40.000553131103516,GazeDirection.CENTER,47.0,181.88499450683594,1.3199999332427979,39.90010070800781
0,1,734,ScenarioState.RUNNING,50.0,126.62176513671875,4.599876403808594,40.44361877441406,40.44361877441406,41.22354788937399,5.1725219236686826e-05,0.7856613397598267,0.0,181.88499450683594,1.3199999332427979,40.000152587890625,GazeDirection.CENTER,47.0,183.48500061035156,1.3199999332427979,39.90010070800781
0,1,735,ScenarioState.RUNNING,50.0,128.239501953125,4.591038227081299,40.4447021484375,40.4447021484375,41.27353816927782,2.0108040189370513e-05,0.8339664340019226,0.0,183.48500061035156,1.3199999332427979,40.000152587890625,GazeDirection.CENTER,47.0,185.0749969482422,1.3299999237060547,39.91010284423828
0,1,736,ScenarioState.RUNNING,50.0,129.8573455810547,4.582198619842529,40.44754409790039,40.44754409790039,41.27353816927782,-6.054408004274592e-05,0.8328997492790222,0.0,185.0749969482422,1.3299999237060547,39.750694274902344,GazeDirection.CENTER,47.0,186.6750030517578,1.3299999237060547,39.91007995605469
0,1,737,ScenarioState.RUNNING,50.0,131.47532653808594,4.573360443115234,40.451839447021484,40.451839447021484,41.27353816927782,2.3048163711791858e-05,0.8300720453262329,0.0,186.6750030517578,1.3299999237060547,40.000152587890625,GazeDirection.CENTER,47.0,188.26499938964844,1.3399999141693115,39.92007827758789
0,1,738,ScenarioState.RUNNING,50.0,133.093505859375,4.564526081085205,40.45714569091797,40.45714569091797,41.27702242444386,3.715065395226702e-05,0.8292737603187561,0.0,188.26499938964844,1.3399999141693115,39.750694274902344,GazeDirection.CENTER,47.0,189.864990234375,1.3399999141693115,39.92007827758789
0,1,739,ScenarioState.RUNNING,50.0,134.71194458007812,4.555695056915283,40.46321487426758,40.46321487426758,41.27702242444386,3.715065395226702e-05,0.8292737603187561,0.0,189.864990234375,1.3399999141693115,39.99977111816406,GazeDirection.CENTER,47.0,191.46499633789062,1.3399999141693115,39.93006134033203
0,1,740,ScenarioState.RUNNING,50.0,136.33062744140625,4.546860694885254,40.469635009765625,40.469635009765625,41.27702242444386,-7.83932046033442e-05,0.8178764581680298,0.0,191.46499633789062,1.3399999141693115,40.000152587890625,GazeDirection.CENTER,47.0,193.06500244140625,1.350000023841858,39.93006134033203
0,1,741,ScenarioState.RUNNING,50.0,137.94955444335938,4.538023948669434,40.47587585449219,40.47587585449219,41.28698299072295,-2.4072511223494075e-05,0.8214071393013,0.0,193.06500244140625,1.350000023841858,40.00093460083008,GazeDirection.CENTER,47.0,194.65499877929688,1.350000023841858,39.94004440307617
0,1,742,ScenarioState.RUNNING,50.0,139.56871032714844,4.529188632965088,40.48195266723633,40.48195266723633,41.28698299072295,1.4080395885684993e-05,0.8151766061782837,0.0,194.65499877929688,1.350000023841858,39.749908447265625,GazeDirection.CENTER,47.0,196.2449951171875,1.350000023841858,39.94004440307617
0,1,743,ScenarioState.RUNNING,50.0,141.18812561035156,4.52035665512085,40.48748016357422,40.48748016357422,41.28698299072295,4.386191358207725e-05,0.8091096878051758,0.0,196.2449951171875,1.350000023841858,39.749908447265625,GazeDirection.CENTER,47.0,197.84500122070312,1.3600000143051147,39.95004653930664
0,1,744,ScenarioState.RUNNING,50.0,142.80770874023438,4.511524677276611,40.49142074584961,40.49142074584961,41.25478300621936,-1.312065160163911e-05,0.7713750600814819,0.0,197.84500122070312,1.3600000143051147,40.00093460083008,GazeDirection.CENTER,47.0,199.43499755859375,1.3600000143051147,39.95003128051758
0,1,745,ScenarioState.RUNNING,50.0,144.42735290527344,4.502689838409424,40.49217987060547,40.49217987060547,41.25478300621936,-4.1449871787335724e-05,0.7674011588096619,0.0,199.43499755859375,1.3600000143051147,39.749908447265625,GazeDirection.CENTER,47.0,201.0449981689453,1.3600000143051147,39.96002960205078
0,1,746,ScenarioState.RUNNING,50.0,146.0469512939453,4.4938554763793945,40.49005126953125,40.49005126953125,41.25478300621936,-6.259602741920389e-06,0.7666089534759521,0.0,201.0449981689453,1.3600000143051147,40.25001525878906,GazeDirection.CENTER,47.0,202.64498901367188,1.3700000047683716,39.960018157958984
0,1,747,ScenarioState.RUNNING,50.0,147.66641235351562,4.485025405883789,40.48719024658203,40.48719024658203,41.340139217877685,5.245142165222205e-05,0.8541058301925659,0.0,202.64498901367188,1.3700000047683716,40.000553131103516,GazeDirection.CENTER,47.0,204.2449951171875,1.3700000047683716,39.97001266479492
0,1,748,ScenarioState.RUNNING,50.0,149.28587341308594,4.476194381713867,40.48809814453125,40.48809814453125,41.340139217877685,-4.8276673624059185e-05,0.8569806814193726,0.0,204.2449951171875,1.3700000047683716,40.000152587890625,GazeDirection.CENTER,47.0,205.84500122070312,1.3700000047683716,39.97001266479492
0,1,749,ScenarioState.RUNNING,50.0,150.9054718017578,4.467358112335205,40.492618560791016,40.492618560791016,41.340139217877685,-4.8276673624059185e-05,0.8569806814193726,0.0,205.84500122070312,1.3700000047683716,40.000152587890625,GazeDirection.CENTER,47.0,207.4449920654297,1.3700000047683716,39.980003356933594
0,1,750,ScenarioState.RUNNING,50.0,152.5253143310547,4.45852518081665,40.49909591674805,40.49909591674805,41.30241158413039,7.86332821007818e-05,0.8138388395309448,0.0,207.4449920654297,1.3700000047683716,39.99977111816406,GazeDirection.CENTER,47.0,209.0449981689453,1.3700000047683716,39.980003356933594
0,1,751,ScenarioState.RUNNING,50.0,154.14540100097656,4.449691295623779,40.50495910644531,40.50495910644531,41.30241158413039,-3.036123416677583e-06,0.8073544502258301,0.0,209.0449981689453,1.3700000047683716,40.000152587890625,GazeDirection.CENTER,47.0,210.63499450683594,1.3700000047683716,39.9900016784668
0,1,752,ScenarioState.RUNNING,50.0,155.76571655273438,4.440853595733643,40.50973129272461,40.50973129272461,41.30241158413039,-2.517833127058111e-05,0.8014844655990601,0.0,210.63499450683594,1.3700000047683716,39.749908447265625,GazeDirection.CENTER,47.0,212.22499084472656,1.3700000047683716,39.9900016784668
0,1,753,ScenarioState.RUNNING,50.0,157.3861541748047,4.432013988494873,40.512454986572266,40.512454986572266,41.26769053247716,9.050568223756272e-06,0.761967658996582,0.0,212.22499084472656,1.3700000047683716,39.749908447265625,GazeDirection.CENTER,47.0,213.8249969482422,1.3700000047683716,40.0
0,1,754,ScenarioState.RUNNING,50.0,159.00662231445312,4.423173904418945,40.511573791503906,40.511573791503906,41.26769053247716,-2.228906669188291e-05,0.7592379450798035,0.0,213.8249969482422,1.3700000047683716,40.000152587890625,GazeDirection.CENTER,47.0,215.42498779296875,1.3700000047683716,40.0099983215332
0,1,755,ScenarioState.RUNNING,50.0,160.62693786621094,4.414334774017334,40.50755310058594,40.50755310058594,41.26769053247716,1.94737731362693e-05,0.7601155042648315,0.0,215.42498779296875,1.3700000047683716,39.99977111816406,GazeDirection.CENTER,47.0,217.02499389648438,1.3700000047683716,40.0099983215332
0,1,756,ScenarioState.RUNNING,50.0,162.24705505371094,4.4054975509643555,40.50225067138672,40.50225067138672,41.31688276252647,9.331360161013436e-06,0.8133518099784851,0.0,217.02499389648438,1.3700000047683716,40.000152587890625,GazeDirection.CENTER,47.0,218.625,1.3700000047683716,40.02000427246094
0,1,757,ScenarioState.RUNNING,50.0,163.86700439453125,4.396658897399902,40.498565673828125,40.498565673828125,41.31688276252647,-3.030455445696134e-05,0.8186364769935608,0.0,218.625,1.3700000047683716,40.000152587890625,GazeDirection.CENTER,47.0,220.23500061035156,1.3700000047683716,40.02000427246094
0,1,758,ScenarioState.RUNNING,50.0,165.48684692382812,4.387820243835449,40.49668502807617,40.49668502807617,41.31688276252647,7.399003152386285e-06,0.8223041892051697,0.0,220.23500061035156,1.3700000047683716,40.25001525878906,GazeDirection.CENTER,47.0,221.83499145507812,1.3700000047683716,40.03001022338867
0,1,759,ScenarioState.RUNNING,50.0,167.106689453125,4.3789825439453125,40.49708557128906,40.49708557128906,41.344031381539516,2.0046949430252425e-05,0.8513311147689819,0.0,221.83499145507812,1.3700000047683716,39.99977111816406,GazeDirection.CENTER,47.0,223.42498779296875,1.3700000047683716,40.03001022338867
0,1,760,ScenarioState.RUNNING,50.0,168.7266387939453,4.370143413543701,40.50069808959961,40.50069808959961,41.344031381539516,-1.2545028766908217e-05,0.8509491086006165,0.0,223.42498779296875,1.3700000047683716,39.749908447265625,GazeDirection.CENTER,47.0,225.02499389648438,1.3700000047683716,40.04001235961914
0,1,761,ScenarioState.RUNNING,50.0,170.34678649902344,4.361301422119141,40.50687789916992,40.50687789916992,41.344031381539516,-1.5321111277444288e-05,0.8473566174507141,0.0,225.02499389648438,1.3700000047683716,40.000152587890625,GazeDirection.CENTER,47.0,226.63499450683594,1.3600000143051147,40.04001998901367
0,1,762,ScenarioState.RUNNING,50.0,171.96725463867188,4.3524580001831055,40.51405334472656,40.51405334472656,41.30966199973026,7.783264663885348e-06,0.8068100810050964,0.0,226.63499450683594,1.3600000143051147,40.25079345703125,GazeDirection.CENTER,47.0,228.22499084472656,1.3600000143051147,40.050018310546875
0,1,763,ScenarioState.RUNNING,50.0,173.5879669189453,4.3436126708984375,40.519927978515625,40.519927978515625,41.30966199973026,-1.0858627774723573e-06,0.7996534705162048,0.0,228.22499084472656,1.3600000143051147,39.749908447265625,GazeDirection.CENTER,47.0,229.8249969482422,1.3600000143051147,40.05002975463867
0,1,764,ScenarioState.RUNNING,50.0,175.20887756347656,4.334765911102295,40.5242805480957,40.5242805480957,41.30966199973026,-1.0858627774723573e-06,0.7996534705162048,0.0,229.8249969482422,1.3600000143051147,40.000152587890625,GazeDirection.CENTER,47.0,231.43499755859375,1.3600000143051147,40.06003189086914
0,1,765,ScenarioState.RUNNING,50.0,176.82992553710938,4.325917720794678,40.52742004394531,40.52742004394531,41.32166353178072,-2.83257509181567e-06,0.8014656901359558,0.0,231.43499755859375,1.3600000143051147,40.25001525878906,GazeDirection.CENTER,47.0,233.0349884033203,1.350000023841858,40.06003189086914
0,1,766,ScenarioState.RUNNING,50.0,178.4510498046875,4.317069053649902,40.52959442138672,40.52959442138672,41.32166353178072,2.307194790773792e-06,0.79831862449646,0.0,233.0349884033203,1.350000023841858,40.000553131103516,GazeDirection.CENTER,47.0,234.64498901367188,1.350000023841858,40.070045471191406
0,1,767,ScenarioState.RUNNING,50.0,180.0722198486328,4.3082194328308105,40.53081512451172,40.53081512451172,41.32166353178072,-2.8335182378214085e-06,0.7961329817771912,0.0,234.64498901367188,1.350000023841858,40.25001525878906,GazeDirection.CENTER,47.0,236.2449951171875,1.350000023841858,40.070045471191406
0,1,768,ScenarioState.RUNNING,50.0,181.69346618652344,4.299368858337402,40.532073974609375,40.532073974609375,41.36461645350775,-2.8241181553312344e-06,0.8378729820251465,0.0,236.2449951171875,1.350000023841858,40.000152587890625,GazeDirection.CENTER,47.0,237.85499572753906,1.3399999141693115,40.08004379272461
0,1,769,ScenarioState.RUNNING,50.0,183.3147735595703,4.290517330169678,40.53529739379883,40.53529739379883,41.36461645350775,-6.571629910467891e-06,0.8366066813468933,0.0,237.85499572753906,1.3399999141693115,40.25079345703125,GazeDirection.CENTER,47.0,239.4550018310547,1.3399999141693115,40.08004379272461
0,1,770,ScenarioState.RUNNING,50.0,184.936279296875,4.281664848327637,40.54011917114258,40.54011917114258,41.36461645350775,8.680487553647254e-06,0.8333744406700134,0.0,239.4550018310547,1.3399999141693115,40.000152587890625,GazeDirection.CENTER,47.0,241.0649871826172,1.3399999141693115,40.09006118774414
0,1,771,ScenarioState.RUNNING,50.0,186.5580291748047,4.272810935974121,40.54520034790039,40.54520034790039,41.331037314088505,9.14020711206831e-06,0.7949473261833191,0.0,241.0649871826172,1.3399999141693115,40.2496337890625,GazeDirection.CENTER,47.0,242.67498779296875,1.3299999237060547,40.09006118774414
0,1,772,ScenarioState.RUNNING,50.0,188.17990112304688,4.263955116271973,40.548553466796875,40.548553466796875,41.331037314088505,-1.5965477359713987e-05,0.7898576855659485,0.0,242.67498779296875,1.3299999237060547,40.25079345703125,GazeDirection.CENTER,47.0,244.2949981689453,1.3299999237060547,40.100059509277344
0,1,773,ScenarioState.RUNNING,50.0,189.80184936523438,4.255098342895508,40.55005645751953,40.55005645751953,41.331037314088505,-1.414054713677615e-05,0.7864980101585388,0.0,244.2949981689453,1.3299999237060547,40.50025939941406,GazeDirection.CENTER,47.0,245.89498901367188,1.3299999237060547,40.100059509277344
0,1,774,ScenarioState.RUNNING,50.0,191.42384338378906,4.246241569519043,40.5513801574707,40.5513801574707,41.40530693271957,2.0129324184381403e-05,0.8592973947525024,0.0,245.89498901367188,1.3299999237060547,39.99977111816406,GazeDirection.CENTER,47.0,247.50498962402344,1.3199999332427979,40.11006164550781
0,1,775,ScenarioState.RUNNING,50.0,193.0459747314453,4.237385272979736,40.5560188293457,40.5560188293457,41.40530693271957,9.091933861782309e-06,0.8580019474029541,0.0,247.50498962402344,1.3199999332427979,40.25079345703125,GazeDirection.CENTER,47.0,249.114990234375,1.3199999332427979,40.11006164550781
0,1,776,ScenarioState.RUNNING,50.0,194.66835021972656,4.2285261154174805,40.5634880065918,40.5634880065918,41.40530693271957,-2.5241612092941068e-05,0.8533908128738403,0.0,249.114990234375,1.3199999332427979,40.25001525878906,GazeDirection.CENTER,47.0,250.71499633789062,1.3199999332427979,40.120059967041016
0,1,777,ScenarioState.RUNNING,50.0,196.29110717773438,4.219663143157959,40.572322845458984,40.572322845458984,41.382011649150755,-3.241888407501392e-06,0.8226395845413208,0.0,250.71499633789062,1.3199999332427979,40.000152587890625,GazeDirection.CENTER,47.0,252.3249969482422,1.309999942779541,40.120059967041016
0,1,778,ScenarioState.RUNNING,50.0,197.91421508789062,4.210798740386963,40.58078384399414,40.58078384399414,41.382011649150755,-3.241888407501392e-06,0.8226395845413208,0.0,252.3249969482422,1.309999942779541,40.25079345703125,GazeDirection.CENTER,47.0,253.9149932861328,1.309999942779541,40.120059967041016
0,1,779,ScenarioState.RUNNING,50.0,199.53762817382812,4.201932907104492,40.58845520019531,40.58845520019531,41.382011649150755,1.1260113751632161e-05,0.8053160309791565,0.0,253.9149932861328,1.309999942779541,39.749908447265625,GazeDirection.CENTER,47.0,255.51499938964844,1.309999942779541,40.130062103271484
0,1,780,ScenarioState.RUNNING,50.0,201.16128540039062,4.193066120147705,40.592872619628906,40.592872619628906,41.309715196950464,1.1996878129139077e-05,0.7252941727638245,0.0,255.51499938964844,1.309999942779541,40.000152587890625,GazeDirection.CENTER,47.0,257.125,1.309999942779541,40.130062103271484
0,1,781,ScenarioState.RUNNING,50.0,202.784912109375,4.184197902679443,40.590721130371094,40.590721130371094,41.309715196950464,-2.2179150619194843e-05,0.7208397388458252,0.0,257.125,1.309999942779541,40.25001525878906,GazeDirection.CENTER,47.0,258.7349853515625,1.2999999523162842,40.14006042480469
0,1,782,ScenarioState.RUNNING,50.0,204.4082794189453,4.175328731536865,40.58280944824219,40.58280944824219,41.309715196950464,-2.2179150619194843e-05,0.7208397388458252,0.0,258.7349853515625,1.2999999523162842,40.25041198730469,GazeDirection.CENTER,47.0,260.32501220703125,1.2999999523162842,40.14006042480469
0,1,783,ScenarioState.RUNNING,50.0,206.03126525878906,4.166464328765869,40.57210922241211,40.57210922241211,41.40477093438093,3.79650664399378e-05,0.8259449601173401,0.0,260.32501220703125,1.2999999523162842,39.75067138671875,GazeDirection.CENTER,47.0,261.93499755859375,1.2999999523162842,40.14006042480469
0,1,784,ScenarioState.RUNNING,50.0,207.65386962890625,4.157602310180664,40.564659118652344,40.564659118652344,41.40477093438093,4.385700322018238e-06,0.8366339206695557,0.0,261.93499755859375,1.2999999523162842,40.2496337890625,GazeDirection.CENTER,47.0,263.5450134277344,1.2999999523162842,40.150062561035156
0,1,785,ScenarioState.RUNNING,50.0,209.27630615234375,4.148739814758301,40.56110382080078,40.56110382080078,41.40477093438093,-1.9577075363486074e-05,0.8440771102905273,0.0,263.5450134277344,1.2999999523162842,40.250396728515625,GazeDirection.CENTER,47.0,265.1650085449219,1.2899999618530273,40.150062561035156
0,1,786,ScenarioState.RUNNING,50.0,210.89871215820312,4.139876365661621,40.56074523925781,40.56074523925781,41.38742667537427,-8.928467650548555e-06,0.8302766680717468,0.0,265.1650085449219,1.2899999618530273,40.500648498535156,GazeDirection.CENTER,47.0,266.7749938964844,1.2899999618530273,40.150062561035156
0,1,787,ScenarioState.RUNNING,50.0,212.52114868164062,4.131013870239258,40.56233596801758,40.56233596801758,41.38742667537427,2.6063635232276283e-05,0.8306393027305603,0.0,266.7749938964844,1.2899999618530273,40.2496337890625,GazeDirection.CENTER,47.0,268.375,1.2899999618530273,40.16006088256836
0,1,788,ScenarioState.RUNNING,50.0,214.14370727539062,4.122150897979736,40.56542205810547,40.56542205810547,41.38742667537427,-7.629995707247872e-06,0.8290562629699707,0.0,268.375,1.2899999618530273,40.000152587890625,GazeDirection.CENTER,47.0,269.9849853515625,1.2899999618530273,40.16006088256836
0,1,789,ScenarioState.RUNNING,50.0,215.76641845703125,4.113286018371582,40.568668365478516,40.568668365478516,41.34695993492408,-2.039883656834718e-05,0.7854936122894287,0.0,269.9849853515625,1.2899999618530273,40.2496337890625,GazeDirection.CENTER,47.0,271.5950012207031,1.2799999713897705,40.16006088256836
0,1,790,ScenarioState.RUNNING,50.0,217.38917541503906,4.1044206619262695,40.56989669799805,40.56989669799805,41.34695993492408,1.331008297711378e-05,0.7822757959365845,0.0,271.5950012207031,1.2799999713897705,40.25117492675781,GazeDirection.CENTER,47.0,273.19500732421875,1.2799999713897705,40.17005920410156
0,1,791,ScenarioState.RUNNING,50.0,219.01193237304688,4.095556735992432,40.569183349609375,40.569183349609375,41.34695993492408,1.484987478761468e-05,0.7810776233673096,0.0,273.19500732421875,1.2799999713897705,40.000152587890625,GazeDirection.CENTER,47.0,274.7950134277344,1.2799999713897705,40.17005920410156
0,1,792,ScenarioState.RUNNING,50.0,220.6345977783203,4.0866923332214355,40.56695556640625,40.56695556640625,41.3514809070401,-1.9996148694190197e-05,0.7863435745239258,0.0,274.7950134277344,1.2799999713897705,40.000152587890625,GazeDirection.CENTER,47.0,276.4049987792969,1.2799999713897705,40.17005920410156
0,1,793,ScenarioState.RUNNING,50.0,222.25718688964844,4.077827453613281,40.563804626464844,40.563804626464844,41.3514809070401,-1.0566376658971421e-05,0.7885526418685913,0.0,276.4049987792969,1.2799999713897705,40.2496337890625,GazeDirection.CENTER,47.0,277.9949951171875,1.2699999809265137,40.18006134033203
0,1,794,ScenarioState.RUNNING,50.0,223.87957763671875,4.068965435028076,40.560123443603516,40.560123443603516,41.3514809070401,2.5163872123812325e-05,0.7916810512542725,0.0,277.9949951171875,1.2699999809265137,39.750694274902344,GazeDirection.CENTER,47.0,279.6050109863281,1.2699999809265137,40.18006134033203
0,1,795,ScenarioState.RUNNING,50.0,225.50184631347656,4.0601043701171875,40.55506134033203,40.55506134033203,41.29865206871161,-8.86484940565424e-06,0.7424826622009277,0.0,279.6050109863281,1.2699999809265137,40.250396728515625,GazeDirection.CENTER,47.0,281.2049865722656,1.2699999809265137,40.18006134033203
0,1,796,ScenarioState.RUNNING,50.0,227.12380981445312,4.051243305206299,40.546695709228516,40.546695709228516,41.29865206871161,-1.1108793842140585e-05,0.747503399848938,0.0,281.2049865722656,1.2699999809265137,39.9993896484375,GazeDirection.CENTER,47.0,282.81500244140625,1.2599999904632568,40.190059661865234
0,1,797,ScenarioState.RUNNING,50.0,228.745361328125,4.042385101318359,40.53594970703125,40.53594970703125,41.29865206871161,1.6910511249079718e-06,0.7558316588401794,0.0,282.81500244140625,1.2599999904632568,40.25117492675781,GazeDirection.CENTER,47.0,284.42498779296875,1.2599999904632568,40.190059661865234
0,1,798,ScenarioState.RUNNING,50.0,230.36648559570312,4.033530235290527,40.52536392211914,40.52536392211914,41.375187567860436,1.3336113624973223e-05,0.8431202173233032,0.0,284.42498779296875,1.2599999904632568,40.2496337890625,GazeDirection.CENTER,47.0,286.0350036621094,1.2599999904632568,40.190059661865234
0,1,799,ScenarioState.RUNNING,50.0,231.9873046875,4.024676322937012,40.519466400146484,40.519466400146484,41.375187567860436,-1.1182096386619378e-05,0.8537401556968689,0.0,286.0350036621094,1.2599999904632568,40.250396728515625,GazeDirection.CENTER,47.0,287.6549987792969,1.25,40.2000617980957
0,1,800,ScenarioState.RUNNING,50.0,233.60800170898438,4.0158233642578125,40.51839828491211,40.51839828491211,41.375187567860436,1.4683021163364174e-06,0.8596763610839844,0.0,287.6549987792969,1.25,40.500648498535156,GazeDirection.CENTER,47.0,289.2650146484375,1.25,40.2000617980957
0,1,801,ScenarioState.RUNNING,50.0,235.22882080078125,4.006970405578613,40.52174377441406,40.52174377441406,41.384292606403505,1.5000867961134645e-06,0.8698939681053162,0.0,289.2650146484375,1.25,40.250396728515625,GazeDirection.CENTER,47.0,290.864990234375,1.25,40.2000617980957
0,1,802,ScenarioState.RUNNING,50.0,236.84988403320312,3.9981157779693604,40.52904510498047,40.52904510498047,41.384292606403505,-9.693619631434558e-07,0.8665885925292969,0.0,290.864990234375,1.25,39.9993896484375,GazeDirection.CENTER,47.0,292.4750061035156,1.2400000095367432,40.210060119628906
0,1,803,ScenarioState.RUNNING,50.0,238.47129821777344,3.989258289337158,40.53925323486328,40.53925323486328,41.384292606403505,-1.0548898899287451e-05,0.8593226075172424,0.0,292.4750061035156,1.2400000095367432,40.25117492675781,GazeDirection.CENTER,47.0,294.0849914550781,1.2400000095367432,40.21004104614258
0,1,804,ScenarioState.RUNNING,50.0,240.09320068359375,3.9803993701934814,40.55073165893555,40.55073165893555,41.36328934033066,1.2758715456584468e-05,0.8281294107437134,0.0,294.0849914550781,1.2400000095367432,40.2496337890625,GazeDirection.CENTER,47.0,295.69500732421875,1.2400000095367432,40.21004104614258
0,1,805,ScenarioState.RUNNING,50.0,241.71551513671875,3.971538543701172,40.56148147583008,40.56148147583008,41.36328934033066,-3.977112896791368e-07,0.8166880011558533,0.0,295.69500732421875,1.2400000095367432,40.250396728515625,GazeDirection.CENTER,47.0,297.31500244140625,1.2300000190734863,40.22004318237305
0,1,806,ScenarioState.RUNNING,50.0,243.3382110595703,3.962674856185913,40.570743560791016,40.570743560791016,41.36328934033066,-1.0752090929599945e-05,0.8059672713279724,0.0,297.31500244140625,1.2300000190734863,40.500648498535156,GazeDirection.CENTER,47.0,298.92498779296875,1.2300000190734863,40.22004318237305
0,1,807,ScenarioState.RUNNING,50.0,244.9612579345703,3.9538090229034424,40.57917785644531,40.57917785644531,41.41392005821314,6.492577426797652e-07,0.8473815321922302,0.0,298.92498779296875,1.2300000190734863,40.2496337890625,GazeDirection.CENTER,47.0,300.5249938964844,1.2300000190734863,40.22003173828125
0,1,808,ScenarioState.RUNNING,50.0,246.58465576171875,3.944941997528076,40.588687896728516,40.588687896728516,41.41392005821314,-1.4185615100359428e-06,0.8389449715614319,0.0,300.5249938964844,1.2300000190734863,40.000152587890625,GazeDirection.CENTER,47.0,302.1349792480469,1.2300000190734863,40.22003173828125
0,1,809,ScenarioState.RUNNING,50.0,248.20843505859375,3.936072826385498,40.59857177734375,40.59857177734375,41.41392005821314,2.2686698741836153e-07,0.829422652721405,0.0,302.1349792480469,1.2300000190734863,40.2496337890625,GazeDirection.CENTER,47.0,303.7349853515625,1.2300000190734863,40.23003005981445
0,1,810,ScenarioState.RUNNING,50.0,249.83261108398438,3.927201747894287,40.60780715942383,40.60780715942383,41.402412933070785,4.506672155457636e-07,0.808005690574646,0.0,303.7349853515625,1.2300000190734863,40.000152587890625,GazeDirection.CENTER,47.0,305.3450012207031,1.2200000286102295,40.23003005981445
0,1,811,ScenarioState.RUNNING,50.0,251.4571075439453,3.9183287620544434,40.61526107788086,40.61526107788086,41.402412933070785,-2.1451146494655404e-06,0.7987346649169922,0.0,305.3450012207031,1.2200000286102295,40.25117492675781,GazeDirection.CENTER,47.0,306.9549865722656,1.2200000286102295,40.230018615722656
0,1,812,ScenarioState.RUNNING,50.0,253.08181762695312,3.909454584121704,40.62059783935547,40.62059783935547,41.402412933070785,1.8243785859795025e-07,0.7912430763244629,0.0,306.9549865722656,1.2200000286102295,40.2496337890625,GazeDirection.CENTER,47.0,308.56500244140625,1.2200000286102295,40.240020751953125
0,1,813,ScenarioState.RUNNING,50.0,254.70668029785156,3.9005796909332275,40.62410354614258,40.62410354614258,41.41965961673092,3.0424004648921255e-07,0.8031249046325684,0.0,308.56500244140625,1.2200000286102295,40.250396728515625,GazeDirection.CENTER,47.0,310.17498779296875,1.2200000286102295,40.240020751953125
0,1,814,ScenarioState.RUNNING,50.0,256.3316650390625,3.8917043209075928,40.6265983581543,40.6265983581543,41.41965961673092,-2.2019307834852953e-06,0.7996049523353577,0.0,310.17498779296875,1.2200000286102295,40.2496337890625,GazeDirection.CENTER,47.0,311.7850036621094,1.2200000286102295,40.240020751953125
0,1,815,ScenarioState.RUNNING,50.0,257.95672607421875,3.8828284740448,40.628089904785156,40.628089904785156,41.41965961673092,-8.775754878342923e-08,0.7971003651618958,0.0,311.7850036621094,1.2200000286102295,40.250396728515625,GazeDirection.CENTER,47.0,313.3849792480469,1.2200000286102295,40.2500114440918
0,1,816,ScenarioState.RUNNING,50.0,259.5818176269531,3.873952865600586,40.628780364990234,40.628780364990234,41.427028474704265,8.81265762586736e-08,0.8029762506484985,0.0,313.3849792480469,1.2200000286102295,39.9993896484375,GazeDirection.CENTER,47.0,314.9949951171875,1.2200000286102295,40.2500114440918
0,1,817,ScenarioState.RUNNING,50.0,261.2069396972656,3.865077018737793,40.629085540771484,40.629085540771484,41.427028474704265,-2.30833506975614e-06,0.8022633194923401,0.0,314.9949951171875,1.2200000286102295,40.250396728515625,GazeDirection.CENTER,47.0,316.5950012207031,1.209999918937683,40.2500114440918
0,1,818,ScenarioState.RUNNING,50.0,262.83209228515625,3.856201648712158,40.62905502319336,40.62905502319336,41.427028474704265,-3.9401592744070513e-07,0.8019397258758545,0.0,316.5950012207031,1.209999918937683,40.00093460083008,GazeDirection.CENTER,47.0,318.2049865722656,1.209999918937683,40.2500114440918
0,1,819,ScenarioState.RUNNING,50.0,264.45721435546875,3.8473260402679443,40.62783432006836,40.62783432006836,41.386301197727015,-8.813262297735491e-07,0.7612090110778809,0.0,318.2049865722656,1.209999918937683,40.2496337890625,GazeDirection.CENTER,47.0,319.81500244140625,1.209999918937683,40.26000213623047
0,1,820,ScenarioState.RUNNING,50.0,266.0821838378906,3.8384509086608887,40.623756408691406,40.623756408691406,41.386301197727015,-2.6575635274639353e-06,0.7624070048332214,0.0,319.81500244140625,1.209999918937683,40.250396728515625,GazeDirection.CENTER,47.0,321.42498779296875,1.209999918937683,40.26000213623047
0,1,821,ScenarioState.RUNNING,50.0,267.7069396972656,3.8295767307281494,40.61739730834961,40.61739730834961,41.386301197727015,-6.188830070641416e-07,0.76646888256073,0.0,321.42498779296875,1.209999918937683,40.2496337890625,GazeDirection.CENTER,47.0,323.0450134277344,1.209999918937683,40.26000213623047
0,1,822,ScenarioState.RUNNING,50.0,269.3313903808594,3.820704221725464,40.61042404174805,40.61042404174805,41.42479437238463,-3.749046300072223e-07,0.8113312721252441,0.0,323.0450134277344,1.209999918937683,40.500640869140625,GazeDirection.CENTER,47.0,324.66497802734375,1.209999918937683,40.27000427246094
0,1,823,ScenarioState.RUNNING,50.0,270.95562744140625,3.811833381652832,40.605255126953125,40.605255126953125,41.42479437238463,9.631044122215826e-06,0.8183122277259827,0.0,324.66497802734375,1.209999918937683,40.499114990234375,GazeDirection.CENTER,47.0,326.2749938964844,1.209999918937683,40.27000427246094
0,1,824,ScenarioState.RUNNING,50.0,272.5797119140625,3.8029632568359375,40.60213088989258,40.60213088989258,41.42479437238463,-1.1608623935899232e-05,0.8234931230545044,0.0,326.2749938964844,1.209999918937683,40.250396728515625,GazeDirection.CENTER,47.0,327.8849792480469,1.209999918937683,40.27000427246094
0,1,825,ScenarioState.RUNNING,50.0,274.2037353515625,3.794093132019043,40.6007194519043,40.6007194519043,41.412813824637816,-8.638367035018746e-07,0.8146456480026245,0.0,327.8849792480469,1.209999918937683,40.2496337890625,GazeDirection.CENTER,47.0,329.5050048828125,1.209999918937683,40.27000427246094
0,1,826,ScenarioState.RUNNING,50.0,275.8277282714844,3.7852237224578857,40.600303649902344,40.600303649902344,41.412813824637816,-1.8692967387323733e-06,0.816063642501831,0.0,329.5050048828125,1.209999918937683,40.500640869140625,GazeDirection.CENTER,47.0,331.114990234375,1.209999918937683,40.279998779296875
0,1,827,ScenarioState.RUNNING,50.0,277.45172119140625,3.7763543128967285,40.600738525390625,40.600738525390625,41.412813824637816,1.0507490515010431e-05,0.8164865970611572,0.0,331.114990234375,1.209999918937683,40.2496337890625,GazeDirection.CENTER,47.0,332.7250061035156,1.209999918937683,40.279998779296875
0,1,828,ScenarioState.RUNNING,50.0,279.0757751464844,3.767484426498413,40.6017951965332,40.6017951965332,41.40939487468846,-1.1824639841506723e-05,0.8126381039619446,0.0,332.7250061035156,1.209999918937683,40.250396728515625,GazeDirection.CENTER,47.0,334.3450012207031,1.209999918937683,40.279998779296875
0,1,829,ScenarioState.RUNNING,50.0,280.6998596191406,3.7586135864257812,40.6031379699707,40.6031379699707,41.40939487468846,-2.3419172521244036e-06,0.8116065859794617,0.0,334.3450012207031,1.209999918937683,40.4998779296875,GazeDirection.CENTER,47.0,335.9549865722656,1.209999918937683,40.290000915527344
0,1,830,ScenarioState.RUNNING,50.0,282.3240051269531,3.7497429847717285,40.6046257019043,40.6046257019043,41.40939487468846,1.105511728383135e-05,0.8102877140045166,0.0,335.9549865722656,1.209999918937683,40.2496337890625,GazeDirection.CENTER,47.0,337.5749816894531,1.209999918937683,40.290000915527344
0,1,831,ScenarioState.RUNNING,50.0,283.9482116699219,3.7408719062805176,40.606170654296875,40.606170654296875,41.41116467884678,-1.1765876479330473e-05,0.8105918169021606,0.0,337.5749816894531,1.209999918937683,40.4998779296875,GazeDirection.CENTER,47.0,339.18499755859375,1.209999918937683,40.290000915527344
0,1,832,ScenarioState.RUNNING,50.0,285.5724792480469,3.731999635696411,40.60773468017578,40.60773468017578,41.41116467884678,-2.091813257720787e-06,0.809045672416687,0.0,339.18499755859375,1.209999918937683,40.250396728515625,GazeDirection.CENTER,47.0,340.79498291015625,1.209999918937683,40.290000915527344
0,1,833,ScenarioState.RUNNING,50.0,287.1968078613281,3.723128318786621,40.60920715332031,40.60920715332031,41.41116467884678,1.1218069630558603e-05,0.8074761629104614,0.0,340.79498291015625,1.209999918937683,40.2496337890625,GazeDirection.CENTER,47.0,342.4049987792969,1.209999918937683,40.30000305175781
0,1,834,ScenarioState.RUNNING,50.0,288.8211975097656,3.7142574787139893,40.61054611206055,40.61054611206055,41.41407853288634,-1.9675377416206175e-07,0.8089101910591125,0.0,342.4049987792969,1.209999918937683,40.250396728515625,GazeDirection.CENTER,47.0,344.0050048828125,1.209999918937683,40.30000305175781
0,1,835,ScenarioState.RUNNING,50.0,290.4456481933594,3.7053847312927246,40.611820220947266,40.611820220947266,41.41407853288634,-1.3716641660721507e-05,0.8075676560401917,0.0,344.0050048828125,1.209999918937683,40.000152587890625,GazeDirection.CENTER,47.0,345.614990234375,1.209999918937683,40.30000305175781
0,1,836,ScenarioState.RUNNING,50.0,292.0700988769531,3.696511745452881,40.612953186035156,40.612953186035156,41.41407853288634,-1.050548917191918e-06,0.8062886595726013,0.0,345.614990234375,1.209999918937683,40.2496337890625,GazeDirection.CENTER,47.0,347.2250061035156,1.209999918937683,40.31001281738281
0,1,837,ScenarioState.RUNNING,50.0,293.69464111328125,3.687638998031616,40.61393737792969,40.61393737792969,41.41660426897983,1.0920105523837265e-05,0.8076769709587097,0.0,347.2250061035156,1.209999918937683,40.250396728515625,GazeDirection.CENTER,47.0,348.8349914550781,1.209999918937683,40.31001281738281
0,1,838,ScenarioState.RUNNING,50.0,295.3191833496094,3.678766965866089,40.614837646484375,40.614837646484375,41.41660426897983,-1.0858124142032466e-06,0.8066897988319397,0.0,348.8349914550781,1.209999918937683,40.2496337890625,GazeDirection.CENTER,47.0,350.44500732421875,1.209999918937683,40.31001281738281
0,1,839,ScenarioState.RUNNING,50.0,296.94378662109375,3.669894218444824,40.615631103515625,40.615631103515625,41.41660426897983,-1.0858124142032466e-06,0.8066897988319397,0.0,350.44500732421875,1.209999918937683,40.250396728515625,GazeDirection.CENTER,47.0,352.06500244140625,1.2200000286102295,40.320011138916016
0,1,840,ScenarioState.RUNNING,50.0,298.5683898925781,3.661019802093506,40.616336822509766,40.616336822509766,41.418568077272475,-2.420229066046886e-05,0.8069552779197693,0.0,352.06500244140625,1.2200000286102295,40.500648498535156,GazeDirection.CENTER,47.0,353.68499755859375,1.2200000286102295,40.32001876831055
0,1,841,ScenarioState.RUNNING,50.0,300.1930236816406,3.652146100997925,40.61697006225586,40.61697006225586,41.418568077272475,2.1009233023505658e-05,0.8062474131584167,0.0,353.68499755859375,1.2200000286102295,40.4998779296875,GazeDirection.CENTER,47.0,355.30499267578125,1.2200000286102295,40.32001876831055
0,1,842,ScenarioState.RUNNING,50.0,301.8177185058594,3.6432738304138184,40.61750411987305,40.61750411987305,41.418568077272475,1.1477873158582952e-05,0.8056125044822693,0.0,355.30499267578125,1.2200000286102295,40.4998779296875,GazeDirection.CENTER,47.0,356.92498779296875,1.2200000286102295,40.32001876831055
0,1,843,ScenarioState.RUNNING,50.0,303.4423828125,3.634399652481079,40.618648529052734,40.618648529052734,41.45191597306266,-2.396160016360227e-05,0.838441789150238,0.0,356.92498779296875,1.2200000286102295,40.4998779296875,GazeDirection.CENTER,47.0,358.54498291015625,1.2200000286102295,40.330020904541016
0,1,844,ScenarioState.RUNNING,50.0,305.0672302246094,3.6255247592926025,40.62181854248047,40.62181854248047,41.45191597306266,-1.4857607766316505e-06,0.8373116254806519,0.0,358.54498291015625,1.2200000286102295,40.4998779296875,GazeDirection.CENTER,47.0,360.1549987792969,1.2200000286102295,40.33003234863281
0,1,845,ScenarioState.RUNNING,50.0,306.69219970703125,3.6166491508483887,40.626590728759766,40.626590728759766,41.45191597306266,1.0261683200951666e-05,0.8341548442840576,0.0,360.1549987792969,1.2200000286102295,40.250396728515625,GazeDirection.CENTER,47.0,361.7449951171875,1.2300000190734863,40.33003234863281
0,1,846,ScenarioState.RUNNING,50.0,308.3173828125,3.6077730655670166,40.631752014160156,40.631752014160156,41.422993994578235,-2.553988736053725e-07,0.800457775592804,0.0,361.7449951171875,1.2300000190734863,39.750694274902344,GazeDirection.CENTER,47.0,363.3450012207031,1.2300000190734863,40.340030670166016
0,1,847,ScenarioState.RUNNING,50.0,309.9427490234375,3.598895788192749,40.635501861572266,40.635501861572266,41.422993994578235,-1.0139959840671509e-06,0.7952902913093567,0.0,363.3450012207031,1.2300000190734863,40.000152587890625,GazeDirection.CENTER,47.0,364.9549865722656,1.2300000190734863,40.340030670166016
0,1,848,ScenarioState.RUNNING,50.0,311.5682067871094,3.590017318725586,40.637664794921875,40.637664794921875,41.422993994578235,-1.2449945643311366e-05,0.7915328741073608,0.0,364.9549865722656,1.2300000190734863,40.2496337890625,GazeDirection.CENTER,47.0,366.56500244140625,1.2300000190734863,40.35004425048828
0,1,849,ScenarioState.RUNNING,50.0,313.1937255859375,3.581138849258423,40.63850784301758,40.63850784301758,41.431522850468696,1.0395834578957874e-05,0.7978948354721069,0.0,366.56500244140625,1.2300000190734863,40.250396728515625,GazeDirection.CENTER,47.0,368.17498779296875,1.2400000095367432,40.35004425048828
0,1,850,ScenarioState.RUNNING,50.0,314.8192443847656,3.572260856628418,40.638545989990234,40.638545989990234,41.431522850468696,-7.752017836537561e-07,0.7970468401908875,0.0,368.17498779296875,1.2400000095367432,40.25041198730469,GazeDirection.CENTER,47.0,369.7749938964844,1.2400000095367432,40.35004425048828
0,1,851,ScenarioState.RUNNING,50.0,316.44476318359375,3.563382387161255,40.6379280090332,40.6379280090332,41.431522850468696,-8.573324521421455e-07,0.7970040440559387,0.0,369.7749938964844,1.2400000095367432,40.000152587890625,GazeDirection.CENTER,47.0,371.3949890136719,1.2400000095367432,40.36004638671875
0,1,852,ScenarioState.RUNNING,50.0,318.0701904296875,3.554504632949829,40.6358642578125,40.6358642578125,41.39003026761711,-1.2266034900676459e-05,0.7561047077178955,0.0,371.3949890136719,1.2400000095367432,40.4998779296875,GazeDirection.CENTER,47.0,373.0050048828125,1.25,40.36004638671875
0,1,853,ScenarioState.RUNNING,50.0,319.6954650878906,3.5456273555755615,40.6307487487793,40.6307487487793,41.39003026761711,9.429336387256626e-06,0.7581283450126648,0.0,373.0050048828125,1.25,40.25117492675781,GazeDirection.CENTER,47.0,374.6349792480469,1.25,40.36004638671875
0,1,854,ScenarioState.RUNNING,50.0,321.3204650878906,3.5367519855499268,40.62326431274414,40.62326431274414,41.39003026761711,-5.385200552154856e-07,0.7632068395614624,0.0,374.6349792480469,1.25,40.749359130859375,GazeDirection.CENTER,47.0,376.2550048828125,1.25,40.370059967041016
0,1,855,ScenarioState.RUNNING,50.0,322.9451599121094,3.5278782844543457,40.61592483520508,40.61592483520508,41.48378919137638,-9.046270861290395e-07,0.8644654154777527,0.0,376.2550048828125,1.25,40.500640869140625,GazeDirection.CENTER,47.0,377.875,1.25,40.370059967041016
0,1,856,ScenarioState.RUNNING,50.0,324.5697021484375,3.519005060195923,40.6139030456543,40.6139030456543,41.48378919137638,-7.573963785034721e-07,0.8718405961990356,0.0,377.875,1.25,40.4998779296875,GazeDirection.CENTER,47.0,379.4849853515625,1.2599999904632568,40.380062103271484
0,1,857,ScenarioState.RUNNING,50.0,326.1943054199219,3.510131359100342,40.61711883544922,40.61711883544922,41.48378919137638,-6.486903885161155e-07,0.8739017248153687,0.0,379.4849853515625,1.2599999904632568,40.25041198730469,GazeDirection.CENTER,47.0,381.10498046875,1.2599999904632568,40.380062103271484
0,1,858,ScenarioState.RUNNING,50.0,327.8191223144531,3.5012569427490234,40.62311935424805,40.62311935424805,41.41742397530849,-5.595308039119118e-07,0.804327130317688,0.0,381.10498046875,1.2599999904632568,40.4998779296875,GazeDirection.CENTER,47.0,382.7049865722656,1.2599999904632568,40.380062103271484
0,1,859,ScenarioState.RUNNING,50.0,329.4442138671875,3.4923808574676514,40.627933502197266,40.627933502197266,41.41742397530849,-8.198058480957116e-07,0.798326849937439,0.0,382.7049865722656,1.2599999904632568,40.000152587890625,GazeDirection.CENTER,47.0,384.31500244140625,1.2699999809265137,40.39006042480469
0,1,860,ScenarioState.RUNNING,50.0,331.0693664550781,3.483504295349121,40.63116455078125,40.63116455078125,41.41742397530849,-7.743491892142629e-07,0.793510913848877,0.0,384.31500244140625,1.2699999809265137,40.25117492675781,GazeDirection.CENTER,47.0,385.93499755859375,1.2699999809265137,40.39006042480469
0,1,861,ScenarioState.RUNNING,50.0,332.6946716308594,3.474626302719116,40.63300323486328,40.63300323486328,41.42649769619319,-1.23993822853663e-05,0.7993547916412354,0.0,385.93499755859375,1.2699999809265137,40.4998779296875,GazeDirection.CENTER,47.0,387.56500244140625,1.2699999809265137,40.400062561035156
0,1,862,ScenarioState.RUNNING,50.0,334.3200378417969,3.465747594833374,40.63397979736328,40.63397979736328,41.42649769619319,-1.23993822853663e-05,0.7993547916412354,0.0,387.56500244140625,1.2699999809265137,40.7501220703125,GazeDirection.CENTER,47.0,389.18499755859375,1.2799999713897705,40.400062561035156
0,1,863,ScenarioState.RUNNING,50.0,335.9453430175781,3.4568703174591064,40.63421630859375,40.63421630859375,41.42649769619319,3.5168410249752924e-05,0.7965794205665588,0.0,389.18499755859375,1.2799999713897705,40.500648498535156,GazeDirection.CENTER,47.0,390.80499267578125,1.2799999713897705,40.41006088256836
0,1,864,ScenarioState.RUNNING,50.0,337.57061767578125,3.4479942321777344,40.63454818725586,40.63454818725586,41.463369087471115,2.4848645807651337e-06,0.8332492113113403,0.0,390.80499267578125,1.2799999713897705,40.4998779296875,GazeDirection.CENTER,47.0,392.42498779296875,1.2799999713897705,40.41007995605469
0,1,865,ScenarioState.RUNNING,50.0,339.196044921875,3.439115285873413,40.63667678833008,40.63667678833008,41.463369087471115,-3.32784911734052e-05,0.8329014778137207,0.0,392.42498779296875,1.2799999713897705,40.4998779296875,GazeDirection.CENTER,47.0,394.0350036621094,1.2799999713897705,40.41007995605469
0,1,866,ScenarioState.RUNNING,50.0,340.8216247558594,3.430234909057617,40.64030838012695,40.64030838012695,41.463369087471115,2.1111322467959326e-08,0.8307523131370544,0.0,394.0350036621094,1.2799999713897705,40.250396728515625,GazeDirection.CENTER,47.0,395.6449890136719,1.2899999618530273,40.42007827758789
0,1,867,ScenarioState.RUNNING,50.0,342.44732666015625,3.4213552474975586,40.644264221191406,40.644264221191406,41.43192430918998,2.4005159502848983e-05,0.795636773109436,0.0,395.6449890136719,1.2899999618530273,40.25041198730469,GazeDirection.CENTER,47.0,397.2649841308594,1.2899999618530273,40.42007827758789
0,1,868,ScenarioState.RUNNING,50.0,344.0731201171875,3.4124755859375,40.64671325683594,40.64671325683594,41.43192430918998,1.1585034371819347e-06,0.7916746139526367,0.0,397.2649841308594,1.2899999618530273,40.4998779296875,GazeDirection.CENTER,47.0,398.875,1.2899999618530273,40.43008041381836
0,1,869,ScenarioState.RUNNING,50.0,345.6990051269531,3.4035940170288086,40.647579193115234,40.647579193115234,41.43192430918998,-2.204374504799489e-05,0.7892210483551025,0.0,398.875,1.2899999618530273,40.250396728515625,GazeDirection.CENTER,47.0,400.4949951171875,1.2899999618530273,40.43008041381836
0,1,870,ScenarioState.RUNNING,50.0,347.324951171875,3.394712448120117,40.647178649902344,40.647178649902344,41.43826839825896,3.430518233926705e-07,0.7946997880935669,0.0,400.4949951171875,1.2899999618530273,40.4998779296875,GazeDirection.CENTER,47.0,402.10498046875,1.2999999523162842,40.4400749206543
0,1,871,ScenarioState.RUNNING,50.0,348.95074462890625,3.385831832885742,40.646018981933594,40.646018981933594,41.43826839825896,1.1650395208562259e-05,0.7950982451438904,0.0,402.10498046875,1.2999999523162842,40.25041198730469,GazeDirection.CENTER,47.0,403.7149963378906,1.2999999523162842,40.4400749206543
0,1,872,ScenarioState.RUNNING,50.0,350.57647705078125,3.3769521713256836,40.644317626953125,40.644317626953125,41.43826839825896,1.1457359505584463e-06,0.7962572574615479,0.0,403.7149963378906,1.2999999523162842,40.250396728515625,GazeDirection.CENTER,47.0,405.3349914550781,1.2999999523162842,40.45009994506836
0,1,873,ScenarioState.RUNNING,50.0,352.2021789550781,3.3680717945098877,40.64226150512695,40.64226150512695,41.43771918576509,-1.0906212992267683e-05,0.7974098324775696,0.0,405.3349914550781,1.2999999523162842,40.4998779296875,GazeDirection.CENTER,47.0,406.9649963378906,1.309999942779541,40.45009994506836
0,1,874,ScenarioState.RUNNING,50.0,353.82781982421875,3.359192371368408,40.6400260925293,40.6400260925293,41.43771918576509,-5.162112515222361e-08,0.7994491457939148,0.0,406.9649963378906,1.309999942779541,40.75088882446289,GazeDirection.CENTER,47.0,408.5849914550781,1.309999942779541,40.45009994506836
0,1,875,ScenarioState.RUNNING,50.0,355.4532775878906,3.3503129482269287,40.6378059387207,40.6378059387207,41.43771918576509,-1.1151074730264554e-08,0.8016690015792847,0.0,408.5849914550781,1.309999942779541,40.4998779296875,GazeDirection.CENTER,47.0,410.2049865722656,1.309999942779541,40.46009826660156
0,1,876,ScenarioState.RUNNING,50.0,357.0787353515625,3.341434955596924,40.635704040527344,40.635704040527344,41.467268630796994,-1.1151074730264554e-08,0.8016690015792847,0.0,410.2049865722656,1.309999942779541,40.4998779296875,GazeDirection.CENTER,47.0,411.8249816894531,1.3199999332427979,40.46009826660156
0,1,877,ScenarioState.RUNNING,50.0,358.70404052734375,3.33255672454834,40.634464263916016,40.634464263916016,41.467268630796994,1.309568062879407e-07,0.8355618119239807,0.0,411.8249816894531,1.3199999332427979,40.500648498535156,GazeDirection.CENTER,47.0,413.4449768066406,1.3199999332427979,40.47010040283203
0,0,883,ScenarioState.PENDING,50.0,-330.75213623046875,466.18218994140625,0.7839999794960022,0.7839999794960022,-1.0,0.0,0.0,0.0,0.0,0.0,0.0,GazeDirection.CENTER,47.0,67.46499633789062,0.9599999785423279,39.5500602722168
0,0,884,ScenarioState.PENDING,50.0,-330.75213623046875,466.18218994140625,1.1760001182556152,1.1760001182556152,-1.0,0.0,0.0,0.0,0.0,0.0,0.0,GazeDirection.CENTER,47.0,67.46499633789062,0.9599999785423279,39.5500602722168
0,0,885,ScenarioState.PENDING,50.0,-330.75213623046875,466.18218994140625,1.5680001974105835,1.5680001974105835,-1.0,0.0,0.0,0.0,0.0,0.0,0.0,GazeDirection.CENTER,47.0,67.46499633789062,0.9599999785423279,39.5500602722168
0,0,886,ScenarioState.PENDING,50.0,-330.75213623046875,466.18218994140625,1.9600002765655518,1.9600002765655518,-1.0,0.0,0.0,0.0,0.0,0.0,0.0,GazeDirection.CENTER,47.0,67.46499633789062,0.9599999785423279,39.5500602722168
0,0,887,ScenarioState.PENDING,50.0,-330.75213623046875,466.18218994140625,2.3520004749298096,2.3520004749298096,2.8999536,0.0,0.0,0.0,0.0,0.0,0.0,GazeDirection.CENTER,47.0,67.46499633789062,0.9599999785423279,39.5500602722168
0,0,888,ScenarioState.PENDING,50.0,-330.75213623046875,466.18218994140625,2.744000196456909,2.744000196456909,2.8999536,0.10000000149011612,0.5479531288146973,0.0,0.0,0.0,0.0,GazeDirection.CENTER,47.0,67.46499633789062,0.9599999785423279,39.5500602722168
0,0,889,ScenarioState.PENDING,50.0,-330.75213623046875,466.18218994140625,3.1359996795654297,3.1359996795654297,2.8999536,0.10000000149011612,0.15630535781383514,0.0,0.0,0.0,0.0,GazeDirection.CENTER,47.0,67.46499633789062,0.9599999785423279,39.5500602722168
0,0,890,ScenarioState.PENDING,50.0,-330.75213623046875,466.18218994140625,3.52799916267395,3.52799916267395,2.8999536,0.10000000149011612,0.0,0.23581214249134064,0.0,0.0,0.0,GazeDirection.CENTER,47.0,67.46499633789062,0.9599999785423279,39.5500602722168
0,0,891,ScenarioState.PENDING,50.0,-330.75213623046875,466.18218994140625,3.9199986457824707,3.9199986457824707,2.8999536,0.10000000149011612,0.0,0.30000001192092896,0.0,0.0,0.0,GazeDirection.CENTER,47.0,67.46499633789062,0.9599999785423279,39.5500602722168
0,0,892,ScenarioState.PENDING,50.0,-330.75213623046875,466.18212890625,3.8775525093078613,3.8775525093078613,2.8999536,0.10000000149011612,0.0,0.30000001192092896,0.0,0.0,0.0,GazeDirection.CENTER,47.0,67.46499633789062,0.9599999785423279,39.5500602722168
0,0,893,ScenarioState.PENDING,50.0,-330.75225830078125,466.1819763183594,2.164219856262207,2.164219856262207,2.8999536,0.10000000149011612,0.0,0.30000001192092896,0.0,0.0,0.0,GazeDirection.CENTER,47.0,67.46499633789062,0.9599999785423279,39.5500602722168
0,0,894,ScenarioState.PENDING,50.0,-330.75262451171875,466.181640625,0.1517651230096817,0.1517651230096817,2.8999536,0.10000000149011612,0.7350227236747742,0.0,0.0,0.0,0.0,GazeDirection.CENTER,47.0,67.46499633789062,0.9599999785423279,39.5500602722168
0,0,895,ScenarioState.PENDING,50.0,-330.7528076171875,466.1812438964844,0.2600179612636566,0.2600179612636566,2.8999536,0.10000000149011612,0.9900000095367432,0.0,0.0,0.0,0.0,GazeDirection.CENTER,47.0,67.46499633789062,0.9599999785423279,39.5500602722168
0,0,896,ScenarioState.PENDING,50.0,-330.7529296875,466.18115234375,0.2987718880176544,0.2987718880176544,2.9367413507430324,0.10000000149011612,0.9900000095367432,0.0,0.0,0.0,0.0,GazeDirection.CENTER,47.0,67.46499633789062,0.9599999785423279,39.5500602722168
0,0,897,ScenarioState.PENDING,50.0,-330.75299072265625,466.1812438964844,0.2925238609313965,0.2925238609313965,2.9367413507430324,0.10000000149011612,0.9900000095367432,0.0,0.0,0.0,0.0,GazeDirection.CENTER,47.0,67.46499633789062,0.9599999785423279,39.5500602722168
0,0,898,ScenarioState.PENDING,50.0,-330.7529296875,466.1813659667969,0.2612740993499756,0.2612740993499756,2.9367413507430324,0.10000000149011612,0.9900000095367432,0.0,0.0,0.0,0.0,GazeDirection.CENTER,47.0,67.46499633789062,0.9599999785423279,39.5500602722168
0,0,899,ScenarioState.PENDING,50.0,-330.7528381347656,466.1815490722656,0.21883022785186768,0.21883022785186768,2.902785203391384,0.10000000149011612,0.9900000095367432,0.0,0.0,0.0,0.0,GazeDirection.CENTER,47.0,67.46499633789062,0.9599999785423279,39.5500602722168
0,0,900,ScenarioState.PENDING,50.0,-330.7528076171875,466.18170166015625,0.17409279942512512,0.17409279942512512,2.902785203391384,0.10000000149011612,0.9900000095367432,0.0,0.0,0.0,0.0,GazeDirection.CENTER,47.0,67.46499633789062,0.9599999785423279,39.5500602722168
0,0,901,ScenarioState.PENDING,50.0,-330.7527160644531,466.18182373046875,0.13230203092098236,0.13230203092098236,2.902785203391384,0.10000000149011612,0.9900000095367432,0.0,0.0,0.0,0.0,GazeDirection.CENTER,47.0,67.46499633789062,0.9599999785423279,39.5500602722168
0,0,902,ScenarioState.PENDING,50.0,-330.75262451171875,466.1819152832031,0.09615027159452438,0.09615027159452438,2.905501076595299,0.10000000149011612,0.9900000095367432,0.0,0.0,0.0,0.0,GazeDirection.CENTER,47.0,67.46499633789062,0.9599999785423279,39.5500602722168
0,0,903,ScenarioState.PENDING,50.0,-330.7525329589844,466.1819152832031,0.06660332530736923,0.06660332530736923,2.905501076595299,0.10000000149011612,0.9900000095367432,0.0,0.0,0.0,0.0,GazeDirection.CENTER,47.0,67.46499633789062,0.9599999785423279,39.5500602722168
0,0,904,ScenarioState.PENDING,50.0,-330.7525634765625,466.1819763183594,0.043607741594314575,0.043607741594314575,2.905501076595299,0.10000000149011612,0.9900000095367432,0.0,0.0,0.0,0.0,GazeDirection.CENTER,47.0,67.46499633789062,0.9599999785423279,39.5500602722168
0,0,905,ScenarioState.PENDING,50.0,-330.75262451171875,466.1820983886719,0.026481589302420616,0.026481589302420616,2.903027790963179,0.10000000149011612,0.9900000095367432,0.0,0.0,0.0,0.0,GazeDirection.CENTER,47.0,67.46499633789062,0.9599999785423279,39.5500602722168
0,0,906,ScenarioState.PENDING,50.0,-330.7526550292969,466.18212890625,0.01430985052138567,0.01430985052138567,2.903027790963179,0.10000000149011612,0.9900000095367432,0.0,0.0,0.0,0.0,GazeDirection.CENTER,47.0,67.46499633789062,0.9599999785423279,39.5500602722168
0,0,907,ScenarioState.PENDING,50.0,-330.7526550292969,466.1822204589844,0.006093272473663092,0.006093272473663092,2.903027790963179,0.10000000149011612,0.9900000095367432,0.0,0.0,0.0,0.0,GazeDirection.CENTER,47.0,67.46499633789062,0.9599999785423279,39.5500602722168
0,0,908,ScenarioState.PENDING,50.0,-330.7526550292969,466.1822204589844,0.003986130468547344,0.003986130468547344,2.90122800290589,0.10000000149011612,0.9900000095367432,0.0,0.0,0.0,0.0,GazeDirection.CENTER,47.0,67.46499633789062,0.9599999785423279,39.5500602722168
0,0,909,ScenarioState.PENDING,50.0,-330.7615966796875,466.1672668457031,0.626714289188385,0.626714289188385,2.90122800290589,0.10000000149011612,0.9900000095367432,0.0,0.0,0.0,0.0,GazeDirection.CENTER,47.0,67.46499633789062,0.9599999785423279,39.5500602722168
0,0,910,ScenarioState.PENDING,50.0,-330.78143310546875,466.13494873046875,1.0579512119293213,1.0579512119293213,2.90122800290589,0.10000000149011612,0.9900000095367432,0.0,0.0,0.0,0.0,GazeDirection.CENTER,47.0,67.46499633789062,0.9599999785423279,39.5500602722168
0,0,911,ScenarioState.PENDING,50.0,-330.8083801269531,466.0911560058594,1.364964485168457,1.364964485168457,3.526648091957823,0.10000000149011612,0.9900000095367432,0.0,0.0,0.0,0.0,GazeDirection.CENTER,47.0,67.46499633789062,0.9599999785423279,39.5500602722168
0,0,912,ScenarioState.PENDING,50.0,-330.8405456542969,466.0389709472656,1.601033091545105,1.601033091545105,3.526648091957823,0.10000000149011612,0.9900000095367432,0.0,0.0,0.0,0.0,GazeDirection.CENTER,47.0,67.46499633789062,0.9599999785423279,39.5500602722168
0,0,913,ScenarioState.PENDING,50.0,-330.876708984375,465.97991943359375,1.796481728553772,1.796481728553772,3.526648091957823,0.10000000149011612,0.9900000095367432,0.0,0.0,0.0,0.0,GazeDirection.CENTER,47.0,67.46499633789062,0.9599999785423279,39.5500602722168
0,0,914,ScenarioState.PENDING,50.0,-330.9162292480469,465.9149169921875,1.9679805040359497,1.9679805040359497,4.5009311610484914,0.10000000149011612,0.9900000095367432,0.0,0.0,0.0,0.0,GazeDirection.CENTER,47.0,67.46499633789062,0.9599999785423279,39.5500602722168
0,0,915,ScenarioState.PENDING,50.0,-330.9588317871094,465.8443908691406,2.124884843826294,2.124884843826294,4.5009311610484914,0.10000000149011612,0.9900000095367432,0.0,0.0,0.0,0.0,GazeDirection.CENTER,47.0,67.46499633789062,0.9599999785423279,39.5500602722168
0,0,916,ScenarioState.PENDING,50.0,-331.0042419433594,465.7687072753906,2.2735214233398438,2.2735214233398438,4.5009311610484914,0.10000000149011612,0.9900000095367432,0.0,0.0,0.0,0.0,GazeDirection.CENTER,47.0,67.46499633789062,0.9599999785423279,39.5500602722168
0,0,917,ScenarioState.PENDING,50.0,-331.05230712890625,465.68780517578125,2.4186666011810303,2.4186666011810303,5.024758696304586,0.10000000149011612,0.9900000095367432,0.0,0.0,0.0,0.0,GazeDirection.CENTER,47.0,67.46499633789062,0.9599999785423279,39.5500602722168
0,0,918,ScenarioState.PENDING,50.0,-331.1029968261719,465.6017150878906,2.5632362365722656,2.5632362365722656,5.024758696304586,0.10000000149011612,0.9900000095367432,0.0,0.0,0.0,0.0,GazeDirection.CENTER,47.0,67.46499633789062,0.9599999785423279,39.5500602722168
0,0,919,ScenarioState.PENDING,50.0,-331.1562805175781,465.5103454589844,2.7091152667999268,2.7091152667999268,5.024758696304586,0.10000000149011612,0.9900000095367432,0.0,0.0,0.0,0.0,GazeDirection.CENTER,47.0,67.46499633789062,0.9599999785423279,39.5500602722168
0,0,920,ScenarioState.PENDING,50.0,-331.21209716796875,465.41357421875,2.8575844764709473,2.8575844764709473,5.463077134502845,0.10000000149011612,0.9900000095367432,0.0,0.0,0.0,0.0,GazeDirection.CENTER,47.0,67.46499633789062,0.9599999785423279,39.5500602722168
0,0,921,ScenarioState.PENDING,50.0,-331.2705078125,465.3113098144531,3.0095231533050537,3.0095231533050537,5.463077134502845,0.10000000149011612,0.9900000095367432,0.0,0.0,0.0,0.0,GazeDirection.CENTER,47.0,67.46499633789062,0.9599999785423279,39.5500602722168
0,0,922,ScenarioState.PENDING,50.0,-331.3313903808594,465.20330810546875,3.165550708770752,3.165550708770752,5.463077134502845,0.10000000149011612,0.9900000095367432,0.0,0.0,0.0,0.0,GazeDirection.CENTER,47.0,67.46499633789062,0.9599999785423279,39.5500602722168
0,0,923,ScenarioState.PENDING,50.0,-331.39483642578125,465.08941650390625,3.3258821964263916,3.3258821964263916,5.909316150949923,0.10000000149011612,0.9900000095367432,0.0,0.0,0.0,0.0,GazeDirection.CENTER,47.0,67.46499633789062,0.9599999785423279,39.5500602722168
0,0,924,ScenarioState.PENDING,50.0,-331.4607849121094,464.9694519042969,3.489741325378418,3.489741325378418,5.909316150949923,0.10000000149011612,0.9900000095367432,0.0,0.0,0.0,0.0,GazeDirection.CENTER,47.0,67.46499633789062,0.9599999785423279,39.5500602722168
0,0,925,ScenarioState.PENDING,50.0,-331.5297546386719,464.843505859375,3.6572377681732178,3.6572377681732178,5.909316150949923,0.08435739576816559,0.9900000095367432,0.0,0.0,0.0,0.0,GazeDirection.CENTER,47.0,67.46499633789062,0.9599999785423279,39.5500602722168
0,0,926,ScenarioState.PENDING,50.0,-331.60186767578125,464.71148681640625,3.8270723819732666,3.8270723819732666,6.389461979436787,0.07783397287130356,0.9900000095367432,0.0,0.0,0.0,0.0,GazeDirection.CENTER,47.0,67.46499633789062,0.9599999785423279,39.5500602722168
0,0,927,ScenarioState.PENDING,50.0,-331.6786193847656,464.57421875,3.9976847171783447,3.9976847171783447,6.389461979436787,0.029336581006646156,0.9900000095367432,0.0,0.0,0.0,0.0,GazeDirection.CENTER,47.0,67.46499633789062,0.9599999785423279,39.5500602722168
0,0,928,ScenarioState.PENDING,50.0,-331.7574157714844,464.43023681640625,4.167790412902832,4.167790412902832,6.389461979436787,0.09699445217847824,0.9900000095367432,0.0,0.0,0.0,0.0,GazeDirection.CENTER,47.0,67.46499633789062,0.9599999785423279,39.5500602722168
0,0,929,ScenarioState.PENDING,50.0,-331.8371887207031,464.2790832519531,4.3410468101501465,4.3410468101501465,6.897298084859992,0.09699445217847824,0.9900000095367432,0.0,0.0,0.0,0.0,GazeDirection.CENTER,47.0,67.46499633789062,0.9599999785423279,39.5500602722168
0,0,930,ScenarioState.PENDING,50.0,-331.92144775390625,464.1222839355469,4.516955375671387,4.516955375671387,6.897298084859992,0.024789318442344666,0.9900000095367432,0.0,0.0,0.0,0.0,GazeDirection.CENTER,47.0,67.46499633789062,0.9599999785423279,39.5500602722168
0,0,931,ScenarioState.PENDING,50.0,-332.00933837890625,463.9593200683594,4.696567535400391,4.696567535400391,6.897298084859992,0.04616280272603035,0.9900000095367432,0.0,0.0,0.0,0.0,GazeDirection.CENTER,47.0,67.46499633789062,0.9599999785423279,39.5500602722168
0,0,932,ScenarioState.PENDING,50.0,-332.0995178222656,463.7894287109375,4.876317977905273,4.876317977905273,7.416417258519484,0.0594215951859951,0.9900000095367432,0.0,0.0,0.0,0.0,GazeDirection.CENTER,47.0,67.46499633789062,0.9599999785423279,39.5500602722168
0,0,933,ScenarioState.PENDING,50.0,-332.19281005859375,463.6129455566406,5.058619976043701,5.058619976043701,7.416417258519484,0.039861567318439484,0.9900000095367432,0.0,0.0,0.0,0.0,GazeDirection.CENTER,47.0,67.46499633789062,0.9599999785423279,39.5500602722168
0,0,934,ScenarioState.PENDING,50.0,-332.28948974609375,463.42999267578125,5.243007659912109,5.243007659912109,7.416417258519484,0.036370668560266495,0.9900000095367432,0.0,0.0,0.0,0.0,GazeDirection.CENTER,47.0,67.46499633789062,0.9599999785423279,39.5500602722168
0,0,935,ScenarioState.PENDING,50.0,-332.3883972167969,463.2414855957031,5.3154191970825195,5.3154191970825195,7.957864031398321,0.039417948573827744,0.9900000095367432,0.0,0.0,0.0,0.0,GazeDirection.CENTER,47.0,67.46499633789062,0.9599999785423279,39.5500602722168
0,0,936,ScenarioState.PENDING,50.0,-332.4884948730469,463.0540771484375,5.296070575714111,5.296070575714111,7.957864031398321,-0.009104184806346893,0.9900000095367432,0.0,0.0,0.0,0.0,GazeDirection.CENTER,47.0,67.46499633789062,0.9599999785423279,39.5500602722168
0,0,937,ScenarioState.PENDING,50.0,-332.5870361328125,462.86614990234375,5.288700103759766,5.288700103759766,7.957864031398321,0.05984152480959892,0.9900000095367432,0.0,0.0,0.0,0.0,GazeDirection.CENTER,47.0,67.46499633789062,0.9599999785423279,39.5500602722168
0,0,938,ScenarioState.PENDING,50.0,-332.68548583984375,462.67529296875,5.529543876647949,5.529543876647949,8.195200564743217,0.04207601398229599,0.9900000095367432,0.0,0.0,0.0,0.0,GazeDirection.CENTER,47.0,67.46499633789062,0.9599999785423279,39.5500602722168
0,0,939,ScenarioState.PENDING,50.0,-332.79296875,462.4718933105469,5.916555404663086,5.916555404663086,8.195200564743217,-0.02319876290857792,0.9900000095367432,0.0,0.0,0.0,0.0,GazeDirection.CENTER,47.0,67.46499633789062,0.9599999785423279,39.5500602722168
0,0,940,ScenarioState.PENDING,50.0,-332.906005859375,462.254638671875,6.265791416168213,6.265791416168213,8.195200564743217,0.04967723786830902,0.9900000095367432,0.0,0.0,0.0,0.0,GazeDirection.CENTER,47.0,67.46499633789062,0.9599999785423279,39.5500602722168
0,0,941,ScenarioState.PENDING,50.0,-333.02349853515625,462.02471923828125,6.587216377258301,6.587216377258301,8.815305775207467,0.035488009452819824,0.9900000095367432,0.0,0.0,0.0,0.0,GazeDirection.CENTER,47.0,67.46499633789062,0.9599999785423279,39.5500602722168
0,0,942,ScenarioState.PENDING,50.0,-333.1473083496094,461.7845153808594,6.8828630447387695,6.8828630447387695,8.815305775207467,0.0013982857344672084,0.9900000095367432,0.0,0.0,0.0,0.0,GazeDirection.CENTER,47.0,67.46499633789062,0.9599999785423279,39.5500602722168
0,0,943,ScenarioState.PENDING,50.0,-333.2759704589844,461.5342102050781,7.158674240112305,7.158674240112305,8.815305775207467,0.016559114679694176,0.9900000095367432,0.0,0.0,0.0,0.0,GazeDirection.CENTER,47.0,67.46499633789062,0.9599999785423279,39.5500602722168
0,0,944,ScenarioState.PENDING,50.0,-333.4085998535156,461.2741394042969,7.41741418838501,7.41741418838501,9.780752974487948,0.02283780463039875,0.9900000095367432,0.0,0.0,0.0,0.0,GazeDirection.CENTER,47.0,67.46499633789062,0.9599999785423279,39.5500602722168
0,0,945,ScenarioState.PENDING,50.0,-333.54718017578125,461.00604248046875,7.659492492675781,7.659492492675781,9.780752974487948,-0.026318686082959175,0.9900000095367432,0.0,0.0,0.0,0.0,GazeDirection.CENTER,47.0,67.46499633789062,0.9599999785423279,39.5500602722168
0,0,946,ScenarioState.PENDING,50.0,-333.6883544921875,460.72869873046875,7.890132427215576,7.890132427215576,9.780752974487948,0.04388723894953728,0.9900000095367432,0.0,0.0,0.0,0.0,GazeDirection.CENTER,47.0,67.46499633789062,0.9599999785423279,39.5500602722168
0,0,947,ScenarioState.PENDING,50.0,-333.8321533203125,460.4425048828125,8.116700172424316,8.116700172424316,10.556388818386324,0.02357255108654499,0.9900000095367432,0.0,0.0,0.0,0.0,GazeDirection.CENTER,47.0,67.46499633789062,0.9599999785423279,39.5500602722168
0,0,948,ScenarioState.PENDING,50.0,-333.982421875,460.1496887207031,8.329693794250488,8.329693794250488,10.556388818386324,-0.042806029319763184,0.9900000095367432,0.0,0.0,0.0,0.0,GazeDirection.CENTER,47.0,67.46499633789062,0.9599999785423279,39.5500602722168
0,0,949,ScenarioState.PENDING,50.0,-334.1353454589844,459.8486633300781,8.540295600891113,8.540295600891113,10.556388818386324,0.03892949968576431,0.9900000095367432,0.0,0.0,0.0,0.0,GazeDirection.CENTER,47.0,67.46499633789062,0.9599999785423279,39.5500602722168
0,0,950,ScenarioState.PENDING,50.0,-334.289794921875,459.5389404296875,8.749044418334961,8.749044418334961,11.225462979748913,0.03255574405193329,0.9900000095367432,0.0,0.0,0.0,0.0,GazeDirection.CENTER,47.0,67.46499633789062,0.9599999785423279,39.5500602722168
0,0,951,ScenarioState.PENDING,50.0,-334.45013427734375,459.22308349609375,8.948235511779785,8.948235511779785,11.225462979748913,-0.04630063474178314,0.9900000095367432,0.0,0.0,0.0,0.0,GazeDirection.CENTER,47.0,67.46499633789062,0.9599999785423279,39.5500602722168
0,0,952,ScenarioState.PENDING,50.0,-334.61370849609375,458.8996887207031,9.150167465209961,9.150167465209961,11.225462979748913,0.02522745542228222,0.9900000095367432,0.0,0.0,0.0,0.0,GazeDirection.CENTER,47.0,67.46499633789062,0.9599999785423279,39.5500602722168
0,0,953,ScenarioState.PENDING,50.0,-334.77850341796875,458.56787109375,9.349523544311523,9.349523544311523,11.842701875193063,0.03190747648477554,0.9900000095367432,0.0,0.0,0.0,0.0,GazeDirection.CENTER,47.0,67.46499633789062,0.9599999785423279,39.5500602722168
0,0,954,ScenarioState.PENDING,50.0,-334.9488525390625,458.22998046875,9.543030738830566,9.543030738830566,11.842701875193063,-0.040834713727235794,0.9900000095367432,0.0,0.0,0.0,0.0,GazeDirection.CENTER,47.0,67.46499633789062,0.9599999785423279,39.5500602722168
0,0,955,ScenarioState.PENDING,50.0,-335.1221923828125,457.8847961425781,9.7393798828125,9.7393798828125,11.842701875193063,0.02084856852889061,0.9900000095367432,0.0,0.0,0.0,0.0,GazeDirection.CENTER,47.0,67.46499633789062,0.9599999785423279,39.5500602722168
0,0,956,ScenarioState.PENDING,50.0,-335.2972717285156,457.5316162109375,9.934677124023438,9.934677124023438,12.435970171915416,0.024500608444213867,0.9900000095367432,0.0,0.0,0.0,0.0,GazeDirection.CENTER,47.0,67.46499633789062,0.9599999785423279,39.5500602722168
0,0,957,ScenarioState.PENDING,50.0,-335.4776611328125,457.1724853515625,10.1251859664917,10.1251859664917,12.435970171915416,-0.0362112820148468,0.9900000095367432,0.0,0.0,0.0,0.0,GazeDirection.CENTER,47.0,67.46499633789062,0.9599999785423279,39.5500602722168
0,0,958,ScenarioState.PENDING,50.0,-335.6589050292969,456.80950927734375,10.13912582397461,10.13912582397461,12.435970171915416,0.023160995915532112,0.9900000095367432,0.0,0.0,0.0,0.0,GazeDirection.CENTER,47.0,67.46499633789062,0.9599999785423279,39.5500602722168
0,0,959,ScenarioState.PENDING,50.0,-335.83843994140625,456.4463195800781,10.135743141174316,10.135743141174316,13.016333500687175,0.019012434408068657,0.9900000095367432,0.0,0.0,0.0,0.0,GazeDirection.CENTER,47.0,67.46499633789062,0.9599999785423279,39.5500602722168
0,0,960,ScenarioState.PENDING,50.0,-336.0196838378906,456.0844421386719,10.128437995910645,10.128437995910645,13.016333500687175,-0.03444161266088486,0.9900000095367432,0.0,0.0,0.0,0.0,GazeDirection.CENTER,47.0,67.46499633789062,0.9599999785423279,39.5500602722168
0,0,961,ScenarioState.PENDING,50.0,-336.20428466796875,455.7134704589844,10.486559867858887,10.486559867858887,13.016333500687175,0.02352179028093815,0.9900000095367432,0.0,0.0,0.0,0.0,GazeDirection.CENTER,47.0,67.46499633789062,0.9599999785423279,39.5500602722168
0,0,962,ScenarioState.PENDING,50.0,-336.39373779296875,455.32940673828125,10.80833911895752,10.80833911895752,13.019574213010577,0.016414867714047432,0.9900000095367432,0.0,0.0,0.0,0.0,GazeDirection.CENTER,47.0,67.46499633789062,0.9599999785423279,39.5500602722168
0,0,963,ScenarioState.PENDING,50.0,-336.59100341796875,454.93585205078125,11.094902038574219,11.094902038574219,13.019574213010577,-0.05001157149672508,0.9900000095367432,0.0,0.0,0.0,0.0,GazeDirection.CENTER,47.0,67.46499633789062,0.9599999785423279,39.5500602722168
0,0,964,ScenarioState.PENDING,50.0,-336.79229736328125,454.53216552734375,11.362215995788574,11.362215995788574,13.019574213010577,0.031287554651498795,0.9900000095367432,0.0,0.0,0.0,0.0,GazeDirection.CENTER,47.0,67.46499633789062,0.9599999785423279,39.5500602722168
0,0,965,ScenarioState.PENDING,50.0,-336.99578857421875,454.1183776855469,11.611258506774902,11.611258506774902,13.982312263818342,0.029005112126469612,0.9900000095367432,0.0,0.0,0.0,0.0,GazeDirection.CENTER,47.0,67.46499633789062,0.9599999785423279,39.5500602722168
0,0,966,ScenarioState.PENDING,50.0,-337.20526123046875,453.6971740722656,11.84134292602539,11.84134292602539,13.982312263818342,-0.0357750840485096,0.9900000095367432,0.0,0.0,0.0,0.0,GazeDirection.CENTER,47.0,67.46499633789062,0.9599999785423279,39.5500602722168
0,0,967,ScenarioState.PENDING,50.0,-337.4188232421875,453.2681579589844,12.062427520751953,12.062427520751953,13.982312263818342,0.006355306599289179,0.9900000095367432,0.0,0.0,0.0,0.0,GazeDirection.CENTER,47.0,67.46499633789062,0.9599999785423279,39.5500602722168
0,0,968,ScenarioState.PENDING,50.0,-337.63470458984375,452.8308410644531,12.271390914916992,12.271390914916992,14.725137640476847,0.020091095939278603,0.9900000095367432,0.0,0.0,0.0,0.0,GazeDirection.CENTER,47.0,67.46499633789062,0.9599999785423279,39.5500602722168
0,0,969,ScenarioState.PENDING,50.0,-337.85504150390625,452.38665771484375,12.471067428588867,12.471067428588867,14.725137640476847,-0.018899116665124893,0.9900000095367432,0.0,0.0,0.0,0.0,GazeDirection.CENTER,47.0,67.46499633789062,0.9599999785423279,39.5500602722168
0,0,970,ScenarioState.PENDING,50.0,-338.07879638671875,451.935546875,12.664596557617188,12.664596557617188,14.725137640476847,0.005863230675458908,0.9900000095367432,0.0,0.0,0.0,0.0,GazeDirection.CENTER,47.0,67.46499633789062,0.9599999785423279,39.5500602722168
0,0,971,ScenarioState.PENDING,50.0,-338.30535888671875,451.4773254394531,12.852112770080566,12.852112770080566,15.351238579091895,0.005863230675458908,0.9900000095367432,0.0,0.0,0.0,0.0,GazeDirection.CENTER,47.0,67.46499633789062,0.9599999785423279,39.5500602722168
0,0,972,ScenarioState.PENDING,50.0,-338.5347900390625,451.0123291015625,13.034720420837402,13.034720420837402,15.351238579091895,0.005863230675458908,0.9900000095367432,0.0,0.0,0.0,0.0,GazeDirection.CENTER,47.0,67.46499633789062,0.9599999785423279,39.5500602722168
0,0,973,ScenarioState.PENDING,50.0,-338.76715087890625,450.5407409667969,13.213334083557129,13.213334083557129,15.351238579091895,0.005863230675458908,0.9900000095367432,0.0,0.0,0.0,0.0,GazeDirection.CENTER,47.0,67.46499633789062,0.9599999785423279,39.5500602722168
0,0,974,ScenarioState.PENDING,50.0,-339.00335693359375,450.0631103515625,13.388075828552246,13.388075828552246,15.91115389929419,-0.013953876681625843,0.9900000095367432,0.0,0.0,0.0,0.0,GazeDirection.CENTER,47.0,67.46499633789062,0.9599999785423279,39.5500602722168
0,0,975,ScenarioState.PENDING,50.0,-339.24285888671875,449.5794372558594,13.560885429382324,13.560885429382324,15.91115389929419,-0.004014517646282911,0.9900000095367432,0.0,0.0,0.0,0.0,GazeDirection.CENTER,47.0,67.46499633789062,0.9599999785423279,39.5500602722168
0,0,976,ScenarioState.PENDING,50.0,-339.48443603515625,449.0891418457031,13.730827331542969,13.730827331542969,15.91115389929419,0.014085129834711552,0.9900000095367432,0.0,0.0,0.0,0.0,GazeDirection.CENTER,47.0,67.46499633789062,0.9599999785423279,39.5500602722168
0,0,977,ScenarioState.PENDING,50.0,-339.72894287109375,448.5926818847656,13.899720191955566,13.899720191955566,16.43336817142911,-0.0013071730500087142,0.9900000095367432,0.0,0.0,0.0,0.0,GazeDirection.CENTER,47.0,67.46499633789062,0.9599999785423279,39.5500602722168
0,0,978,ScenarioState.PENDING,50.0,-339.9767150878906,448.09033203125,14.067106246948242,14.067106246948242,16.43336817142911,-0.0035058532375842333,0.9900000095367432,0.0,0.0,0.0,0.0,GazeDirection.CENTER,47.0,67.46499633789062,0.9599999785423279,39.5500602722168
0,0,979,ScenarioState.PENDING,50.0,-340.2273864746094,447.58203125,14.233314514160156,14.233314514160156,16.43336817142911,0.0006312362384051085,0.9900000095367432,0.0,0.0,0.0,0.0,GazeDirection.CENTER,47.0,67.46499633789062,0.9599999785423279,39.5500602722168
0,0,980,ScenarioState.PENDING,50.0,-340.4807434082031,447.0676574707031,14.398488998413086,14.398488998413086,16.93533342512329,0.0024797124788165092,0.9900000095367432,0.0,0.0,0.0,0.0,GazeDirection.CENTER,47.0,67.46499633789062,0.9599999785423279,39.5500602722168
0,0,981,ScenarioState.PENDING,50.0,-340.73675537109375,446.54718017578125,14.562782287597656,14.562782287597656,16.93533342512329,0.004413230810314417,0.9900000095367432,0.0,0.0,0.0,0.0,GazeDirection.CENTER,47.0,67.46499633789062,0.9599999785423279,39.5500602722168
0,0,982,ScenarioState.PENDING,50.0,-340.9958801269531,446.02093505859375,14.726297378540039,14.726297378540039,16.93533342512329,-0.0053557646460831165,0.9900000095367432,0.0,0.0,0.0,0.0,GazeDirection.CENTER,47.0,67.46499633789062,0.9599999785423279,39.5500602722168
0,0,983,ScenarioState.PENDING,50.0,-341.2580261230469,445.4888916015625,14.889304161071777,14.889304161071777,17.426376753317513,-0.00022252144117373973,0.9900000095367432,0.0,0.0,0.0,0.0,GazeDirection.CENTER,47.0,67.46499633789062,0.9599999785423279,39.5500602722168
0,0,984,ScenarioState.PENDING,50.0,-341.52178955078125,444.95050048828125,15.050655364990234,15.050655364990234,17.426376753317513,0.01969580352306366,0.9900000095367432,0.0,0.0,0.0,0.0,GazeDirection.CENTER,47.0,67.46499633789062,0.9599999785423279,39.5500602722168
0,0,985,ScenarioState.PENDING,50.0,-341.7890930175781,444.4065856933594,15.211783409118652,15.211783409118652,17.426376753317513,-0.01581856794655323,0.9900000095367432,0.0,0.0,0.0,0.0,GazeDirection.CENTER,47.0,67.46499633789062,0.9599999785423279,39.5500602722168
0,0,986,ScenarioState.PENDING,50.0,-342.0598449707031,443.8571472167969,15.373459815979004,15.373459815979004,17.90920824560275,-0.005751445423811674,0.9900000095367432,0.0,0.0,0.0,0.0,GazeDirection.CENTER,47.0,67.46499633789062,0.9599999785423279,39.5500602722168
0,0,987,ScenarioState.PENDING,50.0,-342.3332214355469,443.3024597167969,15.488607406616211,15.488607406616211,17.90920824560275,-0.005751445423811674,0.9900000095367432,0.0,0.0,0.0,0.0,GazeDirection.CENTER,47.0,67.46499633789062,0.9599999785423279,39.5500602722168
0,0,988,ScenarioState.PENDING,50.0,-342.6056823730469,442.7467346191406,15.478888511657715,15.478888511657715,17.90920824560275,0.02105344645678997,0.9900000095367432,0.0,0.0,0.0,0.0,GazeDirection.CENTER,47.0,67.46499633789062,0.9599999785423279,39.5500602722168
0,0,989,ScenarioState.PENDING,50.0,-342.8777770996094,442.1915283203125,15.469071388244629,15.469071388244629,18.3422001595996,-0.0013785898918285966,0.9900000095367432,0.0,0.0,0.0,0.0,GazeDirection.CENTER,47.0,67.46499633789062,0.9599999785423279,39.5500602722168
0,0,990,ScenarioState.PENDING,50.0,-343.1496887207031,441.63421630859375,15.592777252197266,15.592777252197266,18.3422001595996,0.021577879786491394,0.9900000095367432,0.0,0.0,0.0,0.0,GazeDirection.CENTER,47.0,67.46499633789062,0.9599999785423279,39.5500602722168
0,0,991,ScenarioState.PENDING,50.0,-343.4270324707031,441.0685119628906,15.835160255432129,15.835160255432129,18.3422001595996,-0.025510435923933983,0.9900000095367432,0.0,0.0,0.0,0.0,GazeDirection.CENTER,47.0,67.46499633789062,0.9599999785423279,39.5500602722168
0,0,992,ScenarioState.PENDING,50.0,-343.708984375,440.49456787109375,16.05739974975586,16.05739974975586,18.445127150315333,-0.004146074876189232,0.9900000095367432,0.0,0.0,0.0,0.0,GazeDirection.CENTER,47.0,67.46499633789062,0.9599999785423279,39.5500602722168
0,0,993,ScenarioState.PENDING,50.0,-343.99139404296875,439.9117736816406,16.253009796142578,16.253009796142578,18.445127150315333,0.05461157113313675,0.9900000095367432,0.0,0.0,0.0,0.0,GazeDirection.CENTER,47.0,67.46499633789062,0.9599999785423279,39.5500602722168
0,0,994,ScenarioState.PENDING,50.0,-344.27777099609375,439.32257080078125,16.439193725585938,16.439193725585938,18.445127150315333,-0.03487993776798248,0.9900000095367432,0.0,0.0,0.0,0.0,GazeDirection.CENTER,47.0,67.46499633789062,0.9599999785423279,39.5500602722168
0,0,995,ScenarioState.PENDING,50.0,-344.5694885253906,438.7281188964844,16.614809036254883,16.614809036254883,19.096886905473987,-0.03046157956123352,0.9900000095367432,0.0,0.0,0.0,0.0,GazeDirection.CENTER,47.0,67.46499633789062,0.9599999785423279,39.5500602722168
0,0,996,ScenarioState.PENDING,50.0,-344.86553955078125,438.12835693359375,16.781217575073242,16.781217575073242,19.096886905473987,-0.03046157956123352,0.9900000095367432,0.0,0.0,0.0,0.0,GazeDirection.CENTER,47.0,67.46499633789062,0.9599999785423279,39.5500602722168
0,0,997,ScenarioState.PENDING,50.0,-345.1613464355469,437.5216369628906,16.928802490234375,16.928802490234375,19.096886905473987,0.07713594287633896,0.9900000095367432,0.0,0.0,0.0,0.0,GazeDirection.CENTER,47.0,67.46499633789062,0.9599999785423279,39.5500602722168
0,0,998,ScenarioState.PENDING,50.0,-345.4573669433594,436.90838623046875,17.082998275756836,17.082998275756836,19.617534255601793,0.025678865611553192,0.9900000095367432,0.0,0.0,0.0,0.0,GazeDirection.CENTER,47.0,67.46499633789062,0.9599999785423279,39.5500602722168
0,0,999,ScenarioState.PENDING,50.0,-345.75604248046875,436.2897033691406,17.23250389099121,17.23250389099121,19.617534255601793,0.0075226398184895515,0.9900000095367432,0.0,0.0,0.0,0.0,GazeDirection.CENTER,47.0,67.46499633789062,0.9599999785423279,39.5500602722168
0,0,1000,ScenarioState.PENDING,50.0,-346.05987548828125,435.6672058105469,17.371009826660156,17.371009826660156,19.617534255601793,-0.0485784113407135,0.9900000095367432,0.0,0.0,0.0,0.0,GazeDirection.CENTER,47.0,67.46499633789062,0.9599999785423279,39.5500602722168
0,0,1001,ScenarioState.PENDING,50.0,-346.36578369140625,435.0394287109375,17.512969970703125,17.512969970703125,20.061773826862495,0.009893333539366722,0.9900000095367432,0.0,0.0,0.0,0.0,GazeDirection.CENTER,47.0,67.46499633789062,0.9599999785423279,39.5500602722168
0,0,1002,ScenarioState.PENDING,50.0,-346.66986083984375,434.4049377441406,17.639432907104492,17.639432907104492,20.061773826862495,0.08282928168773651,0.9900000095367432,0.0,0.0,0.0,0.0,GazeDirection.CENTER,47.0,67.46499633789062,0.9599999785423279,39.5500602722168
0,0,1003,ScenarioState.PENDING,50.0,-346.9753112792969,433.76519775390625,17.776838302612305,17.776838302612305,20.061773826862495,-0.01717071421444416,0.9900000095367432,0.0,0.0,0.0,0.0,GazeDirection.CENTER,47.0,67.46499633789062,0.9599999785423279,39.5500602722168
0,0,1004,ScenarioState.PENDING,50.0,-347.28680419921875,433.12255859375,17.902772903442383,17.902772903442383,20.461858876564236,-0.06909412145614624,0.9900000095367432,0.0,0.0,0.0,0.0,GazeDirection.CENTER,47.0,67.46499633789062,0.9599999785423279,39.5500602722168
0,0,1005,ScenarioState.PENDING,50.0,-347.5998229980469,432.47479248046875,18.035194396972656,18.035194396972656,20.461858876564236,0.03090588003396988,0.9900000095367432,0.0,0.0,0.0,0.0,GazeDirection.CENTER,47.0,67.46499633789062,0.9599999785423279,39.5500602722168
0,0,1006,ScenarioState.PENDING,50.0,-347.91119384765625,431.8205261230469,18.16415786743164,18.16415786743164,20.461858876564236,0.043964631855487823,0.9900000095367432,0.0,0.0,0.0,0.0,GazeDirection.CENTER,47.0,67.46499633789062,0.9599999785423279,39.5500602722168
0,0,1007,ScenarioState.PENDING,50.0,-348.22552490234375,431.1618957519531,18.295799255371094,18.295799255371094,20.850497747119967,-0.02352992258965969,0.9900000095367432,0.0,0.0,0.0,0.0,GazeDirection.CENTER,47.0,67.46499633789062,0.9599999785423279,39.5500602722168
0,0,1008,ScenarioState.PENDING,50.0,-348.53997802734375,430.4976501464844,18.422067642211914,18.422067642211914,20.850497747119967,0.04917708411812782,0.9900000095367432,0.0,0.0,0.0,0.0,GazeDirection.CENTER,47.0,67.46499633789062,0.9599999785423279,39.5500602722168
0,0,1009,ScenarioState.PENDING,50.0,-348.85711669921875,429.8289794921875,18.550601959228516,18.550601959228516,20.850497747119967,-0.03806183487176895,0.9900000095367432,0.0,0.0,0.0,0.0,GazeDirection.CENTER,47.0,67.46499633789062,0.9599999785423279,39.5500602722168
0,0,1010,ScenarioState.PENDING,50.0,-349.1780700683594,429.1563720703125,18.681005477905273,18.681005477905273,21.229941332905142,-0.024703826755285263,0.9900000095367432,0.0,0.0,0.0,0.0,GazeDirection.CENTER,47.0,67.46499633789062,0.9599999785423279,39.5500602722168
0,0,1011,ScenarioState.PENDING,50.0,-349.5021057128906,428.47943115234375,18.810871124267578,18.810871124267578,21.229941332905142,-0.024703826755285263,0.9900000095367432,0.0,0.0,0.0,0.0,GazeDirection.CENTER,47.0,67.46499633789062,0.9599999785423279,39.5500602722168
0,0,1012,ScenarioState.PENDING,50.0,-349.82476806640625,427.7965087890625,18.92807960510254,18.92807960510254,21.229941332905142,0.07592437416315079,0.9900000095367432,0.0,0.0,0.0,0.0,GazeDirection.CENTER,47.0,67.46499633789062,0.9599999785423279,39.5500602722168
0,0,1013,ScenarioState.PENDING,50.0,-350.147216796875,427.1078796386719,19.058340072631836,19.058340072631836,21.610792681226933,0.02101166732609272,0.9900000095367432,0.0,0.0,0.0,0.0,GazeDirection.CENTER,47.0,67.46499633789062,0.9599999785423279,39.5500602722168
0,0,1014,ScenarioState.PENDING,50.0,-350.4686584472656,426.4133605957031,19.177982330322266,19.177982330322266,21.610792681226933,0.072738878428936,0.9900000095367432,0.0,0.0,0.0,0.0,GazeDirection.CENTER,47.0,67.46499633789062,0.9599999785423279,39.5500602722168
0,0,1015,ScenarioState.PENDING,50.0,-350.7919006347656,425.7141418457031,19.30582618713379,19.30582618713379,21.610792681226933,-0.027261124923825264,0.9900000095367432,0.0,0.0,0.0,0.0,GazeDirection.CENTER,47.0,67.46499633789062,0.9599999785423279,39.5500602722168
0,0,1016,ScenarioState.PENDING,50.0,-351.1214294433594,425.0126037597656,19.41776466369629,19.41776466369629,21.969932174177774,-0.09967826306819916,0.9900000095367432,0.0,0.0,0.0,0.0,GazeDirection.CENTER,47.0,67.46499633789062,0.9599999785423279,39.5500602722168
0,0,1017,ScenarioState.PENDING,50.0,-351.45355224609375,424.30694580078125,19.547435760498047,19.547435760498047,21.969932174177774,0.00032173522049561143,0.9900000095367432,0.0,0.0,0.0,0.0,GazeDirection.CENTER,47.0,67.46499633789062,0.9599999785423279,39.5500602722168
0,0,1018,ScenarioState.PENDING,50.0,-351.7860412597656,423.5956115722656,19.676544189453125,19.676544189453125,21.969932174177774,0.00032173522049561143,0.9900000095367432,0.0,0.0,0.0,0.0,GazeDirection.CENTER,47.0,67.46499633789062,0.9599999785423279,39.5500602722168
0,0,1019,ScenarioState.PENDING,50.0,-352.1170959472656,422.8782958984375,19.792524337768555,19.792524337768555,22.330889664028973,0.08241858333349228,0.9900000095367432,0.0,0.0,0.0,0.0,GazeDirection.CENTER,47.0,67.46499633789062,0.9599999785423279,39.5500602722168
0,0,1020,ScenarioState.PENDING,50.0,-352.44390869140625,422.154296875,19.902006149291992,19.902006149291992,22.330889664028973,0.09951794147491455,0.9900000095367432,0.0,0.0,0.0,0.0,GazeDirection.CENTER,47.0,67.46499633789062,0.9599999785423279,39.5500602722168
0,0,1021,ScenarioState.PENDING,50.0,-352.77142333984375,421.4251708984375,20.0316162109375,20.0316162109375,22.330889664028973,-0.0004820571339223534,0.9900000095367432,0.0,0.0,0.0,0.0,GazeDirection.CENTER,47.0,67.46499633789062,0.9599999785423279,39.5500602722168
0,0,1022,ScenarioState.PENDING,50.0,-353.1043395996094,420.693115234375,20.145235061645508,20.145235061645508,22.676842337673428,-0.10000000149011612,0.9900000095367432,0.0,0.0,0.0,0.0,GazeDirection.CENTER,47.0,67.46499633789062,0.9599999785423279,39.5500602722168
0,0,1023,ScenarioState.PENDING,50.0,-353.44403076171875,419.9593505859375,20.257034301757812,20.257034301757812,22.676842337673428,-0.10000000149011612,0.9900000095367432,0.0,0.0,0.0,0.0,GazeDirection.CENTER,47.0,67.46499633789062,0.9599999785423279,39.5500602722168
0,0,1024,ScenarioState.PENDING,50.0,-353.78369140625,419.2204284667969,20.37367820739746,20.37367820739746,22.676842337673428,0.10000000149011612,0.9900000095367432,0.0,0.0,0.0,0.0,GazeDirection.CENTER,47.0,67.46499633789062,0.9599999785423279,39.5500602722168
0,0,1025,ScenarioState.PENDING,50.0,-354.11712646484375,418.4739685058594,20.479352951049805,20.479352951049805,23.022768890931328,0.10000000149011612,0.9900000095367432,0.0,0.0,0.0,0.0,GazeDirection.CENTER,47.0,67.46499633789062,0.9599999785423279,39.5500602722168
0,0,1026,ScenarioState.PENDING,50.0,-354.4476013183594,417.72125244140625,20.597604751586914,20.597604751586914,23.022768890931328,0.07853583246469498,0.9900000095367432,0.0,0.0,0.0,0.0,GazeDirection.CENTER,47.0,67.46499633789062,0.9599999785423279,39.5500602722168
0,0,1027,ScenarioState.PENDING,50.0,-354.78021240234375,416.9639892578125,20.725643157958984,20.725643157958984,23.022768890931328,-0.021464170888066292,0.9900000095367432,0.0,0.0,0.0,0.0,GazeDirection.CENTER,47.0,67.46499633789062,0.9599999785423279,39.5500602722168
0,0,1028,ScenarioState.PENDING,50.0,-355.1187744140625,416.2041015625,20.837501525878906,20.837501525878906,23.354149149457875,-0.10000000149011612,0.9900000095367432,0.0,0.0,0.0,0.0,GazeDirection.CENTER,47.0,67.46499633789062,0.9599999785423279,39.5500602722168
0,0,1029,ScenarioState.PENDING,50.0,-355.45953369140625,415.4398193359375,20.96611785888672,20.96611785888672,23.354149149457875,0.0,0.9900000095367432,0.0,0.0,0.0,0.0,GazeDirection.CENTER,47.0,67.46499633789062,0.9599999785423279,39.5500602722168
0,0,1030,ScenarioState.PENDING,50.0,-355.7969970703125,414.6689453125,21.08186912536621,21.08186912536621,23.354149149457875,0.07040420174598694,0.9900000095367432,0.0,0.0,0.0,0.0,GazeDirection.CENTER,47.0,67.46499633789062,0.9599999785423279,39.5500602722168
0,0,1031,ScenarioState.PENDING,50.0,-356.13232421875,413.8955078125,21.075441360473633,21.075441360473633,23.712193129594056,0.012012505903840065,0.9900000095367432,0.0,0.0,0.0,0.0,GazeDirection.CENTER,47.0,67.46499633789062,0.9599999785423279,39.5500602722168
0,0,1032,ScenarioState.PENDING,50.0,-356.46630859375,413.1223449707031,21.059566497802734,21.059566497802734,23.712193129594056,0.012012505903840065,0.9900000095367432,0.0,0.0,0.0,0.0,GazeDirection.CENTER,47.0,67.46499633789062,0.9599999785423279,39.5500602722168
0,0,1033,ScenarioState.PENDING,50.0,-356.8009948730469,412.3497314453125,21.08854103088379,21.08854103088379,23.712193129594056,-0.03228962793946266,0.9900000095367432,0.0,0.0,0.0,0.0,GazeDirection.CENTER,47.0,67.46499633789062,0.9599999785423279,39.5500602722168
0,0,1034,ScenarioState.PENDING,50.0,-357.13720703125,411.5710144042969,21.271108627319336,21.271108627319336,23.80289809373498,0.005927704274654388,0.9900000095367432,0.0,0.0,0.0,0.0,GazeDirection.CENTER,47.0,67.46499633789062,0.9599999785423279,39.5500602722168
0,0,1035,ScenarioState.PENDING,50.0,-357.47119140625,410.7840270996094,21.420913696289062,21.420913696289062,23.80289809373498,0.10000000149011612,0.9900000095367432,0.0,0.0,0.0,0.0,GazeDirection.CENTER,47.0,67.46499633789062,0.9599999785423279,39.5500602722168
0,0,1036,ScenarioState.PENDING,50.0,-357.80462646484375,409.9901123046875,21.575899124145508,21.575899124145508,23.80289809373498,0.0,0.9900000095367432,0.0,0.0,0.0,0.0,GazeDirection.CENTER,47.0,67.46499633789062,0.9599999785423279,39.5500602722168
0,0,1037,ScenarioState.PENDING,50.0,-358.14288330078125,409.1922302246094,21.708341598510742,21.708341598510742,24.153288486363767,-0.08015158772468567,0.9900000095367432,0.0,0.0,0.0,0.0,GazeDirection.CENTER,47.0,67.46499633789062,0.9599999785423279,39.5500602722168
0,0,1038,ScenarioState.PENDING,50.0,-358.4826354980469,408.3892517089844,21.841047286987305,21.841047286987305,24.153288486363767,0.019848410040140152,0.9900000095367432,0.0,0.0,0.0,0.0,GazeDirection.CENTER,47.0,67.46499633789062,0.9599999785423279,39.5500602722168
0,0,1039,ScenarioState.PENDING,50.0,-358.8191223144531,407.5797119140625,21.958887100219727,21.958887100219727,24.153288486363767,0.05546021834015846,0.9900000095367432,0.0,0.0,0.0,0.0,GazeDirection.CENTER,47.0,67.46499633789062,0.9599999785423279,39.5500602722168
0,0,1040,ScenarioState.PENDING,50.0,-359.1564025878906,406.7653503417969,22.080854415893555,22.080854415893555,24.559967905652872,-0.009852121584117413,0.9900000095367432,0.0,0.0,0.0,0.0,GazeDirection.CENTER,47.0,67.46499633789062,0.9599999785423279,39.5500602722168
0,0,1041,ScenarioState.PENDING,50.0,-359.49114990234375,405.9452209472656,22.18318748474121,22.18318748474121,24.559967905652872,0.07985837757587433,0.9900000095367432,0.0,0.0,0.0,0.0,GazeDirection.CENTER,47.0,67.46499633789062,0.9599999785423279,39.5500602722168
0,0,1042,ScenarioState.PENDING,50.0,-359.8255920410156,405.1203308105469,22.2969970703125,22.2969970703125,24.559967905652872,-0.02014162205159664,0.9900000095367432,0.0,0.0,0.0,0.0,GazeDirection.CENTER,47.0,67.46499633789062,0.9599999785423279,39.5500602722168
0,0,1043,ScenarioState.PENDING,50.0,-360.1647644042969,404.2928466796875,22.39675521850586,22.39675521850586,24.890566448270064,-0.08205404877662659,0.9900000095367432,0.0,0.0,0.0,0.0,GazeDirection.CENTER,47.0,67.46499633789062,0.9599999785423279,39.5500602722168
0,0,1044,ScenarioState.PENDING,50.0,-360.50445556640625,403.4609680175781,22.504135131835938,22.504135131835938,24.890566448270064,0.017945952713489532,0.9900000095367432,0.0,0.0,0.0,0.0,GazeDirection.CENTER,47.0,67.46499633789062,0.9599999785423279,39.5500602722168
0,0,1045,ScenarioState.PENDING,50.0,-360.8395080566406,402.623046875,22.59593963623047,22.59593963623047,24.890566448270064,0.07987537980079651,0.9900000095367432,0.0,0.0,0.0,0.0,GazeDirection.CENTER,47.0,67.46499633789062,0.9599999785423279,39.5500602722168
0,0,1046,ScenarioState.PENDING,50.0,-361.17376708984375,401.78045654296875,22.702922821044922,22.702922821044922,25.200190125384307,-0.00023648365458939224,0.9900000095367432,0.0,0.0,0.0,0.0,GazeDirection.CENTER,47.0,67.46499633789062,0.9599999785423279,39.5500602722168
0,0,1047,ScenarioState.PENDING,50.0,-361.5045166015625,400.9324645996094,22.787490844726562,22.787490844726562,25.200190125384307,0.09976352006196976,0.9900000095367432,0.0,0.0,0.0,0.0,GazeDirection.CENTER,47.0,67.46499633789062,0.9599999785423279,39.5500602722168
0,0,1048,ScenarioState.PENDING,50.0,-361.8333435058594,400.0795593261719,22.892370223999023,22.892370223999023,25.200190125384307,-0.00023648365458939224,0.9900000095367432,0.0,0.0,0.0,0.0,GazeDirection.CENTER,47.0,67.46499633789062,0.9599999785423279,39.5500602722168
0,0,1049,ScenarioState.PENDING,50.0,-362.165771484375,399.2238464355469,22.983367919921875,22.983367919921875,25.47313878015566,-0.10000000149011612,0.9900000095367432,0.0,0.0,0.0,0.0,GazeDirection.CENTER,47.0,67.46499633789062,0.9599999785423279,39.5500602722168
0,0,1050,ScenarioState.PENDING,50.0,-362.49945068359375,398.3644104003906,23.086069107055664,23.086069107055664,25.47313878015566,0.0,0.9900000095367432,0.0,0.0,0.0,0.0,GazeDirection.CENTER,47.0,67.46499633789062,0.9599999785423279,39.5500602722168
0,0,1051,ScenarioState.PENDING,50.0,-362.8291015625,397.49932861328125,23.18047523498535,23.18047523498535,25.47313878015566,0.04482428729534149,0.9900000095367432,0.0,0.0,0.0,0.0,GazeDirection.CENTER,47.0,67.46499633789062,0.9599999785423279,39.5500602722168
0,0,1052,ScenarioState.PENDING,50.0,-363.15716552734375,396.6293640136719,23.282426834106445,23.282426834106445,25.760325608228673,0.005722410511225462,0.9900000095367432,0.0,0.0,0.0,0.0,GazeDirection.CENTER,47.0,67.46499633789062,0.9599999785423279,39.5500602722168
0,0,1053,ScenarioState.PENDING,50.0,-363.48175048828125,395.7541809082031,23.368677139282227,23.368677139282227,25.760325608228673,0.08609317988157272,0.9900000095367432,0.0,0.0,0.0,0.0,GazeDirection.CENTER,47.0,67.46499633789062,0.9599999785423279,39.5500602722168
0,0,1054,ScenarioState.PENDING,50.0,-363.8049011230469,394.8743591308594,23.47047233581543,23.47047233581543,25.760325608228673,-0.013906823471188545,0.9900000095367432,0.0,0.0,0.0,0.0,GazeDirection.CENTER,47.0,67.46499633789062,0.9599999785423279,39.5500602722168
0,0,1055,ScenarioState.PENDING,50.0,-364.1321105957031,393.9919738769531,23.559860229492188,23.559860229492188,26.031735333719695,-0.09139129519462585,0.9900000095367432,0.0,0.0,0.0,0.0,GazeDirection.CENTER,47.0,67.46499633789062,0.9599999785423279,39.5500602722168
0,0,1056,ScenarioState.PENDING,50.0,-364.4598693847656,393.1057434082031,23.65985870361328,23.65985870361328,26.031735333719695,0.008608704432845116,0.9900000095367432,0.0,0.0,0.0,0.0,GazeDirection.CENTER,47.0,67.46499633789062,0.9599999785423279,39.5500602722168
0,0,1057,ScenarioState.PENDING,50.0,-364.78277587890625,392.21380615234375,23.744585037231445,23.744585037231445,26.031735333719695,0.08210983872413635,0.9900000095367432,0.0,0.0,0.0,0.0,GazeDirection.CENTER,47.0,67.46499633789062,0.9599999785423279,39.5500602722168
0,0,1058,ScenarioState.PENDING,50.0,-365.1036682128906,391.3172302246094,23.845523834228516,23.845523834228516,26.31094882927701,0.011832053773105145,0.9900000095367432,0.0,0.0,0.0,0.0,GazeDirection.CENTER,47.0,67.46499633789062,0.9599999785423279,39.5500602722168
0,0,1059,ScenarioState.PENDING,50.0,-365.4211120605469,390.41558837890625,23.92830467224121,23.92830467224121,26.31094882927701,0.10000000149011612,0.9900000095367432,0.0,0.0,0.0,0.0,GazeDirection.CENTER,47.0,67.46499633789062,0.9599999785423279,39.5500602722168
0,0,1060,ScenarioState.PENDING,50.0,-365.7362365722656,389.5091857910156,24.02911949157715,24.02911949157715,26.31094882927701,0.0,0.9900000095367432,0.0,0.0,0.0,0.0,GazeDirection.CENTER,47.0,67.46499633789062,0.9599999785423279,39.5500602722168
0,0,1061,ScenarioState.PENDING,50.0,-366.0547180175781,388.5998840332031,24.11711311340332,24.11711311340332,26.567963506083377,-0.10000000149011612,0.9900000095367432,0.0,0.0,0.0,0.0,GazeDirection.CENTER,47.0,67.46499633789062,0.9599999785423279,39.5500602722168
0,0,1062,ScenarioState.PENDING,50.0,-366.37408447265625,387.6869201660156,24.21678352355957,24.21678352355957,26.567963506083377,0.0,0.9900000095367432,0.0,0.0,0.0,0.0,GazeDirection.CENTER,47.0,67.46499633789062,0.9599999785423279,39.5500602722168
0,0,1063,ScenarioState.PENDING,50.0,-366.6890563964844,386.7684631347656,24.307405471801758,24.307405471801758,26.567963506083377,0.04973055049777031,0.9900000095367432,0.0,0.0,0.0,0.0,GazeDirection.CENTER,47.0,67.46499633789062,0.9599999785423279,39.5500602722168
0,0,1064,ScenarioState.PENDING,50.0,-366.9996643066406,385.8447265625,24.3994083404541,24.3994083404541,26.84372328587454,0.04973055049777031,0.9900000095367432,0.0,0.0,0.0,0.0,GazeDirection.CENTER,47.0,67.46499633789062,0.9599999785423279,39.5500602722168
0,0,1065,ScenarioState.PENDING,50.0,-367.304443359375,384.91558837890625,24.477680206298828,24.477680206298828,26.84372328587454,0.09788809716701508,0.9900000095367432,0.0,0.0,0.0,0.0,GazeDirection.CENTER,47.0,67.46499633789062,0.9599999785423279,39.5500602722168
0,0,1066,ScenarioState.PENDING,50.0,-367.6068420410156,383.98175048828125,24.577857971191406,24.577857971191406,26.84372328587454,-0.002111904788762331,0.9900000095367432,0.0,0.0,0.0,0.0,GazeDirection.CENTER,47.0,67.46499633789062,0.9599999785423279,39.5500602722168
0,0,1067,ScenarioState.PENDING,50.0,-367.9118957519531,383.0447082519531,24.666017532348633,24.666017532348633,27.09272074861325,-0.10000000149011612,0.9900000095367432,0.0,0.0,0.0,0.0,GazeDirection.CENTER,47.0,67.46499633789062,0.9599999785423279,39.5500602722168
0,0,1068,ScenarioState.PENDING,50.0,-368.21685791015625,382.1037902832031,24.764360427856445,24.764360427856445,27.09272074861325,0.0,0.9900000095367432,0.0,0.0,0.0,0.0,GazeDirection.CENTER,47.0,67.46499633789062,0.9599999785423279,39.5500602722168
0,0,1069,ScenarioState.PENDING,50.0,-368.5183410644531,381.1576232910156,24.861291885375977,24.861291885375977,27.09272074861325,0.006346676032990217,0.9900000095367432,0.0,0.0,0.0,0.0,GazeDirection.CENTER,47.0,67.46499633789062,0.9599999785423279,39.5500602722168
0,0,1070,ScenarioState.PENDING,50.0,-368.8177185058594,380.2066955566406,24.958858489990234,24.958858489990234,27.36587905686456,0.0037487908266484737,0.9900000095367432,0.0,0.0,0.0,0.0,GazeDirection.CENTER,47.0,67.46499633789062,0.9599999785423279,39.5500602722168
0,0,1071,ScenarioState.PENDING,50.0,-369.1123046875,379.2507019042969,25.03765296936035,25.03765296936035,27.36587905686456,0.10000000149011612,0.9900000095367432,0.0,0.0,0.0,0.0,GazeDirection.CENTER,47.0,67.46499633789062,0.9599999785423279,39.5500602722168
0,0,1072,ScenarioState.PENDING,50.0,-369.40374755859375,378.2899169921875,25.136381149291992,25.136381149291992,27.36587905686456,0.0,0.9900000095367432,0.0,0.0,0.0,0.0,GazeDirection.CENTER,47.0,67.46499633789062,0.9599999785423279,39.5500602722168
0,0,1073,ScenarioState.PENDING,50.0,-369.6982421875,377.326171875,25.224458694458008,25.224458694458008,27.625837057151802,-0.09384050220251083,0.9900000095367432,0.0,0.0,0.0,0.0,GazeDirection.CENTER,47.0,67.46499633789062,0.9599999785423279,39.5500602722168
0,0,1074,ScenarioState.PENDING,50.0,-369.9933166503906,376.3587341308594,25.322046279907227,25.322046279907227,27.625837057151802,0.006159496493637562,0.9900000095367432,0.0,0.0,0.0,0.0,GazeDirection.CENTER,47.0,67.46499633789062,0.9599999785423279,39.5500602722168
0,0,1075,ScenarioState.PENDING,50.0,-370.28350830078125,375.38604736328125,25.407617568969727,25.407617568969727,27.625837057151802,0.06595039367675781,0.9900000095367432,0.0,0.0,0.0,0.0,GazeDirection.CENTER,47.0,67.46499633789062,0.9599999785423279,39.5500602722168
0,0,1076,ScenarioState.PENDING,50.0,-370.57159423828125,374.4088439941406,25.506105422973633,25.506105422973633,27.89588484432515,0.006636269390583038,0.9900000095367432,0.0,0.0,0.0,0.0,GazeDirection.CENTER,47.0,67.46499633789062,0.9599999785423279,39.5500602722168
0,0,1077,ScenarioState.PENDING,50.0,-370.85589599609375,373.4269104003906,25.586313247680664,25.586313247680664,27.89588484432515,0.10000000149011612,0.9900000095367432,0.0,0.0,0.0,0.0,GazeDirection.CENTER,47.0,67.46499633789062,0.9599999785423279,39.5500602722168
0,0,1078,ScenarioState.PENDING,50.0,-371.1373291015625,372.44036865234375,25.68463134765625,25.68463134765625,27.89588484432515,0.0,0.9900000095367432,0.0,0.0,0.0,0.0,GazeDirection.CENTER,47.0,67.46499633789062,0.9599999785423279,39.5500602722168
0,0,1079,ScenarioState.PENDING,50.0,-371.4219055175781,371.4508972167969,25.770591735839844,25.770591735839844,28.146382799330265,-0.10000000149011612,0.9900000095367432,0.0,0.0,0.0,0.0,GazeDirection.CENTER,47.0,67.46499633789062,0.9599999785423279,39.5500602722168
0,0,1080,ScenarioState.PENDING,50.0,-371.7071838378906,370.457763671875,25.867935180664062,25.867935180664062,28.146382799330265,0.0,0.9900000095367432,0.0,0.0,0.0,0.0,GazeDirection.CENTER,47.0,67.46499633789062,0.9599999785423279,39.5500602722168
0,0,1081,ScenarioState.PENDING,50.0,-371.9875793457031,369.45947265625,25.95454216003418,25.95454216003418,28.146382799330265,0.05772433802485466,0.9900000095367432,0.0,0.0,0.0,0.0,GazeDirection.CENTER,47.0,67.46499633789062,0.9599999785423279,39.5500602722168
0,0,1082,ScenarioState.PENDING,50.0,-372.2652893066406,368.4566650390625,26.051584243774414,26.051584243774414,28.412853973517624,0.010982157662510872,0.9900000095367432,0.0,0.0,0.0,0.0,GazeDirection.CENTER,47.0,67.46499633789062,0.9599999785423279,39.5500602722168
0,0,1083,ScenarioState.PENDING,50.0,-372.53863525390625,367.4490661621094,26.129985809326172,26.129985809326172,28.412853973517624,0.10000000149011612,0.9900000095367432,0.0,0.0,0.0,0.0,GazeDirection.CENTER,47.0,67.46499633789062,0.9599999785423279,39.5500602722168
0,0,1084,ScenarioState.PENDING,50.0,-372.8088684082031,366.4368591308594,26.22748565673828,26.22748565673828,28.412853973517624,0.0,0.9900000095367432,0.0,0.0,0.0,0.0,GazeDirection.CENTER,47.0,67.46499633789062,0.9599999785423279,39.5500602722168
0,0,1085,ScenarioState.PENDING,50.0,-373.0819396972656,365.4216613769531,26.313161849975586,26.313161849975586,28.660358310333493,-0.10000000149011612,0.9900000095367432,0.0,0.0,0.0,0.0,GazeDirection.CENTER,47.0,67.46499633789062,0.9599999785423279,39.5500602722168
0,0,1086,ScenarioState.PENDING,50.0,-373.3599853515625,364.40435791015625,26.396459579467773,26.396459579467773,28.660358310333493,-0.10000000149011612,0.9900000095367432,0.0,0.0,0.0,0.0,GazeDirection.CENTER,47.0,67.46499633789062,0.9599999785423279,39.5500602722168
0,0,1087,ScenarioState.PENDING,50.0,-373.6358947753906,363.3829650878906,26.47933578491211,26.47933578491211,28.660358310333493,0.10000000149011612,0.9900000095367432,0.0,0.0,0.0,0.0,GazeDirection.CENTER,47.0,67.46499633789062,0.9599999785423279,39.5500602722168
0,0,1088,ScenarioState.PENDING,50.0,-373.90350341796875,362.3563232421875,26.55289649963379,26.55289649963379,28.91158367132089,0.10000000149011612,0.9900000095367432,0.0,0.0,0.0,0.0,GazeDirection.CENTER,47.0,67.46499633789062,0.9599999785423279,39.5500602722168
0,0,1089,ScenarioState.PENDING,50.0,-374.1650695800781,361.3250427246094,26.63047218322754,26.63047218322754,28.91158367132089,0.10000000149011612,0.9900000095367432,0.0,0.0,0.0,0.0,GazeDirection.CENTER,47.0,67.46499633789062,0.9599999785423279,39.5500602722168
0,0,1090,ScenarioState.PENDING,50.0,-374.4254150390625,360.28961181640625,26.728580474853516,26.728580474853516,28.91158367132089,0.0,0.9900000095367432,0.0,0.0,0.0,0.0,GazeDirection.CENTER,47.0,67.46499633789062,0.9599999785423279,39.5500602722168
0,0,1091,ScenarioState.PENDING,50.0,-374.6891174316406,359.2511901855469,26.81338119506836,26.81338119506836,29.131820882359946,-0.10000000149011612,0.9900000095367432,0.0,0.0,0.0,0.0,GazeDirection.CENTER,47.0,67.46499633789062,0.9599999785423279,39.5500602722168
0,0,1092,ScenarioState.PENDING,50.0,-374.95330810546875,358.2091369628906,26.909835815429688,26.909835815429688,29.131820882359946,0.0,0.9900000095367432,0.0,0.0,0.0,0.0,GazeDirection.CENTER,47.0,67.46499633789062,0.9599999785423279,39.5500602722168
0,0,1093,ScenarioState.PENDING,50.0,-375.21185302734375,357.1620178222656,26.994647979736328,26.994647979736328,29.131820882359946,0.05916127189993858,0.9900000095367432,0.0,0.0,0.0,0.0,GazeDirection.CENTER,47.0,67.46499633789062,0.9599999785423279,39.5500602722168
0,0,1094,ScenarioState.PENDING,50.0,-375.46673583984375,356.1102600097656,27.089529037475586,27.089529037475586,29.394257532976358,0.017005208879709244,0.9900000095367432,0.0,0.0,0.0,0.0,GazeDirection.CENTER,47.0,67.46499633789062,0.9599999785423279,39.5500602722168
0,0,1095,ScenarioState.PENDING,50.0,-375.7161560058594,355.05377197265625,27.164846420288086,27.164846420288086,29.394257532976358,0.10000000149011612,0.9900000095367432,0.0,0.0,0.0,0.0,GazeDirection.CENTER,47.0,67.46499633789062,0.9599999785423279,39.5500602722168
0,0,1096,ScenarioState.PENDING,50.0,-375.9615783691406,353.9927673339844,27.260860443115234,27.260860443115234,29.394257532976358,0.0,0.9900000095367432,0.0,0.0,0.0,0.0,GazeDirection.CENTER,47.0,67.46499633789062,0.9599999785423279,39.5500602722168
0,0,1097,ScenarioState.PENDING,50.0,-376.20892333984375,352.928466796875,27.346506118774414,27.346506118774414,29.633350424462037,-0.10000000149011612,0.9900000095367432,0.0,0.0,0.0,0.0,GazeDirection.CENTER,47.0,67.46499633789062,0.9599999785423279,39.5500602722168
0,0,1098,ScenarioState.PENDING,50.0,-376.4556884765625,351.8603515625,27.440990447998047,27.440990447998047,29.633350424462037,0.0,0.9900000095367432,0.0,0.0,0.0,0.0,GazeDirection.CENTER,47.0,67.46499633789062,0.9599999785423279,39.5500602722168
0,0,1099,ScenarioState.PENDING,50.0,-376.69586181640625,350.7872619628906,27.51980972290039,27.51980972290039,29.633350424462037,0.0737723782658577,0.9900000095367432,0.0,0.0,0.0,0.0,GazeDirection.CENTER,47.0,67.46499633789062,0.9599999785423279,39.5500602722168
0,0,1100,ScenarioState.PENDING,50.0,-376.9310607910156,349.70953369140625,27.61198616027832,27.61198616027832,29.891745160648696,0.02542339637875557,0.9900000095367432,0.0,0.0,0.0,0.0,GazeDirection.CENTER,47.0,67.46499633789062,0.9599999785423279,39.5500602722168
0,0,1101,ScenarioState.PENDING,50.0,-377.1598205566406,348.6270751953125,27.6843204498291,27.6843204498291,29.891745160648696,0.10000000149011612,0.9900000095367432,0.0,0.0,0.0,0.0,GazeDirection.CENTER,47.0,67.46499633789062,0.9599999785423279,39.5500602722168
0,0,1102,ScenarioState.PENDING,50.0,-377.3797302246094,347.5400390625,27.7547607421875,27.7547607421875,29.891745160648696,0.10000000149011612,0.9900000095367432,0.0,0.0,0.0,0.0,GazeDirection.CENTER,47.0,67.46499633789062,0.9599999785423279,39.5500602722168
0,0,1103,ScenarioState.PENDING,50.0,-377.59698486328125,346.448974609375,27.84368896484375,27.84368896484375,30.118985827098797,-0.10000000149011612,0.9900000095367432,0.0,0.0,0.0,0.0,GazeDirection.CENTER,47.0,67.46499633789062,0.9599999785423279,39.5500602722168
0,0,1104,ScenarioState.PENDING,50.0,-377.8154296875,345.3544006347656,27.937206268310547,27.937206268310547,30.118985827098797,-0.053110212087631226,0.9900000095367432,0.0,0.0,0.0,0.0,GazeDirection.CENTER,47.0,67.46499633789062,0.9599999785423279,39.5500602722168
0,0,1105,ScenarioState.PENDING,50.0,-378.0328674316406,344.255859375,28.02884864807129,28.02884864807129,30.118985827098797,-0.06458774954080582,0.9900000095367432,0.0,0.0,0.0,0.0,GazeDirection.CENTER,47.0,67.46499633789062,0.9599999785423279,39.5500602722168
0,0,1106,ScenarioState.PENDING,50.0,-378.2449645996094,343.15277099609375,28.113136291503906,28.113136291503906,30.354696214099523,0.035412248224020004,0.9900000095367432,0.0,0.0,0.0,0.0,GazeDirection.CENTER,47.0,67.46499633789062,0.9599999785423279,39.5500602722168
0,0,1107,ScenarioState.PENDING,50.0,-378.4477233886719,342.0450439453125,28.17935562133789,28.17935562133789,30.354696214099523,0.10000000149011612,0.9900000095367432,0.0,0.0,0.0,0.0,GazeDirection.CENTER,47.0,67.46499633789062,0.9599999785423279,39.5500602722168
0,0,1108,ScenarioState.PENDING,50.0,-378.6457824707031,340.9330139160156,28.273387908935547,28.273387908935547,30.354696214099523,0.0,0.9900000095367432,0.0,0.0,0.0,0.0,GazeDirection.CENTER,47.0,67.46499633789062,0.9599999785423279,39.5500602722168
0,0,1109,ScenarioState.PENDING,50.0,-378.8448486328125,339.8173828125,28.36429786682129,28.36429786682129,30.57995636194894,-0.06054985523223877,0.9900000095367432,0.0,0.0,0.0,0.0,GazeDirection.CENTER,47.0,67.46499633789062,0.9599999785423279,39.5500602722168
0,0,1110,ScenarioState.PENDING,50.0,-379.04058837890625,338.6976013183594,28.450599670410156,28.450599670410156,30.57995636194894,0.03945014625787735,0.9900000095367432,0.0,0.0,0.0,0.0,GazeDirection.CENTER,47.0,67.46499633789062,0.9599999785423279,39.5500602722168
0,0,1111,ScenarioState.PENDING,50.0,-379.2303466796875,337.5733642578125,28.537145614624023,28.537145614624023,30.57995636194894,0.039705950766801834,0.9900000095367432,0.0,0.0,0.0,0.0,GazeDirection.CENTER,47.0,67.46499633789062,0.9599999785423279,39.5500602722168
0,0,1112,ScenarioState.PENDING,50.0,-379.4181823730469,336.44500732421875,28.63135528564453,28.63135528564453,30.831760297434766,-0.013500559143722057,0.9900000095367432,0.0,0.0,0.0,0.0,GazeDirection.CENTER,47.0,67.46499633789062,0.9599999785423279,39.5500602722168
0,0,1113,ScenarioState.PENDING,50.0,-379.6002502441406,335.3124084472656,28.704696655273438,28.704696655273438,30.831760297434766,0.08649943768978119,0.9900000095367432,0.0,0.0,0.0,0.0,GazeDirection.CENTER,47.0,67.46499633789062,0.9599999785423279,39.5500602722168
0,0,1114,ScenarioState.PENDING,50.0,-379.7785339355469,334.17578125,28.798749923706055,28.798749923706055,30.831760297434766,-0.013500559143722057,0.9900000095367432,0.0,0.0,0.0,0.0,GazeDirection.CENTER,47.0,67.46499633789062,0.9599999785423279,39.5500602722168
0,0,1115,ScenarioState.PENDING,50.0,-379.95819091796875,333.03564453125,28.887107849121094,28.887107849121094,31.067135015958883,-0.06558876484632492,0.9900000095367432,0.0,0.0,0.0,0.0,GazeDirection.CENTER,47.0,67.46499633789062,0.9599999785423279,39.5500602722168
0,0,1116,ScenarioState.PENDING,50.0,-380.13470458984375,331.8914794921875,28.97381591796875,28.97381591796875,31.067135015958883,0.0344112366437912,0.9900000095367432,0.0,0.0,0.0,0.0,GazeDirection.CENTER,47.0,67.46499633789062,0.9599999785423279,39.5500602722168
0,0,1117,ScenarioState.PENDING,50.0,-380.3055725097656,330.7429504394531,29.060697555541992,29.060697555541992,31.067135015958883,0.0344112366437912,0.9900000095367432,0.0,0.0,0.0,0.0,GazeDirection.CENTER,47.0,67.46499633789062,0.9599999785423279,39.5500602722168
0,0,1118,ScenarioState.PENDING,50.0,-380.47308349609375,329.59039306640625,29.151933670043945,29.151933670043945,31.31587520153261,0.013166607357561588,0.9900000095367432,0.0,0.0,0.0,0.0,GazeDirection.CENTER,47.0,67.46499633789062,0.9599999785423279,39.5500602722168
0,0,1119,ScenarioState.PENDING,50.0,-380.6343994140625,328.43365478515625,29.223636627197266,29.223636627197266,31.31587520153261,0.10000000149011612,0.9900000095367432,0.0,0.0,0.0,0.0,GazeDirection.CENTER,47.0,67.46499633789062,0.9599999785423279,39.5500602722168
0,0,1120,ScenarioState.PENDING,50.0,-380.7911376953125,327.27294921875,29.316179275512695,29.316179275512695,31.31587520153261,0.0,0.9900000095367432,0.0,0.0,0.0,0.0,GazeDirection.CENTER,47.0,67.46499633789062,0.9599999785423279,39.5500602722168
0,0,1121,ScenarioState.PENDING,50.0,-380.9490966796875,326.1087951660156,29.400060653686523,29.400060653686523,31.546265084195728,-0.09439371526241302,0.9900000095367432,0.0,0.0,0.0,0.0,GazeDirection.CENTER,47.0,67.46499633789062,0.9599999785423279,39.5500602722168
0,0,1122,ScenarioState.PENDING,50.0,-381.1056213378906,324.94091796875,29.490633010864258,29.490633010864258,31.546265084195728,0.005606283899396658,0.9900000095367432,0.0,0.0,0.0,0.0,GazeDirection.CENTER,47.0,67.46499633789062,0.9599999785423279,39.5500602722168
0,0,1123,ScenarioState.PENDING,50.0,-381.25482177734375,323.76885986328125,29.565570831298828,29.565570831298828,31.546265084195728,0.07398498803377151,0.9900000095367432,0.0,0.0,0.0,0.0,GazeDirection.CENTER,47.0,67.46499633789062,0.9599999785423279,39.5500602722168
0,0,1124,ScenarioState.PENDING,50.0,-381.3988342285156,322.5927734375,29.65537452697754,29.65537452697754,31.79193753111279,0.02023894712328911,0.9900000095367432,0.0,0.0,0.0,0.0,GazeDirection.CENTER,47.0,67.46499633789062,0.9599999785423279,39.5500602722168
0,0,1125,ScenarioState.PENDING,50.0,-381.53607177734375,321.41278076171875,29.724767684936523,29.724767684936523,31.79193753111279,0.10000000149011612,0.9900000095367432,0.0,0.0,0.0,0.0,GazeDirection.CENTER,47.0,67.46499633789062,0.9599999785423279,39.5500602722168
0,0,1126,ScenarioState.PENDING,50.0,-381.6682434082031,320.22882080078125,29.81639862060547,29.81639862060547,31.79193753111279,0.0,0.9900000095367432,0.0,0.0,0.0,0.0,GazeDirection.CENTER,47.0,67.46499633789062,0.9599999785423279,39.5500602722168
0,0,1127,ScenarioState.PENDING,50.0,-381.8011169433594,319.0413818359375,29.89957618713379,29.89957618713379,32.0068906210223,-0.10000000149011612,0.9900000095367432,0.0,0.0,0.0,0.0,GazeDirection.CENTER,47.0,67.46499633789062,0.9599999785423279,39.5500602722168
0,0,1128,ScenarioState.PENDING,50.0,-381.9369201660156,317.85107421875,29.980525970458984,29.980525970458984,32.0068906210223,-0.10000000149011612,0.9900000095367432,0.0,0.0,0.0,0.0,GazeDirection.CENTER,47.0,67.46499633789062,0.9599999785423279,39.5500602722168
0,0,1129,ScenarioState.PENDING,50.0,-382.068359375,316.6570739746094,30.05507469177246,30.05507469177246,32.0068906210223,0.10000000149011612,0.9900000095367432,0.0,0.0,0.0,0.0,GazeDirection.CENTER,47.0,67.46499633789062,0.9599999785423279,39.5500602722168
0,0,1130,ScenarioState.PENDING,50.0,-382.18939208984375,315.45941162109375,30.120258331298828,30.120258331298828,32.241171592102816,0.10000000149011612,0.9900000095367432,0.0,0.0,0.0,0.0,GazeDirection.CENTER,47.0,67.46499633789062,0.9599999785423279,39.5500602722168
0,0,1131,ScenarioState.PENDING,50.0,-382.302490234375,314.25823974609375,30.189420700073242,30.189420700073242,32.241171592102816,0.10000000149011612,0.9900000095367432,0.0,0.0,0.0,0.0,GazeDirection.CENTER,47.0,67.46499633789062,0.9599999785423279,39.5500602722168
0,0,1132,ScenarioState.PENDING,50.0,-382.4122619628906,313.0533752441406,30.281970977783203,30.281970977783203,32.241171592102816,0.0,0.9900000095367432,0.0,0.0,0.0,0.0,GazeDirection.CENTER,47.0,67.46499633789062,0.9599999785423279,39.5500602722168
0,0,1133,ScenarioState.PENDING,50.0,-382.5235595703125,311.84503173828125,30.36411476135254,30.36411476135254,32.43211341446827,-0.10000000149011612,0.9900000095367432,0.0,0.0,0.0,0.0,GazeDirection.CENTER,47.0,67.46499633789062,0.9599999785423279,39.5500602722168
0,0,1134,ScenarioState.PENDING,50.0,-382.633544921875,310.63311767578125,30.454479217529297,30.454479217529297,32.43211341446827,0.0,0.9900000095367432,0.0,0.0,0.0,0.0,GazeDirection.CENTER,47.0,67.46499633789062,0.9599999785423279,39.5500602722168
0,0,1135,ScenarioState.PENDING,50.0,-382.7358093261719,309.4173889160156,30.527175903320312,30.527175903320312,32.43211341446827,0.08146947622299194,0.9900000095367432,0.0,0.0,0.0,0.0,GazeDirection.CENTER,47.0,67.46499633789062,0.9599999785423279,39.5500602722168
0,0,1136,ScenarioState.PENDING,50.0,-382.83135986328125,308.1978759765625,30.612598419189453,30.612598419189453,32.673850311146545,0.03504788130521774,0.9900000095367432,0.0,0.0,0.0,0.0,GazeDirection.CENTER,47.0,67.46499633789062,0.9599999785423279,39.5500602722168
0,0,1137,ScenarioState.PENDING,50.0,-382.9195556640625,306.9747619628906,30.68421173095703,30.68421173095703,32.673850311146545,0.08052579313516617,0.9900000095367432,0.0,0.0,0.0,0.0,GazeDirection.CENTER,47.0,67.46499633789062,0.9599999785423279,39.5500602722168
0,0,1138,ScenarioState.PENDING,50.0,-383.0035400390625,305.7479553222656,30.77547836303711,30.77547836303711,32.673850311146545,-0.01947420835494995,0.9900000095367432,0.0,0.0,0.0,0.0,GazeDirection.CENTER,47.0,67.46499633789062,0.9599999785423279,39.5500602722168
0,0,1139,ScenarioState.PENDING,50.0,-383.0884704589844,304.5177307128906,30.856775283813477,30.856775283813477,32.88286992934792,-0.10000000149011612,0.9900000095367432,0.0,0.0,0.0,0.0,GazeDirection.CENTER,47.0,67.46499633789062,0.9599999785423279,39.5500602722168
0,0,1140,ScenarioState.PENDING,50.0,-383.1706848144531,303.283935546875,30.944822311401367,30.944822311401367,32.88286992934792,0.0,0.9900000095367432,0.0,0.0,0.0,0.0,GazeDirection.CENTER,47.0,67.46499633789062,0.9599999785423279,39.5500602722168
0,0,1141,ScenarioState.PENDING,50.0,-383.2443542480469,302.04656982421875,31.012449264526367,31.012449264526367,32.88286992934792,0.0928497165441513,0.9900000095367432,0.0,0.0,0.0,0.0,GazeDirection.CENTER,47.0,67.46499633789062,0.9599999785423279,39.5500602722168
0,0,1142,ScenarioState.PENDING,50.0,-383.3104553222656,300.8057861328125,31.09486198425293,31.09486198425293,33.119415507583994,0.041323449462652206,0.9900000095367432,0.0,0.0,0.0,0.0,GazeDirection.CENTER,47.0,67.46499633789062,0.9599999785423279,39.5500602722168
0,0,1143,ScenarioState.PENDING,50.0,-383.3726806640625,299.561279296875,31.183584213256836,31.183584213256836,33.119415507583994,0.006686360575258732,0.9900000095367432,0.0,0.0,0.0,0.0,GazeDirection.CENTER,47.0,67.46499633789062,0.9599999785423279,39.5500602722168
0,0,1144,ScenarioState.PENDING,50.0,-383.4337463378906,298.31317138671875,31.27212142944336,31.27212142944336,33.119415507583994,-0.0429329052567482,0.9900000095367432,0.0,0.0,0.0,0.0,GazeDirection.CENTER,47.0,67.46499633789062,0.9599999785423279,39.5500602722168
0,0,1145,ScenarioState.PENDING,50.0,-383.4908752441406,297.0614318847656,31.35743522644043,31.35743522644043,33.33559210747334,0.013372546061873436,0.9900000095367432,0.0,0.0,0.0,0.0,GazeDirection.CENTER,47.0,67.46499633789062,0.9599999785423279,39.5500602722168
0,0,1146,ScenarioState.PENDING,50.0,-383.54058837890625,295.8062744140625,31.43086814880371,31.43086814880371,33.33559210747334,0.06717632710933685,0.9900000095367432,0.0,0.0,0.0,0.0,GazeDirection.CENTER,47.0,67.46499633789062,0.9599999785423279,39.5500602722168
0,0,1147,ScenarioState.PENDING,50.0,-383.5865478515625,294.5476379394531,31.52073097229004,31.52073097229004,33.33559210747334,-0.019274525344371796,0.9900000095367432,0.0,0.0,0.0,0.0,GazeDirection.CENTER,47.0,67.46499633789062,0.9599999785423279,39.5500602722168
0,0,1148,ScenarioState.PENDING,50.0,-383.6314392089844,293.28533935546875,31.609378814697266,31.609378814697266,33.55892949962663,-0.027556272223591805,0.9900000095367432,0.0,0.0,0.0,0.0,GazeDirection.CENTER,47.0,67.46499633789062,0.9599999785423279,39.5500602722168
0,0,1149,ScenarioState.PENDING,50.0,-383.67095947265625,292.0196228027344,31.68885040283203,31.68885040283203,33.55892949962663,0.039507318288087845,0.9900000095367432,0.0,0.0,0.0,0.0,GazeDirection.CENTER,47.0,67.46499633789062,0.9599999785423279,39.5500602722168
0,0,1150,ScenarioState.PENDING,50.0,-383.7058410644531,290.7503662109375,31.776004791259766,31.776004791259766,33.55892949962663,0.008578408509492874,0.9900000095367432,0.0,0.0,0.0,0.0,GazeDirection.CENTER,47.0,67.46499633789062,0.9599999785423279,39.5500602722168
0,0,1151,ScenarioState.PENDING,50.0,-383.7373046875,289.4775390625,31.86256217956543,31.86256217956543,33.791322435205615,0.008578408509492874,0.9900000095367432,0.0,0.0,0.0,0.0,GazeDirection.CENTER,47.0,67.46499633789062,0.9599999785423279,39.5500602722168
0,0,1152,ScenarioState.PENDING,50.0,-383.7662658691406,288.2011413574219,31.95061683654785,31.95061683654785,33.791322435205615,-0.01270344015210867,0.9900000095367432,0.0,0.0,0.0,0.0,GazeDirection.CENTER,47.0,67.46499633789062,0.9599999785423279,39.5500602722168
0,0,1153,ScenarioState.PENDING,50.0,-383.79315185546875,286.9211730957031,32.038246154785156,32.038246154785156,33.791322435205615,-0.01270344015210867,0.9900000095367432,0.0,0.0,0.0,0.0,GazeDirection.CENTER,47.0,67.46499633789062,0.9599999785423279,39.5500602722168
0,0,1154,ScenarioState.PENDING,50.0,-383.81573486328125,285.6377868652344,32.120540618896484,32.120540618896484,34.02647710450522,0.028836680576205254,0.9900000095367432,0.0,0.0,0.0,0.0,GazeDirection.CENTER,47.0,67.46499633789062,0.9599999785423279,39.5500602722168
0,0,1155,ScenarioState.PENDING,50.0,-383.8348693847656,284.3509521484375,32.207366943359375,32.207366943359375,34.02647710450522,0.005866070743650198,0.9900000095367432,0.0,0.0,0.0,0.0,GazeDirection.CENTER,47.0,67.46499633789062,0.9599999785423279,39.5500602722168
0,0,1156,ScenarioState.PENDING,50.0,-383.8520202636719,283.0605773925781,32.29460525512695,32.29460525512695,34.02647710450522,-0.005162429064512253,0.9900000095367432,0.0,0.0,0.0,0.0,GazeDirection.CENTER,47.0,67.46499633789062,0.9599999785423279,39.5500602722168
0,0,1157,ScenarioState.PENDING,50.0,-383.8673095703125,281.7667236328125,32.38154602050781,32.38154602050781,34.25648416526976,-0.005162429064512253,0.9900000095367432,0.0,0.0,0.0,0.0,GazeDirection.CENTER,47.0,67.46499633789062,0.9599999785423279,39.5500602722168
0,0,1158,ScenarioState.PENDING,50.0,-383.8807678222656,280.4693298339844,32.468326568603516,32.468326568603516,34.25648416526976,-0.005162429064512253,0.9900000095367432,0.0,0.0,0.0,0.0,GazeDirection.CENTER,47.0,67.46499633789062,0.9599999785423279,39.5500602722168
0,0,1159,ScenarioState.PENDING,50.0,-383.8907470703125,279.1685791015625,32.55107116699219,32.55107116699219,34.25648416526976,0.028923021629452705,0.9900000095367432,0.0,0.0,0.0,0.0,GazeDirection.CENTER,47.0,67.46499633789062,0.9599999785423279,39.5500602722168
0,0,1160,ScenarioState.PENDING,50.0,-383.8980712890625,277.8644104003906,32.637428283691406,32.637428283691406,34.4895986906764,0.007046346087008715,0.9900000095367432,0.0,0.0,0.0,0.0,GazeDirection.CENTER,47.0,67.46499633789062,0.9599999785423279,39.5500602722168
0,0,1161,ScenarioState.PENDING,50.0,-383.90557861328125,276.5567932128906,32.72297668457031,32.72297668457031,34.4895986906764,-0.03022647835314274,0.9900000095367432,0.0,0.0,0.0,0.0,GazeDirection.CENTER,47.0,67.46499633789062,0.9599999785423279,39.5500602722168
0,0,1162,ScenarioState.PENDING,50.0,-383.910888671875,275.24578857421875,32.80735397338867,32.80735397338867,34.4895986906764,0.017949217930436134,0.9900000095367432,0.0,0.0,0.0,0.0,GazeDirection.CENTER,47.0,67.46499633789062,0.9599999785423279,39.5500602722168
0,0,1163,ScenarioState.PENDING,50.0,-383.9132995605469,273.9313659667969,32.89213180541992,32.89213180541992,34.716423372807775,0.017949217930436134,0.9900000095367432,0.0,0.0,0.0,0.0,GazeDirection.CENTER,47.0,67.46499633789062,0.9599999785423279,39.5500602722168
0,0,1164,ScenarioState.PENDING,50.0,-383.9157409667969,272.613525390625,32.97745895385742,32.97745895385742,34.716423372807775,-0.026953674852848053,0.9900000095367432,0.0,0.0,0.0,0.0,GazeDirection.CENTER,47.0,67.46499633789062,0.9599999785423279,39.5500602722168
0,0,1165,ScenarioState.PENDING,50.0,-383.9165954589844,271.2923278808594,33.06233596801758,33.06233596801758,34.716423372807775,0.013218424282968044,0.9900000095367432,0.0,0.0,0.0,0.0,GazeDirection.CENTER,47.0,67.46499633789062,0.9599999785423279,39.5500602722168
0,0,1166,ScenarioState.PENDING,50.0,-383.9149475097656,269.96771240234375,33.146854400634766,33.146854400634766,34.942444896791294,0.017817996442317963,0.9900000095367432,0.0,0.0,0.0,0.0,GazeDirection.CENTER,47.0,67.46499633789062,0.9599999785423279,39.5500602722168
0,0,1167,ScenarioState.PENDING,50.0,-383.9136657714844,268.63970947265625,33.231361389160156,33.231361389160156,34.942444896791294,-0.028812477365136147,0.9900000095367432,0.0,0.0,0.0,0.0,GazeDirection.CENTER,47.0,67.46499633789062,0.9599999785423279,39.5500602722168
0,0,1168,ScenarioState.PENDING,50.0,-383.9111633300781,267.308349609375,33.31595993041992,33.31595993041992,34.942444896791294,0.013789179734885693,0.9900000095367432,0.0,0.0,0.0,0.0,GazeDirection.CENTER,47.0,67.46499633789062,0.9599999785423279,39.5500602722168
0,0,1169,ScenarioState.PENDING,50.0,-383.9062805175781,265.9736328125,33.40021514892578,33.40021514892578,35.1672857859423,0.018014155328273773,0.9900000095367432,0.0,0.0,0.0,0.0,GazeDirection.CENTER,47.0,67.46499633789062,0.9599999785423279,39.5500602722168
0,0,1170,ScenarioState.PENDING,50.0,-383.9021301269531,264.6355285644531,33.48392868041992,33.48392868041992,35.1672857859423,-0.030345598235726357,0.9900000095367432,0.0,0.0,0.0,0.0,GazeDirection.CENTER,47.0,67.46499633789062,0.9599999785423279,39.5500602722168
0,0,1171,ScenarioState.PENDING,50.0,-383.89703369140625,263.2940979003906,33.568321228027344,33.568321228027344,35.1672857859423,0.013461681082844734,0.9900000095367432,0.0,0.0,0.0,0.0,GazeDirection.CENTER,47.0,67.46499633789062,0.9599999785423279,39.5500602722168
0,0,1172,ScenarioState.PENDING,50.0,-383.8898010253906,261.94927978515625,33.65229797363281,33.65229797363281,35.39027717223854,0.01809212751686573,0.9900000095367432,0.0,0.0,0.0,0.0,GazeDirection.CENTER,47.0,67.46499633789062,0.9599999785423279,39.5500602722168
0,0,1173,ScenarioState.PENDING,50.0,-383.8834228515625,260.60113525390625,33.735408782958984,33.735408782958984,35.39027717223854,-0.030327556654810905,0.9900000095367432,0.0,0.0,0.0,0.0,GazeDirection.CENTER,47.0,67.46499633789062,0.9599999785423279,39.5500602722168
0,0,1174,ScenarioState.PENDING,50.0,-383.8764343261719,259.2496337890625,33.81961441040039,33.81961441040039,35.39027717223854,0.012432404793798923,0.9900000095367432,0.0,0.0,0.0,0.0,GazeDirection.CENTER,47.0,67.46499633789062,0.9599999785423279,39.5500602722168
0,0,1175,ScenarioState.PENDING,50.0,-383.86761474609375,257.894775390625,33.90331268310547,33.90331268310547,35.611636697214934,0.017577016726136208,0.9900000095367432,0.0,0.0,0.0,0.0,GazeDirection.CENTER,47.0,67.46499633789062,0.9599999785423279,39.5500602722168
0,0,1176,ScenarioState.PENDING,50.0,-383.8570861816406,256.5365905761719,33.98698425292969,33.98698425292969,35.611636697214934,0.017577016726136208,0.9900000095367432,0.0,0.0,0.0,0.0,GazeDirection.CENTER,47.0,67.46499633789062,0.9599999785423279,39.5500602722168
0,0,1177,ScenarioState.PENDING,50.0,-383.8479919433594,255.1750946044922,34.068599700927734,34.068599700927734,35.611636697214934,-0.03582017123699188,0.9900000095367432,0.0,0.0,0.0,0.0,GazeDirection.CENTER,47.0,67.46499633789062,0.9599999785423279,39.5500602722168
0,0,1178,ScenarioState.PENDING,50.0,-383.83917236328125,253.81027221679688,34.15302658081055,34.15302658081055,35.83239906597436,-0.006271544843912125,0.9900000095367432,0.0,0.0,0.0,0.0,GazeDirection.CENTER,47.0,67.46499633789062,0.9599999785423279,39.5500602722168
0,0,1179,ScenarioState.PENDING,50.0,-383.83001708984375,252.4420623779297,34.23709487915039,34.23709487915039,35.83239906597436,-0.006271544843912125,0.9900000095367432,0.0,0.0,0.0,0.0,GazeDirection.CENTER,47.0,67.46499633789062,0.9599999785423279,39.5500602722168
0,0,1180,ScenarioState.PENDING,50.0,-383.8190612792969,251.07058715820312,34.3188362121582,34.3188362121582,35.83239906597436,0.02711879089474678,0.9900000095367432,0.0,0.0,0.0,0.0,GazeDirection.CENTER,47.0,67.46499633789062,0.9599999785423279,39.5500602722168
0,0,1181,ScenarioState.PENDING,50.0,-383.8072814941406,249.69577026367188,34.40277099609375,34.40277099609375,36.05119224003011,0.0021130095701664686,0.9900000095367432,0.0,0.0,0.0,0.0,GazeDirection.CENTER,47.0,67.46499633789062,0.9599999785423279,39.5500602722168
0,0,1182,ScenarioState.PENDING,50.0,-383.79742431640625,248.31768798828125,34.483802795410156,34.483802795410156,36.05119224003011,-0.03327156975865364,0.9900000095367432,0.0,0.0,0.0,0.0,GazeDirection.CENTER,47.0,67.46499633789062,0.9599999785423279,39.5500602722168
0,0,1183,ScenarioState.PENDING,50.0,-383.7870178222656,246.9363250732422,34.56660842895508,34.56660842895508,36.05119224003011,0.016338154673576355,0.9900000095367432,0.0,0.0,0.0,0.0,GazeDirection.CENTER,47.0,67.46499633789062,0.9599999785423279,39.5500602722168
0,0,1184,ScenarioState.PENDING,50.0,-383.7750549316406,245.5516357421875,34.649330139160156,34.649330139160156,36.26632930487697,0.017186444252729416,0.9900000095367432,0.0,0.0,0.0,0.0,GazeDirection.CENTER,47.0,67.46499633789062,0.9599999785423279,39.5500602722168
0,0,1185,ScenarioState.PENDING,50.0,-383.7646484375,244.16368103027344,34.730224609375,34.730224609375,36.26632930487697,-0.030268890783190727,0.9900000095367432,0.0,0.0,0.0,0.0,GazeDirection.CENTER,47.0,67.46499633789062,0.9599999785423279,39.5500602722168
0,0,1186,ScenarioState.PENDING,50.0,-383.7543029785156,242.77243041992188,34.81328201293945,34.81328201293945,36.26632930487697,0.008452954702079296,0.9900000095367432,0.0,0.0,0.0,0.0,GazeDirection.CENTER,47.0,67.46499633789062,0.9599999785423279,39.5500602722168
0,0,1187,ScenarioState.PENDING,50.0,-383.7427978515625,241.37789916992188,34.895668029785156,34.895668029785156,36.480534890742476,0.015926780179142952,0.9900000095367432,0.0,0.0,0.0,0.0,GazeDirection.CENTER,47.0,67.46499633789062,0.9599999785423279,39.5500602722168
0,0,1188,ScenarioState.PENDING,50.0,-383.7322692871094,239.98008728027344,34.9774055480957,34.9774055480957,36.480534890742476,-0.019474484026432037,0.9900000095367432,0.0,0.0,0.0,0.0,GazeDirection.CENTER,47.0,67.46499633789062,0.9599999785423279,39.5500602722168
0,0,1189,ScenarioState.PENDING,50.0,-383.7220764160156,238.57896423339844,35.06012725830078,35.06012725830078,36.480534890742476,0.003071454120799899,0.9900000095367432,0.0,0.0,0.0,0.0,GazeDirection.CENTER,47.0,67.46499633789062,0.9599999785423279,39.5500602722168
0,0,1190,ScenarioState.PENDING,50.0,-383.7112121582031,237.17454528808594,35.14239501953125,35.14239501953125,36.694704957927065,0.010312028229236603,0.9900000095367432,0.0,0.0,0.0,0.0,GazeDirection.CENTER,47.0,67.46499633789062,0.9599999785423279,39.5500602722168
0,0,1191,ScenarioState.PENDING,50.0,-383.701171875,235.766845703125,35.2241096496582,35.2241096496582,36.694704957927065,-0.014146938920021057,0.9900000095367432,0.0,0.0,0.0,0.0,GazeDirection.CENTER,47.0,67.46499633789062,0.9599999785423279,39.5500602722168
0,0,1192,ScenarioState.PENDING,50.0,-383.6913146972656,234.3558807373047,35.306297302246094,35.306297302246094,36.694704957927065,0.0041121505200862885,0.9900000095367432,0.0,0.0,0.0,0.0,GazeDirection.CENTER,47.0,67.46499633789062,0.9599999785423279,39.5500602722168
0,0,1193,ScenarioState.PENDING,50.0,-383.68109130859375,232.94158935546875,35.38822555541992,35.38822555541992,36.907756138816055,0.007172407582402229,0.9900000095367432,0.0,0.0,0.0,0.0,GazeDirection.CENTER,47.0,67.46499633789062,0.9599999785423279,39.5500602722168
0,0,1194,ScenarioState.PENDING,50.0,-383.671630859375,231.52407836914062,35.46957015991211,35.46957015991211,36.907756138816055,-0.01264785323292017,0.9900000095367432,0.0,0.0,0.0,0.0,GazeDirection.CENTER,47.0,67.46499633789062,0.9599999785423279,39.5500602722168
0,0,1195,ScenarioState.PENDING,50.0,-383.6623229980469,230.103271484375,35.5512809753418,35.5512809753418,36.907756138816055,0.004197404254227877,0.9900000095367432,0.0,0.0,0.0,0.0,GazeDirection.CENTER,47.0,67.46499633789062,0.9599999785423279,39.5500602722168
0,0,1196,ScenarioState.PENDING,50.0,-383.6527404785156,228.67921447753906,35.63277816772461,35.63277816772461,37.11902434435124,0.006246592383831739,0.9900000095367432,0.0,0.0,0.0,0.0,GazeDirection.CENTER,47.0,67.46499633789062,0.9599999785423279,39.5500602722168
0,0,1197,ScenarioState.PENDING,50.0,-383.6438293457031,227.2519073486328,35.713775634765625,35.713775634765625,37.11902434435124,-0.010921023786067963,0.9900000095367432,0.0,0.0,0.0,0.0,GazeDirection.CENTER,47.0,67.46499633789062,0.9599999785423279,39.5500602722168
0,0,1198,ScenarioState.PENDING,50.0,-383.63592529296875,225.82135009765625,35.79471969604492,35.79471969604492,37.11902434435124,-0.010921023786067963,0.9900000095367432,0.0,0.0,0.0,0.0,GazeDirection.CENTER,47.0,67.46499633789062,0.9599999785423279,39.5500602722168
0,0,1199,ScenarioState.PENDING,50.0,-383.6272888183594,224.3875732421875,35.87495422363281,35.87495422363281,37.32850468460093,0.019789841026067734,0.9900000095367432,0.0,0.0,0.0,0.0,GazeDirection.CENTER,47.0,67.46499633789062,0.9599999785423279,39.5500602722168
0,0,1200,ScenarioState.PENDING,50.0,-383.6187744140625,222.95057678222656,35.955928802490234,35.955928802490234,37.32850468460093,-0.003240408608689904,0.9900000095367432,0.0,0.0,0.0,0.0,GazeDirection.CENTER,47.0,67.46499633789062,0.9599999785423279,39.5500602722168
0,0,1201,ScenarioState.PENDING,50.0,-383.6109924316406,221.51034545898438,36.03666687011719,36.03666687011719,37.32850468460093,-0.005009375978261232,0.9900000095367432,0.0,0.0,0.0,0.0,GazeDirection.CENTER,47.0,67.46499633789062,0.9599999785423279,39.5500602722168
0,0,1202,ScenarioState.PENDING,50.0,-383.60345458984375,220.06686401367188,36.11737823486328,36.11737823486328,37.53551028067053,0.0019108164124190807,0.9900000095367432,0.0,0.0,0.0,0.0,GazeDirection.CENTER,47.0,67.46499633789062,0.9599999785423279,39.5500602722168
0,0,1203,ScenarioState.PENDING,50.0,-383.5960998535156,218.6201934814453,36.1978874206543,36.1978874206543,37.53551028067053,-0.002207963028922677,0.9900000095367432,0.0,0.0,0.0,0.0,GazeDirection.CENTER,47.0,67.46499633789062,0.9599999785423279,39.5500602722168
0,0,1204,ScenarioState.PENDING,50.0,-383.5888671875,217.1702880859375,36.27828598022461,36.27828598022461,37.53551028067053,0.0024614217691123486,0.9900000095367432,0.0,0.0,0.0,0.0,GazeDirection.CENTER,47.0,67.46499633789062,0.9599999785423279,39.5500602722168
0,0,1205,ScenarioState.PENDING,50.0,-383.5816650390625,215.7171630859375,36.35853958129883,36.35853958129883,37.741637780109436,0.0006902999011799693,0.9900000095367432,0.0,0.0,0.0,0.0,GazeDirection.CENTER,47.0,67.46499633789062,0.9599999785423279,39.5500602722168
0,0,1206,ScenarioState.PENDING,50.0,-383.5750427246094,214.26083374023438,36.43852615356445,36.43852615356445,37.741637780109436,-0.00542809721082449,0.9900000095367432,0.0,0.0,0.0,0.0,GazeDirection.CENTER,47.0,67.46499633789062,0.9599999785423279,39.5500602722168
0,0,1207,ScenarioState.PENDING,50.0,-383.56842041015625,212.80130004882812,36.518489837646484,36.518489837646484,37.741637780109436,0.0028205052949488163,0.9900000095367432,0.0,0.0,0.0,0.0,GazeDirection.CENTER,47.0,67.46499633789062,0.9599999785423279,39.5500602722168
0,0,1208,ScenarioState.PENDING,50.0,-383.56182861328125,211.33856201171875,36.59830093383789,36.59830093383789,37.945920079636785,0.0024584345519542694,0.9900000095367432,0.0,0.0,0.0,0.0,GazeDirection.CENTER,47.0,67.46499633789062,0.9599999785423279,39.5500602722168
0,0,1209,ScenarioState.PENDING,50.0,-383.5556640625,209.87265014648438,36.677860260009766,36.677860260009766,37.945920079636785,-0.0053709992207586765,0.9900000095367432,0.0,0.0,0.0,0.0,GazeDirection.CENTER,47.0,67.46499633789062,0.9599999785423279,39.5500602722168
0,0,1210,ScenarioState.PENDING,50.0,-383.5496520996094,208.403564453125,36.75739669799805,36.75739669799805,37.945920079636785,0.0016073758015409112,0.9900000095367432,0.0,0.0,0.0,0.0,GazeDirection.CENTER,47.0,67.46499633789062,0.9599999785423279,39.5500602722168
0,0,1211,ScenarioState.PENDING,50.0,-383.54351806640625,206.93130493164062,36.83677673339844,36.83677673339844,38.14837305291853,0.0026471021119505167,0.9900000095367432,0.0,0.0,0.0,0.0,GazeDirection.CENTER,47.0,67.46499633789062,0.9599999785423279,39.5500602722168
0,0,1212,ScenarioState.PENDING,50.0,-383.53759765625,205.4558563232422,36.91598129272461,36.91598129272461,38.14837305291853,-0.0033816962968558073,0.9900000095367432,0.0,0.0,0.0,0.0,GazeDirection.CENTER,47.0,67.46499633789062,0.9599999785423279,39.5500602722168
0,0,1213,ScenarioState.PENDING,50.0,-383.5319519042969,203.97726440429688,36.99509048461914,36.99509048461914,38.14837305291853,0.0001483091909904033,0.9900000095367432,0.0,0.0,0.0,0.0,GazeDirection.CENTER,47.0,67.46499633789062,0.9599999785423279,39.5500602722168
0,0,1214,ScenarioState.PENDING,50.0,-383.5262451171875,202.4954833984375,37.07405090332031,37.07405090332031,38.34907886684301,0.0017488981829956174,0.9900000095367432,0.0,0.0,0.0,0.0,GazeDirection.CENTER,47.0,67.46499633789062,0.9599999785423279,39.5500602722168
0,0,1215,ScenarioState.PENDING,50.0,-383.5206604003906,201.01055908203125,37.15285873413086,37.15285873413086,38.34907886684301,-0.0019497736357152462,0.9900000095367432,0.0,0.0,0.0,0.0,GazeDirection.CENTER,47.0,67.46499633789062,0.9599999785423279,39.5500602722168
0,0,1216,ScenarioState.PENDING,50.0,-383.5152587890625,199.52252197265625,37.231536865234375,37.231536865234375,38.34907886684301,0.00016160611994564533,0.9900000095367432,0.0,0.0,0.0,0.0,GazeDirection.CENTER,47.0,67.46499633789062,0.9599999785423279,39.5500602722168
0,0,1217,ScenarioState.PENDING,50.0,-383.50994873046875,198.03128051757812,37.31004333496094,37.31004333496094,38.548010525303454,0.0009386971942149103,0.9900000095367432,0.0,0.0,0.0,0.0,GazeDirection.CENTER,47.0,67.46499633789062,0.9599999785423279,39.5500602722168
0,0,1218,ScenarioState.PENDING,50.0,-383.50439453125,196.5369110107422,37.388343811035156,37.388343811035156,38.548010525303454,0.003952952101826668,0.9900000095367432,0.0,0.0,0.0,0.0,GazeDirection.CENTER,47.0,67.46499633789062,0.9599999785423279,39.5500602722168
0,0,1219,ScenarioState.PENDING,50.0,-383.49859619140625,195.03941345214844,37.46644973754883,37.46644973754883,38.548010525303454,0.003952952101826668,0.9900000095367432,0.0,0.0,0.0,0.0,GazeDirection.CENTER,47.0,67.46499633789062,0.9599999785423279,39.5500602722168
0,0,1220,ScenarioState.PENDING,50.0,-383.49334716796875,193.538818359375,37.544063568115234,37.544063568115234,38.74504953546798,-0.010635650716722012,0.9900000095367432,0.0,0.0,0.0,0.0,GazeDirection.CENTER,47.0,67.46499633789062,0.9599999785423279,39.5500602722168
0,0,1221,ScenarioState.PENDING,50.0,-383.4850769042969,192.0353546142578,37.61369323730469,37.61369323730469,38.74504953546798,0.05890701711177826,0.9900000095367432,0.0,0.0,0.0,0.0,GazeDirection.CENTER,47.0,67.46499633789062,0.9599999785423279,39.5500602722168
0,0,1222,ScenarioState.PENDING,50.0,-383.4772644042969,190.52896118164062,37.68851089477539,37.68851089477539,38.74504953546798,-0.04109298437833786,0.9900000095367432,0.0,0.0,0.0,0.0,GazeDirection.CENTER,47.0,67.46499633789062,0.9599999785423279,39.5500602722168
0,0,1223,ScenarioState.PENDING,50.0,-383.4725646972656,189.01959228515625,37.762508392333984,37.762508392333984,38.93292118654949,-0.043874651193618774,0.9900000095367432,0.0,0.0,0.0,0.0,GazeDirection.CENTER,47.0,67.46499633789062,0.9599999785423279,39.5500602722168
0,0,1224,ScenarioState.PENDING,50.0,-383.4653015136719,187.50733947753906,37.833065032958984,37.833065032958984,38.93292118654949,0.056125346571207047,0.9900000095367432,0.0,0.0,0.0,0.0,GazeDirection.CENTER,47.0,67.46499633789062,0.9599999785423279,39.5500602722168
0,0,1225,ScenarioState.PENDING,50.0,-383.4546813964844,185.99215698242188,37.90898132324219,37.90898132324219,38.93292118654949,0.0274302177131176,0.9900000095367432,0.0,0.0,0.0,0.0,GazeDirection.CENTER,47.0,67.46499633789062,0.9599999785423279,39.5500602722168
0,0,1226,ScenarioState.PENDING,50.0,-383.4450988769531,184.47393798828125,37.984336853027344,37.984336853027344,39.11515524122438,-0.02933333069086075,0.9900000095367432,0.0,0.0,0.0,0.0,GazeDirection.CENTER,47.0,67.46499633789062,0.9599999785423279,39.5500602722168
0,0,1227,ScenarioState.PENDING,50.0,-383.4322814941406,182.9529266357422,38.05050277709961,38.05050277709961,39.11515524122438,0.07066667079925537,0.9900000095367432,0.0,0.0,0.0,0.0,GazeDirection.CENTER,47.0,67.46499633789062,0.9599999785423279,39.5500602722168
0,0,1228,ScenarioState.PENDING,50.0,-383.4176330566406,181.4290313720703,38.12773132324219,38.12773132324219,39.11515524122438,-0.01598619483411312,0.9900000095367432,0.0,0.0,0.0,0.0,GazeDirection.CENTER,47.0,67.46499633789062,0.9599999785423279,39.5500602722168
0,0,1229,ScenarioState.PENDING,50.0,-383.40435791015625,179.902099609375,38.20234298706055,38.20234298706055,39.29514199708464,-0.03595728427171707,0.9900000095367432,0.0,0.0,0.0,0.0,GazeDirection.CENTER,47.0,67.46499633789062,0.9599999785423279,39.5500602722168
0,0,1230,ScenarioState.PENDING,50.0,-383.38702392578125,178.3724822998047,38.2679557800293,38.2679557800293,39.29514199708464,0.06404271721839905,0.9900000095367432,0.0,0.0,0.0,0.0,GazeDirection.CENTER,47.0,67.46499633789062,0.9599999785423279,39.5500602722168
0,0,1231,ScenarioState.PENDING,50.0,-383.365234375,176.84005737304688,38.34226989746094,38.34226989746094,39.29514199708464,0.023519862443208694,0.9900000095367432,0.0,0.0,0.0,0.0,GazeDirection.CENTER,47.0,67.46499633789062,0.9599999785423279,39.5500602722168
0,0,1232,ScenarioState.PENDING,50.0,-383.3428039550781,175.30462646484375,38.417789459228516,38.417789459228516,39.47449280705596,-0.025040511041879654,0.9900000095367432,0.0,0.0,0.0,0.0,GazeDirection.CENTER,47.0,67.46499633789062,0.9599999785423279,39.5500602722168
0,0,1233,ScenarioState.PENDING,50.0,-383.315185546875,173.76666259765625,38.4781494140625,38.4781494140625,39.47449280705596,0.07495948672294617,0.9900000095367432,0.0,0.0,0.0,0.0,GazeDirection.CENTER,47.0,67.46499633789062,0.9599999785423279,39.5500602722168
0,0,1234,ScenarioState.PENDING,50.0,-383.2831115722656,172.2259521484375,38.55348587036133,38.55348587036133,39.47449280705596,0.0053224884904921055,0.9900000095367432,0.0,0.0,0.0,0.0,GazeDirection.CENTER,47.0,67.46499633789062,0.9599999785423279,39.5500602722168
0,0,1235,ScenarioState.PENDING,50.0,-383.2494201660156,170.68228149414062,38.628501892089844,38.628501892089844,39.64723712292792,-0.02401229739189148,0.9900000095367432,0.0,0.0,0.0,0.0,GazeDirection.CENTER,47.0,67.46499633789062,0.9599999785423279,39.5500602722168
0,0,1236,ScenarioState.PENDING,50.0,-383.2091369628906,169.13619995117188,38.684967041015625,38.684967041015625,39.64723712292792,0.07598770409822464,0.9900000095367432,0.0,0.0,0.0,0.0,GazeDirection.CENTER,47.0,67.46499633789062,0.9599999785423279,39.5500602722168
0,0,1237,ScenarioState.PENDING,50.0,-383.15948486328125,167.5882568359375,38.74058151245117,38.74058151245117,39.64723712292792,0.07598770409822464,0.9900000095367432,0.0,0.0,0.0,0.0,GazeDirection.CENTER,47.0,67.46499633789062,0.9599999785423279,39.5500602722168
0,0,1238,ScenarioState.PENDING,50.0,-383.1066589355469,166.03768920898438,38.8126106262207,38.8126106262207,39.81659967452413,-0.06565578281879425,0.9900000095367432,0.0,0.0,0.0,0.0,GazeDirection.CENTER,47.0,67.46499633789062,0.9599999785423279,39.5500602722168
0,0,1239,ScenarioState.PENDING,50.0,-383.04901123046875,164.4845428466797,38.87749481201172,38.87749481201172,39.81659967452413,0.03434421867132187,0.9900000095367432,0.0,0.0,0.0,0.0,GazeDirection.CENTER,47.0,67.46499633789062,0.9599999785423279,39.5500602722168
0,0,1240,ScenarioState.PENDING,50.0,-382.98284912109375,162.92919921875,38.94147491455078,38.94147491455078,39.81659967452413,0.027791209518909454,0.9442580342292786,0.0,0.0,0.0,0.0,GazeDirection.CENTER,47.0,67.46499633789062,0.9599999785423279,39.5500602722168
0,0,1241,ScenarioState.PENDING,50.0,-382.9097595214844,161.3715362548828,39.00790786743164,39.00790786743164,39.973720532823265,0.005417959298938513,0.9900000095367432,0.0,0.0,0.0,0.0,GazeDirection.CENTER,47.0,67.46499633789062,0.9599999785423279,39.5500602722168
0,0,1242,ScenarioState.PENDING,50.0,-382.82672119140625,159.81231689453125,39.048728942871094,39.048728942871094,39.973720532823265,0.10000000149011612,0.970885157585144,0.0,0.0,0.0,0.0,GazeDirection.CENTER,47.0,67.46499633789062,0.9599999785423279,39.5500602722168
0,0,1243,ScenarioState.PENDING,50.0,-382.7342834472656,158.25148010253906,39.111358642578125,39.111358642578125,39.973720532823265,0.008294369094073772,0.9299982190132141,0.0,0.0,0.0,0.0,GazeDirection.CENTER,47.0,67.46499633789062,0.9599999785423279,39.5500602722168
0,0,1244,ScenarioState.PENDING,50.0,-382.6361389160156,156.68838500976562,39.17632293701172,39.17632293701172,40.11301483545308,-0.025466371327638626,0.9900000095367432,0.0,0.0,0.0,0.0,GazeDirection.CENTER,47.0,67.46499633789062,0.9599999785423279,39.5500602722168
0,0,1245,ScenarioState.PENDING,50.0,-382.52728271484375,155.12413024902344,39.213172912597656,39.213172912597656,40.11301483545308,0.0745336264371872,0.9416226744651794,0.0,0.0,0.0,0.0,GazeDirection.CENTER,47.0,67.46499633789062,0.9599999785423279,39.5500602722168
0,0,1246,ScenarioState.PENDING,50.0,-382.4064636230469,153.55914306640625,39.25672912597656,39.25672912597656,40.11301483545308,0.04694514349102974,0.9047132134437561,0.0,0.0,0.0,0.0,GazeDirection.CENTER,47.0,67.46499633789062,0.9599999785423279,39.5500602722168
0,0,1247,ScenarioState.PENDING,50.0,-382.2766418457031,151.99281311035156,39.31053161621094,39.31053161621094,40.24639212400504,-0.0013293148949742317,0.9900000095367432,0.0,0.0,0.0,0.0,GazeDirection.CENTER,47.0,67.46499633789062,0.9599999785423279,39.5500602722168
0,0,1248,ScenarioState.PENDING,50.0,-382.13385009765625,150.42637634277344,39.328765869140625,39.328765869140625,40.24639212400504,0.09867068380117416,0.9406754374504089,0.0,0.0,0.0,0.0,GazeDirection.CENTER,47.0,67.46499633789062,0.9599999785423279,39.5500602722168
0,0,1249,ScenarioState.PENDING,50.0,-381.9794921875,148.85952758789062,39.3777961730957,39.3777961730957,40.24639212400504,-0.00037986983079463243,0.922398030757904,0.0,0.0,0.0,0.0,GazeDirection.CENTER,47.0,67.46499633789062,0.9599999785423279,39.5500602722168
0,0,1250,ScenarioState.PENDING,50.0,-381.8163146972656,147.2914581298828,39.42881774902344,39.42881774902344,40.339911892635854,-0.020476054400205612,0.9668989777565002,0.0,0.0,0.0,0.0,GazeDirection.CENTER,47.0,67.46499633789062,0.9599999785423279,39.5500602722168
0,0,1251,ScenarioState.PENDING,50.0,-381.6394348144531,145.72372436523438,39.44528579711914,39.44528579711914,40.339911892635854,0.07952394336462021,0.9158168435096741,0.0,0.0,0.0,0.0,GazeDirection.CENTER,47.0,67.46499633789062,0.9599999785423279,39.5500602722168
0,0,1252,ScenarioState.PENDING,50.0,-381.4478759765625,144.15687561035156,39.47077941894531,39.47077941894531,40.339911892635854,0.0485299788415432,0.8993131518363953,0.0,0.0,0.0,0.0,GazeDirection.CENTER,47.0,67.46499633789062,0.9599999785423279,39.5500602722168
0,0,1253,ScenarioState.PENDING,50.0,-381.24432373046875,142.59014892578125,39.508148193359375,39.508148193359375,40.43398145017683,0.005867534317076206,0.9679082036018372,0.0,0.0,0.0,0.0,GazeDirection.CENTER,47.0,67.46499633789062,0.9599999785423279,39.5500602722168
0,0,1254,ScenarioState.PENDING,50.0,-381.026123046875,141.0246124267578,39.51371383666992,39.51371383666992,40.43398145017683,0.10000000149011612,0.9305015206336975,0.0,0.0,0.0,0.0,GazeDirection.CENTER,47.0,67.46499633789062,0.9599999785423279,39.5500602722168
0,0,1255,ScenarioState.PENDING,50.0,-380.79339599609375,139.4603729248047,39.54520034790039,39.54520034790039,40.43398145017683,0.012604506686329842,0.9249276518821716,0.0,0.0,0.0,0.0,GazeDirection.CENTER,47.0,67.46499633789062,0.9599999785423279,39.5500602722168
0,0,1256,ScenarioState.PENDING,50.0,-380.5486145019531,137.896484375,39.58131408691406,39.58131408691406,40.48913259679183,-0.008065092377364635,0.9486143589019775,0.0,0.0,0.0,0.0,GazeDirection.CENTER,47.0,67.46499633789062,0.9599999785423279,39.5500602722168
0,0,1257,ScenarioState.PENDING,50.0,-380.2875671386719,136.3348388671875,39.576820373535156,39.576820373535156,40.48913259679183,0.09193490445613861,0.912459671497345,0.0,0.0,0.0,0.0,GazeDirection.CENTER,47.0,67.46499633789062,0.9599999785423279,39.5500602722168
0,0,1258,ScenarioState.PENDING,50.0,-380.00823974609375,134.7767333984375,39.568355560302734,39.568355560302734,40.48913259679183,0.09193490445613861,0.912459671497345,0.0,0.0,0.0,0.0,GazeDirection.CENTER,47.0,67.46499633789062,0.9599999785423279,39.5500602722168
0,0,1259,ScenarioState.PENDING,50.0,-379.7155456542969,133.22018432617188,39.60496139526367,39.60496139526367,40.53993611086102,-0.04453842341899872,0.9762369394302368,0.0,0.0,0.0,0.0,GazeDirection.CENTER,47.0,67.46499633789062,0.9599999785423279,39.5500602722168
0,0,1260,ScenarioState.PENDING,50.0,-379.4079895019531,131.66567993164062,39.61083221435547,39.61083221435547,40.53993611086102,0.0554615743458271,0.9396175146102905,0.0,0.0,0.0,0.0,GazeDirection.CENTER,47.0,67.46499633789062,0.9599999785423279,39.5500602722168
0,0,1261,ScenarioState.PENDING,50.0,-379.0841979980469,130.11387634277344,39.632225036621094,39.632225036621094,40.53993611086102,0.012955443933606148,0.9337556958198547,0.0,0.0,0.0,0.0,GazeDirection.CENTER,47.0,67.46499633789062,0.9599999785423279,39.5500602722168
0,0,1262,ScenarioState.PENDING,50.0,-378.7447509765625,128.56463623046875,39.650421142578125,39.650421142578125,40.56729075604275,0.016592474654316902,0.9397377371788025,0.0,0.0,0.0,0.0,GazeDirection.CENTER,47.0,67.46499633789062,0.9599999785423279,39.5500602722168
0,0,1263,ScenarioState.PENDING,50.0,-378.38726806640625,127.0195541381836,39.63554000854492,39.63554000854492,40.56729075604275,0.10000000149011612,0.9215185046195984,0.0,0.0,0.0,0.0,GazeDirection.CENTER,47.0,67.46499633789062,0.9599999785423279,39.5500602722168
0,0,1264,ScenarioState.PENDING,50.0,-378.0129089355469,125.47835540771484,39.652034759521484,39.652034759521484,40.56729075604275,0.01621195673942566,0.9364025592803955,0.0,0.0,0.0,0.0,GazeDirection.CENTER,47.0,67.46499633789062,0.9599999785423279,39.5500602722168
0,0,1265,ScenarioState.PENDING,50.0,-377.6236877441406,123.9399185180664,39.67431640625,39.67431640625,40.58715110198651,-0.00023838675406295806,0.9397755861282349,0.0,0.0,0.0,0.0,GazeDirection.CENTER,47.0,67.46499633789062,0.9599999785423279,39.5500602722168
0,0,1266,ScenarioState.PENDING,50.0,-377.21612548828125,122.40653228759766,39.651912689208984,39.651912689208984,40.58715110198651,0.09976161271333694,0.9174783825874329,0.0,0.0,0.0,0.0,GazeDirection.CENTER,47.0,67.46499633789062,0.9599999785423279,39.5500602722168
0,0,1267,ScenarioState.PENDING,50.0,-376.79144287109375,120.87776184082031,39.66686248779297,39.66686248779297,40.58715110198651,0.012046484276652336,0.9398958086967468,0.0,0.0,0.0,0.0,GazeDirection.CENTER,47.0,67.46499633789062,0.9599999785423279,39.5500602722168
0,0,1268,ScenarioState.PENDING,50.0,-376.35174560546875,119.35237121582031,39.68753433227539,39.68753433227539,40.60030934807191,-0.0024318292271345854,0.9381148219108582,0.0,0.0,0.0,0.0,GazeDirection.CENTER,47.0,67.46499633789062,0.9599999785423279,39.5500602722168
0,0,1269,ScenarioState.PENDING,50.0,-375.8935546875,117.8327865600586,39.66352462768555,39.66352462768555,40.60030934807191,0.09756816923618317,0.917413592338562,0.0,0.0,0.0,0.0,GazeDirection.CENTER,47.0,67.46499633789062,0.9599999785423279,39.5500602722168
0,0,1270,ScenarioState.PENDING,50.0,-375.4181823730469,116.31858825683594,39.67626953125,39.67626953125,40.60030934807191,0.013477284461259842,0.9414241909980774,0.0,0.0,0.0,0.0,GazeDirection.CENTER,47.0,67.46499633789062,0.9599999785423279,39.5500602722168
0,0,1271,ScenarioState.PENDING,50.0,-374.9275207519531,114.80848693847656,39.69465255737305,39.69465255737305,40.60963787917199,-0.0001424410002073273,0.9380099773406982,0.0,0.0,0.0,0.0,GazeDirection.CENTER,47.0,67.46499633789062,0.9599999785423279,39.5500602722168
0,0,1272,ScenarioState.PENDING,50.0,-374.4183654785156,113.30500030517578,39.66807174682617,39.66807174682617,40.60963787917199,0.09985756129026413,0.9196168780326843,0.0,0.0,0.0,0.0,GazeDirection.CENTER,47.0,67.46499633789062,0.9599999785423279,39.5500602722168
0,0,1273,ScenarioState.PENDING,50.0,-373.8920593261719,111.80752563476562,39.68137741088867,39.68137741088867,40.60963787917199,0.008350951597094536,0.9462100863456726,0.0,0.0,0.0,0.0,GazeDirection.CENTER,47.0,67.46499633789062,0.9599999785423279,39.5500602722168
0,0,1274,ScenarioState.PENDING,50.0,-373.3507385253906,110.31456756591797,39.70086669921875,39.70086669921875,40.613287637337905,-0.004485724959522486,0.9365542531013489,0.0,0.0,0.0,0.0,GazeDirection.CENTER,47.0,67.46499633789062,0.9599999785423279,39.5500602722168
0,0,1275,ScenarioState.PENDING,50.0,-372.7911682128906,108.82879638671875,39.67579650878906,39.67579650878906,40.613287637337905,0.09551427513360977,0.9170535802841187,0.0,0.0,0.0,0.0,GazeDirection.CENTER,47.0,67.46499633789062,0.9599999785423279,39.5500602722168
0,0,1276,ScenarioState.PENDING,50.0,-372.2145690917969,107.34963989257812,39.68777084350586,39.68777084350586,40.613287637337905,0.012459994293749332,0.9421361088752747,0.0,0.0,0.0,0.0,GazeDirection.CENTER,47.0,67.46499633789062,0.9599999785423279,39.5500602722168
0,0,1277,ScenarioState.PENDING,50.0,-371.6229248046875,105.87571716308594,39.70536804199219,39.70536804199219,40.61949290969967,-0.00015290877490770072,0.9363653063774109,0.0,0.0,0.0,0.0,GazeDirection.CENTER,47.0,67.46499633789062,0.9599999785423279,39.5500602722168
0,0,1278,ScenarioState.PENDING,50.0,-371.0130920410156,104.40972137451172,39.67822265625,39.67822265625,40.61949290969967,0.09984709322452545,0.9187584519386292,0.0,0.0,0.0,0.0,GazeDirection.CENTER,47.0,67.46499633789062,0.9599999785423279,39.5500602722168
0,0,1279,ScenarioState.PENDING,50.0,-370.3867492675781,102.9508056640625,39.69255828857422,39.69255828857422,40.61949290969967,0.004463983699679375,0.945918083190918,0.0,0.0,0.0,0.0,GazeDirection.CENTER,47.0,67.46499633789062,0.9599999785423279,39.5500602722168
0,0,1280,ScenarioState.PENDING,50.0,-369.745849609375,101.49728393554688,39.71329116821289,39.71329116821289,40.621442281706784,-0.007705084979534149,0.9335278868675232,0.0,0.0,0.0,0.0,GazeDirection.CENTER,47.0,67.46499633789062,0.9599999785423279,39.5500602722168
0,0,1281,ScenarioState.PENDING,50.0,-369.0874938964844,100.05198669433594,39.69023513793945,39.69023513793945,40.621442281706784,0.09229491651058197,0.9127823710441589,0.0,0.0,0.0,0.0,GazeDirection.CENTER,47.0,67.46499633789062,0.9599999785423279,39.5500602722168
0,0,1282,ScenarioState.PENDING,50.0,-368.4127502441406,98.61432647705078,39.702613830566406,39.702613830566406,40.621442281706784,0.013183988630771637,0.9358465075492859,0.0,0.0,0.0,0.0,GazeDirection.CENTER,47.0,67.46499633789062,0.9599999785423279,39.5500602722168
0,0,1283,ScenarioState.PENDING,50.0,-367.7235412597656,97.18280029296875,39.72041320800781,39.72041320800781,40.63108603387685,0.00035321255563758314,0.9331050515174866,0.0,0.0,0.0,0.0,GazeDirection.CENTER,47.0,67.46499633789062,0.9599999785423279,39.5500602722168
0,0,1284,ScenarioState.PENDING,50.0,-367.017578125,95.75959014892578,39.702213287353516,39.702213287353516,40.63108603387685,0.10000000149011612,0.9152950048446655,0.0,0.0,0.0,0.0,GazeDirection.CENTER,47.0,67.46499633789062,0.9599999785423279,39.5500602722168
0,0,1285,ScenarioState.PENDING,50.0,-366.2956237792969,94.3445816040039,39.71385955810547,39.71385955810547,40.63108603387685,0.015189540572464466,0.9335031509399414,0.0,0.0,0.0,0.0,GazeDirection.CENTER,47.0,67.46499633789062,0.9599999785423279,39.5500602722168
0,0,1286,ScenarioState.PENDING,50.0,-365.5596008300781,92.93592834472656,39.73371887207031,39.73371887207031,40.64070127650058,-0.0031750649213790894,0.931466817855835,0.0,0.0,0.0,0.0,GazeDirection.CENTER,47.0,67.46499633789062,0.9599999785423279,39.5500602722168
0,0,1287,ScenarioState.PENDING,50.0,-364.8069763183594,91.53649139404297,39.71027374267578,39.71027374267578,40.64070127650058,0.09682493656873703,0.9115951657295227,0.0,0.0,0.0,0.0,GazeDirection.CENTER,47.0,67.46499633789062,0.9599999785423279,39.5500602722168
0,0,1288,ScenarioState.PENDING,50.0,-364.03924560546875,90.145263671875,39.727046966552734,39.727046966552734,40.64070127650058,0.0012460676953196526,0.9350484013557434,0.0,0.0,0.0,0.0,GazeDirection.CENTER,47.0,67.46499633789062,0.9599999785423279,39.5500602722168
0,0,1289,ScenarioState.PENDING,50.0,-363.25836181640625,88.76033020019531,39.74936294555664,39.74936294555664,40.64717237365674,-0.009983014315366745,0.9247357249259949,0.0,0.0,0.0,0.0,GazeDirection.CENTER,47.0,67.46499633789062,0.9599999785423279,39.5500602722168
0,0,1290,ScenarioState.PENDING,50.0,-362.46148681640625,87.38481140136719,39.72951126098633,39.72951126098633,40.64717237365674,0.09001698344945908,0.9024041891098022,0.0,0.0,0.0,0.0,GazeDirection.CENTER,47.0,67.46499633789062,0.9599999785423279,39.5500602722168
0,0,1291,ScenarioState.PENDING,50.0,-361.6498107910156,86.0179443359375,39.743534088134766,39.743534088134766,40.64717237365674,0.011493044905364513,0.9222606420516968,0.0,0.0,0.0,0.0,GazeDirection.CENTER,47.0,67.46499633789062,0.9599999785423279,39.5500602722168
0,0,1292,ScenarioState.PENDING,50.0,-360.8250427246094,84.65804290771484,39.762638092041016,39.762638092041016,40.662608655272514,-0.0018983220215886831,0.9236680269241333,0.0,0.0,0.0,0.0,GazeDirection.CENTER,47.0,67.46499633789062,0.9599999785423279,39.5500602722168
0,0,1293,ScenarioState.PENDING,50.0,-359.9846496582031,83.30815887451172,39.73944854736328,39.73944854736328,40.662608655272514,0.0981016755104065,0.904549777507782,0.0,0.0,0.0,0.0,GazeDirection.CENTER,47.0,67.46499633789062,0.9599999785423279,39.5500602722168
0,0,1294,ScenarioState.PENDING,50.0,-359.1302185058594,81.96704864501953,39.75688171386719,39.75688171386719,40.662608655272514,-0.0018983220215886831,0.9277455806732178,0.0,0.0,0.0,0.0,GazeDirection.CENTER,47.0,67.46499633789062,0.9599999785423279,39.5500602722168
0,0,1295,ScenarioState.PENDING,50.0,-358.2638244628906,80.63248443603516,39.78059387207031,39.78059387207031,40.67057879341332,-0.015261665917932987,0.9182749390602112,0.0,0.0,0.0,0.0,GazeDirection.CENTER,47.0,67.46499633789062,0.9599999785423279,39.5500602722168
0,0,1296,ScenarioState.PENDING,50.0,-357.3826599121094,79.30775451660156,39.7640380859375,39.7640380859375,40.67057879341332,0.0847383365035057,0.8945443630218506,0.0,0.0,0.0,0.0,GazeDirection.CENTER,47.0,67.46499633789062,0.9599999785423279,39.5500602722168
0,0,1297,ScenarioState.PENDING,50.0,-356.4859313964844,77.99452209472656,39.745697021484375,39.745697021484375,40.67057879341332,0.0847383365035057,0.8945443630218506,0.0,0.0,0.0,0.0,GazeDirection.CENTER,47.0,67.46499633789062,0.9599999785423279,39.5500602722168
0,0,1298,ScenarioState.PENDING,50.0,-355.5774841308594,76.68875885009766,39.773529052734375,39.773529052734375,40.69030069624042,-0.04876069724559784,0.9491699934005737,0.0,0.0,0.0,0.0,GazeDirection.CENTER,47.0,67.46499633789062,0.9599999785423279,39.5500602722168
0,0,1299,ScenarioState.PENDING,50.0,-354.6563720703125,75.39131927490234,39.772308349609375,39.772308349609375,40.69030069624042,0.05123930424451828,0.92133629322052,0.0,0.0,0.0,0.0,GazeDirection.CENTER,47.0,67.46499633789062,0.9599999785423279,39.5500602722168
0,0,1300,ScenarioState.PENDING,50.0,-353.72216796875,74.10269927978516,39.79185485839844,39.79185485839844,40.69030069624042,-0.0017016830388456583,0.9225670695304871,0.0,0.0,0.0,0.0,GazeDirection.CENTER,47.0,67.46499633789062,0.9599999785423279,39.5500602722168
0,0,1301,ScenarioState.PENDING,50.0,-352.77593994140625,72.82195281982422,39.81143569946289,39.81143569946289,40.69692899698466,-0.0017016830388456583,0.9225670695304871,0.0,0.0,0.0,0.0,GazeDirection.CENTER,47.0,67.46499633789062,0.9599999785423279,39.5500602722168
0,0,1302,ScenarioState.PENDING,50.0,-351.8177185058594,71.54915618896484,39.83203887939453,39.83203887939453,40.69692899698466,-0.0017016830388456583,0.9225670695304871,0.0,0.0,0.0,0.0,GazeDirection.CENTER,47.0,67.46499633789062,0.9599999785423279,39.5500602722168
0,0,1303,ScenarioState.PENDING,50.0,-350.8458557128906,70.2868423461914,39.82012939453125,39.82012939453125,40.69692899698466,0.07961009442806244,0.8694242238998413,0.0,0.0,0.0,0.0,GazeDirection.CENTER,47.0,67.46499633789062,0.9599999785423279,39.5500602722168
0,0,1304,ScenarioState.PENDING,50.0,-349.86083984375,69.03502655029297,39.82080078125,39.82080078125,40.744785194783844,0.053898885846138,0.9291906356811523,0.0,0.0,0.0,0.0,GazeDirection.CENTER,47.0,67.46499633789062,0.9599999785423279,39.5500602722168
0,0,1305,ScenarioState.PENDING,50.0,-348.8624267578125,67.79446411132812,39.80253219604492,39.80253219604492,40.744785194783844,0.10000000149011612,0.9285244345664978,0.0,0.0,0.0,0.0,GazeDirection.CENTER,47.0,67.46499633789062,0.9599999785423279,39.5500602722168
0,0,1306,ScenarioState.PENDING,50.0,-347.852294921875,66.56291961669922,39.82452392578125,39.82452392578125,40.744785194783844,0.0,0.9468191266059875,0.0,0.0,0.0,0.0,GazeDirection.CENTER,47.0,67.46499633789062,0.9599999785423279,39.5500602722168
0,0,1307,ScenarioState.PENDING,50.0,-346.83331298828125,65.33684539794922,39.86238479614258,39.86238479614258,40.72115163882078,-0.07069221138954163,0.9011889100074768,0.0,0.0,0.0,0.0,GazeDirection.CENTER,47.0,67.46499633789062,0.9599999785423279,39.5500602722168
0,0,1308,ScenarioState.PENDING,50.0,-345.80328369140625,64.11906433105469,39.871726989746094,39.871726989746094,40.72115163882078,0.029307790100574493,0.8632851243019104,0.0,0.0,0.0,0.0,GazeDirection.CENTER,47.0,67.46499633789062,0.9599999785423279,39.5500602722168
0,0,1309,ScenarioState.PENDING,50.0,-344.7599182128906,62.91313934326172,39.859718322753906,39.859718322753906,40.72115163882078,0.07310547679662704,0.8539092540740967,0.0,0.0,0.0,0.0,GazeDirection.CENTER,47.0,67.46499633789062,0.9599999785423279,39.5500602722168
0,0,1310,ScenarioState.PENDING,50.0,-343.70458984375,61.71772003173828,39.863800048828125,39.863800048828125,40.776554921837366,0.03523982688784599,0.9213206171989441,0.0,0.0,0.0,0.0,GazeDirection.CENTER,47.0,67.46499633789062,0.9599999785423279,39.5500602722168
0,0,1311,ScenarioState.PENDING,50.0,-342.6380310058594,60.53200912475586,39.86917495727539,39.86917495727539,40.776554921837366,0.03523982688784599,0.9213206171989441,0.0,0.0,0.0,0.0,GazeDirection.CENTER,47.0,67.46499633789062,0.9599999785423279,39.5500602722168
0,0,1312,ScenarioState.PENDING,50.0,-341.5601806640625,59.356239318847656,39.87558364868164,39.87558364868164,40.776554921837366,0.03523982688784599,0.9213206171989441,0.0,0.0,0.0,0.0,GazeDirection.CENTER,47.0,67.46499633789062,0.9599999785423279,39.5500602722168
0,0,1313,ScenarioState.PENDING,50.0,-340.4723815917969,58.188602447509766,39.900211334228516,39.900211334228516,40.7745117507584,-0.01656205579638481,0.9034439325332642,0.0,0.0,0.0,0.0,GazeDirection.CENTER,47.0,67.46499633789062,0.9599999785423279,39.5500602722168
0,0,1314,ScenarioState.PENDING,50.0,-339.3727722167969,57.03207778930664,39.88628005981445,39.88628005981445,40.7745117507584,0.08343794196844101,0.8787910342216492,0.0,0.0,0.0,0.0,GazeDirection.CENTER,47.0,67.46499633789062,0.9599999785423279,39.5500602722168
0,0,1315,ScenarioState.PENDING,50.0,-338.26220703125,55.88581085205078,39.901947021484375,39.901947021484375,40.7745117507584,0.003484471468254924,0.892704427242279,0.0,0.0,0.0,0.0,GazeDirection.CENTER,47.0,67.46499633789062,0.9599999785423279,39.5500602722168
0,0,1316,ScenarioState.PENDING,50.0,-337.1420593261719,54.74793243408203,39.91985321044922,39.91985321044922,40.788195894817285,-0.006815968547016382,0.8906936049461365,0.0,0.0,0.0,0.0,GazeDirection.CENTER,47.0,67.46499633789062,0.9599999785423279,39.5500602722168
0,0,1317,ScenarioState.PENDING,50.0,-336.0102233886719,53.62213134765625,39.89834976196289,39.89834976196289,40.788195894817285,0.09318403154611588,0.872773289680481,0.0,0.0,0.0,0.0,GazeDirection.CENTER,47.0,67.46499633789062,0.9599999785423279,39.5500602722168
0,0,1318,ScenarioState.PENDING,50.0,-334.86785888671875,52.50717544555664,39.90976333618164,39.90976333618164,40.788195894817285,0.00614790478721261,0.8942922949790955,0.0,0.0,0.0,0.0,GazeDirection.CENTER,47.0,67.46499633789062,0.9599999785423279,39.5500602722168
0,0,1319,ScenarioState.PENDING,50.0,-333.7162780761719,51.40062713623047,39.92702865600586,39.92702865600586,40.79784882425921,-0.011753987520933151,0.8925509452819824,0.0,0.0,0.0,0.0,GazeDirection.CENTER,47.0,67.46499633789062,0.9599999785423279,39.5500602722168
0,0,1320,ScenarioState.PENDING,50.0,-332.5535888671875,50.306243896484375,39.90618133544922,39.90618133544922,40.79784882425921,0.08824601024389267,0.8752626180648804,0.0,0.0,0.0,0.0,GazeDirection.CENTER,47.0,67.46499633789062,0.9599999785423279,39.5500602722168
0,0,1321,ScenarioState.PENDING,50.0,-331.380615234375,49.22305679321289,39.915348052978516,39.915348052978516,40.79784882425921,0.011252938769757748,0.8960993885993958,0.0,0.0,0.0,0.0,GazeDirection.CENTER,47.0,67.46499633789062,0.9599999785423279,39.5500602722168
0,0,1322,ScenarioState.PENDING,50.0,-330.1985778808594,48.14889144897461,39.93003845214844,39.93003845214844,40.804114128780526,-0.0060037365183234215,0.8931887149810791,0.0,0.0,0.0,0.0,GazeDirection.CENTER,47.0,67.46499633789062,0.9599999785423279,39.5500602722168
0,0,1323,ScenarioState.PENDING,50.0,-329.00750732421875,47.083953857421875,39.94432830810547,39.94432830810547,40.804114128780526,-0.0060037365183234215,0.8931887149810791,0.0,0.0,0.0,0.0,GazeDirection.CENTER,47.0,67.46499633789062,0.9599999785423279,39.5500602722168
0,0,1324,ScenarioState.PENDING,50.0,-327.8058166503906,46.03135299682617,39.92878723144531,39.92878723144531,40.804114128780526,0.07210645079612732,0.8641887307167053,0.0,0.0,0.0,0.0,GazeDirection.CENTER,47.0,67.46499633789062,0.9599999785423279,39.5500602722168
0,0,1325,ScenarioState.PENDING,50.0,-326.5938415527344,44.99128723144531,39.92317199707031,39.92317199707031,40.8346049965808,0.051985591650009155,0.910229504108429,0.0,0.0,0.0,0.0,GazeDirection.CENTER,47.0,67.46499633789062,0.9599999785423279,39.5500602722168
0,0,1326,ScenarioState.PENDING,50.0,-325.37127685546875,43.964744567871094,39.89857482910156,39.89857482910156,40.8346049965808,0.10000000149011612,0.9158573150634766,0.0,0.0,0.0,0.0,GazeDirection.CENTER,47.0,67.46499633789062,0.9599999785423279,39.5500602722168
0,0,1327,ScenarioState.PENDING,50.0,-324.139404296875,42.94929122924805,39.913272857666016,39.913272857666016,40.8346049965808,0.0,0.940488338470459,0.0,0.0,0.0,0.0,GazeDirection.CENTER,47.0,67.46499633789062,0.9599999785423279,39.5500602722168
0,0,1328,ScenarioState.PENDING,50.0,-322.900146484375,41.94105911254883,39.94352340698242,39.94352340698242,40.79803111363322,-0.06522034853696823,0.8892138600349426,0.0,0.0,0.0,0.0,GazeDirection.CENTER,47.0,67.46499633789062,0.9599999785423279,39.5500602722168
0,0,1329,ScenarioState.PENDING,50.0,-321.6539611816406,40.93959045410156,39.972225189208984,39.972225189208984,40.79803111363322,-0.06522034853696823,0.8892138600349426,0.0,0.0,0.0,0.0,GazeDirection.CENTER,47.0,67.46499633789062,0.9599999785423279,39.5500602722168
0,0,1330,ScenarioState.PENDING,50.0,-320.4007568359375,39.94521713256836,40.00060272216797,40.00060272216797,40.79803111363322,-0.06522034853696823,0.8892138600349426,0.0,0.0,0.0,0.0,GazeDirection.CENTER,47.0,67.46499633789062,0.9599999785423279,39.5500602722168
0,0,1331,ScenarioState.PENDING,50.0,-319.1387939453125,38.96164321899414,39.993228912353516,39.993228912353516,40.85689092387497,0.10000000149011612,0.8606868386268616,0.0,0.0,0.0,0.0,GazeDirection.CENTER,47.0,67.46499633789062,0.9599999785423279,39.5500602722168
0,0,1332,ScenarioState.PENDING,50.0,-317.8670349121094,37.99216079711914,39.97394943237305,39.97394943237305,40.85689092387497,0.10000000149011612,0.8680480718612671,0.0,0.0,0.0,0.0,GazeDirection.CENTER,47.0,67.46499633789062,0.9599999785423279,39.5500602722168
0,0,1333,ScenarioState.PENDING,50.0,-316.5868225097656,37.03507995605469,39.958744049072266,39.958744049072266,40.85689092387497,0.10000000149011612,0.8680480718612671,0.0,0.0,0.0,0.0,GazeDirection.CENTER,47.0,67.46499633789062,0.9599999785423279,39.5500602722168
0,0,1334,ScenarioState.PENDING,50.0,-315.29833984375,36.09003448486328,39.94396209716797,39.94396209716797,40.85826642653426,0.10000000149011612,0.8680480718612671,0.0,0.0,0.0,0.0,GazeDirection.CENTER,47.0,67.46499633789062,0.9599999785423279,39.5500602722168
0,0,1335,ScenarioState.PENDING,50.0,-314.00146484375,35.15754318237305,39.92686462402344,39.92686462402344,40.85826642653426,0.10000000149011612,0.8680480718612671,0.0,0.0,0.0,0.0,GazeDirection.CENTER,47.0,67.46499633789062,0.9599999785423279,39.5500602722168
0,0,1336,ScenarioState.PENDING,50.0,-312.697265625,34.234859466552734,39.94227600097656,39.94227600097656,40.85826642653426,0.0,0.9358264207839966,0.0,0.0,0.0,0.0,GazeDirection.CENTER,47.0,67.46499633789062,0.9599999785423279,39.5500602722168
0,0,1337,ScenarioState.PENDING,50.0,-311.38671875,33.319278717041016,39.96792221069336,39.96792221069336,40.82064775666748,-0.04818355292081833,0.8827675580978394,0.0,0.0,0.0,0.0,GazeDirection.CENTER,47.0,67.46499633789062,0.9599999785423279,39.5500602722168
0,0,1338,ScenarioState.PENDING,50.0,-310.0678405761719,32.41544723510742,39.96161651611328,39.96161651611328,40.82064775666748,0.05181644856929779,0.8571053147315979,0.0,0.0,0.0,0.0,GazeDirection.CENTER,47.0,67.46499633789062,0.9599999785423279,39.5500602722168
0,0,1339,ScenarioState.PENDING,50.0,-308.7396240234375,31.526458740234375,39.94649887084961,39.94649887084961,40.82064775666748,0.06238461285829544,0.8634132742881775,0.0,0.0,0.0,0.0,GazeDirection.CENTER,47.0,67.46499633789062,0.9599999785423279,39.5500602722168
0,0,1340,ScenarioState.PENDING,50.0,-307.4029846191406,30.650577545166016,39.94499969482422,39.94499969482422,40.848417337804165,0.026695046573877335,0.9063385725021362,0.0,0.0,0.0,0.0,GazeDirection.CENTER,47.0,67.46499633789062,0.9599999785423279,39.5500602722168
0,0,1341,ScenarioState.PENDING,50.0,-306.05743408203125,29.78987693786621,39.91453170776367,39.91453170776367,40.848417337804165,0.10000000149011612,0.9078612923622131,0.0,0.0,0.0,0.0,GazeDirection.CENTER,47.0,67.46499633789062,0.9599999785423279,39.5500602722168
0,0,1342,ScenarioState.PENDING,50.0,-304.70355224609375,28.94292449951172,39.920902252197266,39.920902252197266,40.848417337804165,0.0,0.9383643865585327,0.0,0.0,0.0,0.0,GazeDirection.CENTER,47.0,67.46499633789062,0.9599999785423279,39.5500602722168
0,0,1343,ScenarioState.PENDING,50.0,-303.34228515625,28.106430053710938,39.94003677368164,39.94003677368164,40.810790508640565,-0.03603164479136467,0.8943704962730408,0.0,0.0,0.0,0.0,GazeDirection.CENTER,47.0,67.46499633789062,0.9599999785423279,39.5500602722168
0,0,1344,ScenarioState.PENDING,50.0,-301.97235107421875,27.284828186035156,39.920677185058594,39.920677185058594,40.810790508640565,0.06396835297346115,0.8752216100692749,0.0,0.0,0.0,0.0,GazeDirection.CENTER,47.0,67.46499633789062,0.9599999785423279,39.5500602722168
0,0,1345,ScenarioState.PENDING,50.0,-300.5935363769531,26.479623794555664,39.90715026855469,39.90715026855469,40.810790508640565,0.04606730863451958,0.8945690989494324,0.0,0.0,0.0,0.0,GazeDirection.CENTER,47.0,67.46499633789062,0.9599999785423279,39.5500602722168
0,0,1346,ScenarioState.PENDING,50.0,-299.20660400390625,25.688976287841797,39.90486145019531,39.90486145019531,40.81570207720457,0.020738746970891953,0.9129961133003235,0.0,0.0,0.0,0.0,GazeDirection.CENTER,47.0,67.46499633789062,0.9599999785423279,39.5500602722168
0,0,1347,ScenarioState.PENDING,50.0,-297.8111572265625,24.915130615234375,39.8717041015625,39.8717041015625,40.81570207720457,0.10000000149011612,0.9153012037277222,0.0,0.0,0.0,0.0,GazeDirection.CENTER,47.0,67.46499633789062,0.9599999785423279,39.5500602722168
0,0,1348,ScenarioState.PENDING,50.0,-296.4078369140625,24.156633377075195,39.877227783203125,39.877227783203125,40.81570207720457,0.0,0.9485041499137878,0.0,0.0,0.0,0.0,GazeDirection.CENTER,47.0,67.46499633789062,0.9599999785423279,39.5500602722168
0,0,1349,ScenarioState.PENDING,50.0,-294.99713134765625,23.410486221313477,39.89374542236328,39.89374542236328,40.77653409930536,-0.023412955924868584,0.9038326740264893,0.0,0.0,0.0,0.0,GazeDirection.CENTER,47.0,67.46499633789062,0.9599999785423279,39.5500602722168
0,0,1350,ScenarioState.PENDING,50.0,-293.5782775878906,22.68100357055664,39.86883544921875,39.86883544921875,40.77653409930536,0.07658704370260239,0.8873054385185242,0.0,0.0,0.0,0.0,GazeDirection.CENTER,47.0,67.46499633789062,0.9599999785423279,39.5500602722168
0,0,1351,ScenarioState.PENDING,50.0,-292.15155029296875,21.9682559967041,39.86458969116211,39.86458969116211,40.77653409930536,0.029134705662727356,0.9122175574302673,0.0,0.0,0.0,0.0,GazeDirection.CENTER,47.0,67.46499633789062,0.9599999785423279,39.5500602722168
0,0,1352,ScenarioState.PENDING,50.0,-290.7174377441406,21.270305633544922,39.86808395385742,39.86808395385742,40.77423980066397,0.011644167825579643,0.9141569137573242,0.0,0.0,0.0,0.0,GazeDirection.CENTER,47.0,67.46499633789062,0.9599999785423279,39.5500602722168
0,0,1353,ScenarioState.PENDING,50.0,-289.2757263183594,20.589706420898438,39.83848190307617,39.83848190307617,40.77423980066397,0.10000000149011612,0.9106707572937012,0.0,0.0,0.0,0.0,GazeDirection.CENTER,47.0,67.46499633789062,0.9599999785423279,39.5500602722168
0,0,1354,ScenarioState.PENDING,50.0,-287.8269348144531,19.9251766204834,39.84602737426758,39.84602737426758,40.77423980066397,0.0,0.9403053522109985,0.0,0.0,0.0,0.0,GazeDirection.CENTER,47.0,67.46499633789062,0.9599999785423279,39.5500602722168
0,0,1355,ScenarioState.PENDING,50.0,-286.3714904785156,19.27394676208496,39.86110305786133,39.86110305786133,40.7499427217896,-0.012678555212914944,0.9084696769714355,0.0,0.0,0.0,0.0,GazeDirection.CENTER,47.0,67.46499633789062,0.9599999785423279,39.5500602722168
0,0,1356,ScenarioState.PENDING,50.0,-284.9088439941406,18.6402530670166,39.8338737487793,39.8338737487793,40.7499427217896,0.0873214453458786,0.8933841586112976,0.0,0.0,0.0,0.0,GazeDirection.CENTER,47.0,67.46499633789062,0.9599999785423279,39.5500602722168
0,0,1357,ScenarioState.PENDING,50.0,-283.4395446777344,18.023027420043945,39.838340759277344,39.838340759277344,40.7499427217896,0.01659635826945305,0.920616090297699,0.0,0.0,0.0,0.0,GazeDirection.CENTER,47.0,67.46499633789062,0.9599999785423279,39.5500602722168
0,0,1358,ScenarioState.PENDING,50.0,-281.9638977050781,17.420230865478516,39.847862243652344,39.847862243652344,40.746255066586244,0.004216660745441914,0.9124433398246765,0.0,0.0,0.0,0.0,GazeDirection.CENTER,47.0,67.46499633789062,0.9599999785423279,39.5500602722168
0,0,1359,ScenarioState.PENDING,50.0,-280.48175048828125,16.834741592407227,39.82301712036133,39.82301712036133,40.746255066586244,0.10000000149011612,0.9029214382171631,0.0,0.0,0.0,0.0,GazeDirection.CENTER,47.0,67.46499633789062,0.9599999785423279,39.5500602722168
0,0,1360,ScenarioState.PENDING,50.0,-278.9935607910156,16.265625,39.83135223388672,39.83135223388672,40.746255066586244,0.00579668115824461,0.9277867674827576,0.0,0.0,0.0,0.0,GazeDirection.CENTER,47.0,67.46499633789062,0.9599999785423279,39.5500602722168
0,0,1361,ScenarioState.PENDING,50.0,-277.4996032714844,15.710015296936035,39.84736251831055,39.84736251831055,40.73755926412205,-0.009116403758525848,0.9107550978660583,0.0,0.0,0.0,0.0,GazeDirection.CENTER,47.0,67.46499633789062,0.9599999785423279,39.5500602722168
0,0,1362,ScenarioState.PENDING,50.0,-275.99969482421875,15.172003746032715,39.82160949707031,39.82160949707031,40.73755926412205,0.09088359773159027,0.8947350978851318,0.0,0.0,0.0,0.0,GazeDirection.CENTER,47.0,67.46499633789062,0.9599999785423279,39.5500602722168
0,0,1363,ScenarioState.PENDING,50.0,-274.49432373046875,14.650094985961914,39.831539154052734,39.831539154052734,40.73755926412205,0.006618170533329248,0.9204930067062378,0.0,0.0,0.0,0.0,GazeDirection.CENTER,47.0,67.46499633789062,0.9599999785423279,39.5500602722168
0,0,1364,ScenarioState.PENDING,50.0,-272.9836120605469,14.14180850982666,39.84687805175781,39.84687805175781,40.736432409390204,-0.005417987704277039,0.9094210863113403,0.0,0.0,0.0,0.0,GazeDirection.CENTER,47.0,67.46499633789062,0.9599999785423279,39.5500602722168
0,0,1365,ScenarioState.PENDING,50.0,-271.46759033203125,13.651179313659668,39.82063293457031,39.82063293457031,40.736432409390204,0.09458201378583908,0.8940749764442444,0.0,0.0,0.0,0.0,GazeDirection.CENTER,47.0,67.46499633789062,0.9599999785423279,39.5500602722168
0,0,1366,ScenarioState.PENDING,50.0,-269.9466857910156,13.176427841186523,39.8325080871582,39.8325080871582,40.736432409390204,0.0018404389265924692,0.9203335642814636,0.0,0.0,0.0,0.0,GazeDirection.CENTER,47.0,67.46499633789062,0.9599999785423279,39.5500602722168
0,0,1367,ScenarioState.PENDING,50.0,-268.4210205078125,12.714740753173828,39.8505744934082,39.8505744934082,40.735650444301065,-0.011368338018655777,0.9076700210571289,0.0,0.0,0.0,0.0,GazeDirection.CENTER,47.0,67.46499633789062,0.9599999785423279,39.5500602722168
0,0,1368,ScenarioState.PENDING,50.0,-266.8905944824219,12.27029800415039,39.828285217285156,39.828285217285156,40.735650444301065,0.08863165974617004,0.889592170715332,0.0,0.0,0.0,0.0,GazeDirection.CENTER,47.0,67.46499633789062,0.9599999785423279,39.5500602722168
0,0,1369,ScenarioState.PENDING,50.0,-265.3557434082031,11.841670989990234,39.839019775390625,39.839019775390625,40.735650444301065,0.009668370708823204,0.9118859171867371,0.0,0.0,0.0,0.0,GazeDirection.CENTER,47.0,67.46499633789062,0.9599999785423279,39.5500602722168
0,0,1370,ScenarioState.PENDING,50.0,-263.81658935546875,11.426380157470703,39.855323791503906,39.855323791503906,40.741778828249785,-0.004804845899343491,0.9072695374488831,0.0,0.0,0.0,0.0,GazeDirection.CENTER,47.0,67.46499633789062,0.9599999785423279,39.5500602722168
0,0,1371,ScenarioState.PENDING,50.0,-262.2733154296875,11.028403282165527,39.831111907958984,39.831111907958984,40.741778828249785,0.09519515186548233,0.8909556269645691,0.0,0.0,0.0,0.0,GazeDirection.CENTER,47.0,67.46499633789062,0.9599999785423279,39.5500602722168
0,0,1372,ScenarioState.PENDING,50.0,-260.72637939453125,10.649531364440918,39.80516052246094,39.80516052246094,40.741778828249785,0.09519515186548233,0.8909556269645691,0.0,0.0,0.0,0.0,GazeDirection.CENTER,47.0,67.46499633789062,0.9599999785423279,39.5500602722168
0,0,1373,ScenarioState.PENDING,50.0,-259.1759948730469,10.283614158630371,39.831016540527344,39.831016540527344,40.74404285230951,-0.07861894369125366,0.9434046149253845,0.0,0.0,0.0,0.0,GazeDirection.CENTER,47.0,67.46499633789062,0.9599999785423279,39.5500602722168
0,0,1374,ScenarioState.PENDING,50.0,-257.6219177246094,9.930376052856445,39.8385124206543,39.8385124206543,40.74404285230951,0.02138105407357216,0.917552649974823,0.0,0.0,0.0,0.0,GazeDirection.CENTER,47.0,67.46499633789062,0.9599999785423279,39.5500602722168
0,0,1375,ScenarioState.PENDING,50.0,-256.06402587890625,9.592649459838867,39.850990295410156,39.850990295410156,40.74404285230951,0.006829297635704279,0.9100647568702698,0.0,0.0,0.0,0.0,GazeDirection.CENTER,47.0,67.46499633789062,0.9599999785423279,39.5500602722168
0,0,1376,ScenarioState.PENDING,50.0,-254.50254821777344,9.27019214630127,39.85850524902344,39.85850524902344,40.7499684812334,0.021713456138968468,0.9035041332244873,0.0,0.0,0.0,0.0,GazeDirection.CENTER,47.0,67.46499633789062,0.9599999785423279,39.5500602722168
0,0,1377,ScenarioState.PENDING,50.0,-252.93801879882812,8.965335845947266,39.83711624145508,39.83711624145508,40.7499684812334,0.10000000149011612,0.8959833383560181,0.0,0.0,0.0,0.0,GazeDirection.CENTER,47.0,67.46499633789062,0.9599999785423279,39.5500602722168
0,0,1378,ScenarioState.PENDING,50.0,-251.3705596923828,8.675755500793457,39.85257339477539,39.85257339477539,40.7499684812334,0.0,0.9173862338066101,0.0,0.0,0.0,0.0,GazeDirection.CENTER,47.0,67.46499633789062,0.9599999785423279,39.5500602722168
0,0,1379,ScenarioState.PENDING,50.0,-249.79998779296875,8.399117469787598,39.87015151977539,39.87015151977539,40.74885097863169,0.0,0.9173862338066101,0.0,0.0,0.0,0.0,GazeDirection.CENTER,47.0,67.46499633789062,0.9599999785423279,39.5500602722168
0,0,1380,ScenarioState.PENDING,50.0,-248.2266082763672,8.13865852355957,39.86091613769531,39.86091613769531,40.74885097863169,0.0751851350069046,0.8832159042358398,0.0,0.0,0.0,0.0,GazeDirection.CENTER,47.0,67.46499633789062,0.9599999785423279,39.5500602722168
0,0,1381,ScenarioState.PENDING,50.0,-246.65061950683594,7.892759323120117,39.879066467285156,39.879066467285156,40.74885097863169,-0.004433801863342524,0.8924520015716553,0.0,0.0,0.0,0.0,GazeDirection.CENTER,47.0,67.46499633789062,0.9599999785423279,39.5500602722168
0,0,1382,ScenarioState.PENDING,50.0,-245.07192993164062,7.65966796875,39.896217346191406,39.896217346191406,40.76790295109498,-0.004433801863342524,0.8924520015716553,0.0,0.0,0.0,0.0,GazeDirection.CENTER,47.0,67.46499633789062,0.9599999785423279,39.5500602722168
0,0,1383,ScenarioState.PENDING,50.0,-243.49072265625,7.4396562576293945,39.91300964355469,39.91300964355469,40.76790295109498,-0.004433801863342524,0.8924520015716553,0.0,0.0,0.0,0.0,GazeDirection.CENTER,47.0,67.46499633789062,0.9599999785423279,39.5500602722168
0,0,1384,ScenarioState.PENDING,50.0,-241.907470703125,7.235551834106445,39.902915954589844,39.902915954589844,40.76790295109498,0.06455420702695847,0.8593369126319885,0.0,0.0,0.0,0.0,GazeDirection.CENTER,47.0,67.46499633789062,0.9599999785423279,39.5500602722168
0,0,1385,ScenarioState.PENDING,50.0,-240.32247924804688,7.0470147132873535,39.902809143066406,39.902809143066406,40.80957157934767,0.045049384236335754,0.9110997915267944,0.0,0.0,0.0,0.0,GazeDirection.CENTER,47.0,67.46499633789062,0.9599999785423279,39.5500602722168
0,0,1386,ScenarioState.PENDING,50.0,-238.7357177734375,6.872992515563965,39.90636444091797,39.90636444091797,40.80957157934767,0.040221985429525375,0.9112104773521423,0.0,0.0,0.0,0.0,GazeDirection.CENTER,47.0,67.46499633789062,0.9599999785423279,39.5500602722168
0,0,1387,ScenarioState.PENDING,50.0,-237.14720153808594,6.71354866027832,39.91075897216797,39.91075897216797,40.80957157934767,0.040221985429525375,0.9112104773521423,0.0,0.0,0.0,0.0,GazeDirection.CENTER,47.0,67.46499633789062,0.9599999785423279,39.5500602722168
0,0,1388,ScenarioState.PENDING,50.0,-235.55673217773438,6.564643383026123,39.941368103027344,39.941368103027344,40.80425844270905,-0.0559261217713356,0.8979436755180359,0.0,0.0,0.0,0.0,GazeDirection.CENTER,47.0,67.46499633789062,0.9599999785423279,39.5500602722168
0,0,1389,ScenarioState.PENDING,50.0,-233.9642791748047,6.425304412841797,39.96790313720703,39.96790313720703,40.80425844270905,-0.040883153676986694,0.8673178553581238,0.0,0.0,0.0,0.0,GazeDirection.CENTER,47.0,67.46499633789062,0.9599999785423279,39.5500602722168
0,0,1390,ScenarioState.PENDING,50.0,-232.3704376220703,6.300410747528076,39.9630012512207,39.9630012512207,40.80425844270905,0.05911684408783913,0.840761661529541,0.0,0.0,0.0,0.0,GazeDirection.CENTER,47.0,67.46499633789062,0.9599999785423279,39.5500602722168
0,0,1391,ScenarioState.PENDING,50.0,-230.77590942382812,6.191658973693848,39.95256042480469,39.95256042480469,40.85343951496727,0.07122568786144257,0.8948459029197693,0.0,0.0,0.0,0.0,GazeDirection.CENTER,47.0,67.46499633789062,0.9599999785423279,39.5500602722168
0,0,1392,ScenarioState.PENDING,50.0,-229.18019104003906,6.0937371253967285,39.97611618041992,39.97611618041992,40.85343951496727,-0.028774309903383255,0.9052927494049072,0.0,0.0,0.0,0.0,GazeDirection.CENTER,47.0,67.46499633789062,0.9599999785423279,39.5500602722168
0,0,1393,ScenarioState.PENDING,50.0,-227.58294677734375,6.005126953125,39.99760818481445,39.99760818481445,40.85343951496727,-0.011944042518734932,0.8817397952079773,0.0,0.0,0.0,0.0,GazeDirection.CENTER,47.0,67.46499633789062,0.9599999785423279,39.5500602722168
0,0,1394,ScenarioState.PENDING,50.0,-225.984619140625,5.9288787841796875,40.00461959838867,40.00461959838867,40.85999907033757,0.036310408264398575,0.8668110966682434,0.0,0.0,0.0,0.0,GazeDirection.CENTER,47.0,67.46499633789062,0.9599999785423279,39.5500602722168
0,0,1395,ScenarioState.PENDING,50.0,-224.3850860595703,5.860602855682373,40.03263473510742,40.03263473510742,40.85999907033757,-0.06368958950042725,0.8597740530967712,0.0,0.0,0.0,0.0,GazeDirection.CENTER,47.0,67.46499633789062,0.9599999785423279,39.5500602722168
0,0,1396,ScenarioState.PENDING,50.0,-222.78460693359375,5.801904678344727,40.040531158447266,40.040531158447266,40.85999907033757,0.036310408264398575,0.8317192196846008,0.0,0.0,0.0,0.0,GazeDirection.CENTER,47.0,67.46499633789062,0.9599999785423279,39.5500602722168
0,0,1397,ScenarioState.PENDING,50.0,-221.18386840820312,5.75674295425415,40.03216552734375,40.03216552734375,40.90510666743653,0.08097067475318909,0.8689110279083252,0.0,0.0,0.0,0.0,GazeDirection.CENTER,47.0,67.46499633789062,0.9599999785423279,39.5500602722168
0,0,1398,ScenarioState.PENDING,50.0,-219.58248901367188,5.720370769500732,40.05339431762695,40.05339431762695,40.90510666743653,-0.019029323011636734,0.8772664070129395,0.0,0.0,0.0,0.0,GazeDirection.CENTER,47.0,67.46499633789062,0.9599999785423279,39.5500602722168
0,0,1399,ScenarioState.PENDING,50.0,-217.97998046875,5.689362525939941,40.077030181884766,40.077030181884766,40.90510666743653,-0.032581742852926254,0.8560320138931274,0.0,0.0,0.0,0.0,GazeDirection.CENTER,47.0,67.46499633789062,0.9599999785423279,39.5500602722168
0,0,1400,ScenarioState.PENDING,50.0,-216.37646484375,5.663942337036133,40.099613189697266,40.099613189697266,40.921666598088564,-0.032581742852926254,0.8560320138931274,0.0,0.0,0.0,0.0,GazeDirection.CENTER,47.0,67.46499633789062,0.9599999785423279,39.5500602722168
0,0,1401,ScenarioState.PENDING,50.0,-214.77200317382812,5.64202880859375,40.121360778808594,40.121360778808594,40.921666598088564,-0.06117963790893555,0.8263430595397949,0.0,0.0,0.0,0.0,GazeDirection.CENTER,47.0,67.46499633789062,0.9599999785423279,39.5500602722168
0,0,1402,ScenarioState.PENDING,50.0,-213.16700744628906,5.626888275146484,40.12972640991211,40.12972640991211,40.921666598088564,0.03882036358118057,0.8045451641082764,0.0,0.0,0.0,0.0,GazeDirection.CENTER,47.0,67.46499633789062,0.9599999785423279,39.5500602722168
0,0,1403,ScenarioState.PENDING,50.0,-211.56210327148438,5.622010231018066,40.120418548583984,40.120418548583984,40.975826115857416,0.10000000149011612,0.8503234386444092,0.0,0.0,0.0,0.0,GazeDirection.CENTER,47.0,67.46499633789062,0.9599999785423279,39.5500602722168
0,0,1404,ScenarioState.PENDING,50.0,-209.9569854736328,5.622806072235107,40.1366081237793,40.1366081237793,40.975826115857416,0.0,0.8596277832984924,0.0,0.0,0.0,0.0,GazeDirection.CENTER,47.0,67.46499633789062,0.9599999785423279,39.5500602722168
0,0,1405,ScenarioState.PENDING,50.0,-208.35107421875,5.625763416290283,40.15480041503906,40.15480041503906,40.975826115857416,-0.012008773162961006,0.8434301614761353,0.0,0.0,0.0,0.0,GazeDirection.CENTER,47.0,67.46499633789062,0.9599999785423279,39.5500602722168
0,0,1406,ScenarioState.PENDING,50.0,-206.74449157714844,5.6327033042907715,40.1697998046875,40.1697998046875,40.98796845790774,0.010178318247199059,0.8373830914497375,0.0,0.0,0.0,0.0,GazeDirection.CENTER,47.0,67.46499633789062,0.9599999785423279,39.5500602722168
0,0,1407,ScenarioState.PENDING,50.0,-205.13748168945312,5.639213562011719,40.178497314453125,40.178497314453125,40.98796845790774,-0.08982168138027191,0.8223605155944824,0.0,0.0,0.0,0.0,GazeDirection.CENTER,47.0,67.46499633789062,0.9599999785423279,39.5500602722168
0,0,1408,ScenarioState.PENDING,50.0,-203.53001403808594,5.6473822593688965,40.19155502319336,40.19155502319336,40.98796845790774,0.010178318247199059,0.8136312365531921,0.0,0.0,0.0,0.0,GazeDirection.CENTER,47.0,67.46499633789062,0.9599999785423279,39.5500602722168
0,0,1409,ScenarioState.PENDING,50.0,-201.9225616455078,5.662708759307861,40.18695831298828,40.18695831298828,41.02130520751132,0.10000000149011612,0.8338993191719055,0.0,0.0,0.0,0.0,GazeDirection.CENTER,47.0,67.46499633789062,0.9599999785423279,39.5500602722168
0,0,1410,ScenarioState.PENDING,50.0,-200.31491088867188,5.68208122253418,40.1996955871582,40.1996955871582,41.02130520751132,0.0,0.838490903377533,0.0,0.0,0.0,0.0,GazeDirection.CENTER,47.0,67.46499633789062,0.9599999785423279,39.5500602722168
0,0,1411,ScenarioState.PENDING,50.0,-198.70675659179688,5.700967311859131,40.212242126464844,40.212242126464844,41.02130520751132,-0.02472682297229767,0.825753390789032,0.0,0.0,0.0,0.0,GazeDirection.CENTER,47.0,67.46499633789062,0.9599999785423279,39.5500602722168
0,0,1412,ScenarioState.PENDING,50.0,-197.0980987548828,5.721561908721924,40.22368621826172,40.22368621826172,41.03816241609331,0.007284577935934067,0.8300768733024597,0.0,0.0,0.0,0.0,GazeDirection.CENTER,47.0,67.46499633789062,0.9599999785423279,39.5500602722168
0,0,1413,ScenarioState.PENDING,50.0,-195.4892120361328,5.739790439605713,40.224063873291016,40.224063873291016,41.03816241609331,-0.09271541982889175,0.8186169862747192,0.0,0.0,0.0,0.0,GazeDirection.CENTER,47.0,67.46499633789062,0.9599999785423279,39.5500602722168
0,0,1414,ScenarioState.PENDING,50.0,-193.88009643554688,5.7576165199279785,40.23440170288086,40.23440170288086,41.03816241609331,0.007284577935934067,0.8182186484336853,0.0,0.0,0.0,0.0,GazeDirection.CENTER,47.0,67.46499633789062,0.9599999785423279,39.5500602722168
0,0,1415,ScenarioState.PENDING,50.0,-192.27099609375,5.780664443969727,40.23041534423828,40.23041534423828,41.05753671031703,0.10000000149011612,0.8272470831871033,0.0,0.0,0.0,0.0,GazeDirection.CENTER,47.0,67.46499633789062,0.9599999785423279,39.5500602722168
0,0,1416,ScenarioState.PENDING,50.0,-190.66177368164062,5.8059844970703125,40.240360260009766,40.240360260009766,41.05753671031703,0.0,0.8312304019927979,0.0,0.0,0.0,0.0,GazeDirection.CENTER,47.0,67.46499633789062,0.9599999785423279,39.5500602722168
0,0,1417,ScenarioState.PENDING,50.0,-189.05210876464844,5.829085350036621,40.248897552490234,40.248897552490234,41.05753671031703,-0.024051258340477943,0.8212850093841553,0.0,0.0,0.0,0.0,GazeDirection.CENTER,47.0,67.46499633789062,0.9599999785423279,39.5500602722168
0,0,1418,ScenarioState.PENDING,50.0,-187.4420623779297,5.852059841156006,40.25844955444336,40.25844955444336,41.070488348051164,0.00404828367754817,0.8257054090499878,0.0,0.0,0.0,0.0,GazeDirection.CENTER,47.0,67.46499633789062,0.9599999785423279,39.5500602722168
0,0,1419,ScenarioState.PENDING,50.0,-185.8319091796875,5.871491432189941,40.256622314453125,40.256622314453125,41.070488348051164,-0.07822857797145844,0.8161445260047913,0.0,0.0,0.0,0.0,GazeDirection.CENTER,47.0,67.46499633789062,0.9599999785423279,39.5500602722168
0,0,1420,ScenarioState.PENDING,50.0,-184.2215576171875,5.890238285064697,40.26439666748047,40.26439666748047,41.070488348051164,0.021771421656012535,0.817961573600769,0.0,0.0,0.0,0.0,GazeDirection.CENTER,47.0,67.46499633789062,0.9599999785423279,39.5500602722168
0,0,1421,ScenarioState.PENDING,50.0,-182.6112823486328,5.913701057434082,40.25922393798828,40.25922393798828,41.08340538990991,0.098930224776268,0.8231029510498047,0.0,0.0,0.0,0.0,GazeDirection.CENTER,47.0,67.46499633789062,0.9599999785423279,39.5500602722168
0,0,1422,ScenarioState.PENDING,50.0,-181.0009307861328,5.938361644744873,40.26727294921875,40.26727294921875,41.08340538990991,-0.0010697738034650683,0.8282747864723206,0.0,0.0,0.0,0.0,GazeDirection.CENTER,47.0,67.46499633789062,0.9599999785423279,39.5500602722168
0,0,1423,ScenarioState.PENDING,50.0,-179.390380859375,5.958578586578369,40.26704406738281,40.26704406738281,41.08340538990991,-0.0676872506737709,0.8202266097068787,0.0,0.0,0.0,0.0,GazeDirection.CENTER,47.0,67.46499633789062,0.9599999785423279,39.5500602722168
0,0,1424,ScenarioState.PENDING,50.0,-177.7795867919922,5.976792335510254,40.27534484863281,40.27534484863281,41.09186595523459,-0.009533192962408066,0.8289214372634888,0.0,0.0,0.0,0.0,GazeDirection.CENTER,47.0,67.46499633789062,0.9599999785423279,39.5500602722168
0,0,1425,ScenarioState.START,50.0,-176.16845703125,5.994158744812012,40.28295135498047,40.28295135498047,41.09186595523459,-0.016321225091814995,0.8206173181533813,0.0,0.0,0.0,0.0,GazeDirection.CENTER,47.0,67.46499633789062,0.9599999785423279,39.5500602722168
0,0,1426,ScenarioState.START,50.0,-174.55715942382812,6.0135955810546875,40.2862663269043,40.2862663269043,41.09186595523459,0.04907166212797165,0.8130017518997192,0.0,0.0,0.0,0.0,GazeDirection.CENTER,47.0,67.46499633789062,0.9599999785423279,39.5500602722168
0,0,1427,ScenarioState.START,50.0,-172.94564819335938,6.03350830078125,40.293766021728516,40.293766021728516,41.10431538822762,0.005889234133064747,0.822136640548706,0.0,0.0,0.0,0.0,GazeDirection.CENTER,47.0,67.46499633789062,0.9599999785423279,39.5500602722168
0,0,1428,ScenarioState.START,50.0,-171.33412170410156,6.048415184020996,40.28759002685547,40.28759002685547,41.10431538822762,-0.0835861787199974,0.8146314024925232,0.0,0.0,0.0,0.0,GazeDirection.CENTER,47.0,67.46499633789062,0.9599999785423279,39.5500602722168
0,0,1429,ScenarioState.START,50.0,-169.72251892089844,6.0615692138671875,40.29417037963867,40.29417037963867,41.10431538822762,0.016413817182183266,0.8208097219467163,0.0,0.0,0.0,0.0,GazeDirection.CENTER,47.0,67.46499633789062,0.9599999785423279,39.5500602722168
0,0,1430,ScenarioState.START,50.0,-168.1106414794922,6.075655937194824,40.30072021484375,40.30072021484375,41.10799586275949,0.016413817182183266,0.8208097219467163,0.0,0.0,0.0,0.0,GazeDirection.CENTER,47.0,67.46499633789062,0.9599999785423279,39.5500602722168
0,0,1431,ScenarioState.START,50.0,-166.4984893798828,6.0884013175964355,40.30681228637695,40.30681228637695,41.10799586275949,-0.004448373336344957,0.8113541603088379,0.0,0.0,0.0,0.0,GazeDirection.CENTER,47.0,67.46499633789062,0.9599999785423279,39.5500602722168
0,0,1432,ScenarioState.START,50.0,-164.88612365722656,6.1009674072265625,40.311763763427734,40.311763763427734,41.10799586275949,0.026020029559731483,0.8052505850791931,0.0,0.0,0.0,0.0,GazeDirection.CENTER,47.0,67.46499633789062,0.9599999785423279,39.5500602722168
0,0,1433,ScenarioState.START,50.0,-163.27357482910156,6.112542629241943,40.3165168762207,40.3165168762207,41.12325337477425,-0.0005181075539439917,0.8155542612075806,0.0,0.0,0.0,0.0,GazeDirection.CENTER,47.0,67.46499633789062,0.9599999785423279,39.5500602722168
0,0,1434,ScenarioState.START,50.0,-161.66082763671875,6.122718811035156,40.32122039794922,40.32122039794922,41.12325337477425,-0.0005181075539439917,0.8155542612075806,0.0,0.0,0.0,0.0,GazeDirection.CENTER,47.0,67.46499633789062,0.9599999785423279,39.5500602722168
0,0,1435,ScenarioState.START,50.0,-160.04788208007812,6.131928443908691,40.32591247558594,40.32591247558594,41.12325337477425,-0.0005181075539439917,0.8155542612075806,0.0,0.0,0.0,0.0,GazeDirection.CENTER,47.0,67.46499633789062,0.9599999785423279,39.5500602722168
0,0,1436,ScenarioState.START,50.0,-158.43478393554688,6.139346599578857,40.32923889160156,40.32923889160156,41.13468441156863,-0.018954932689666748,0.8128202557563782,0.0,0.0,0.0,0.0,GazeDirection.CENTER,47.0,67.46499633789062,0.9599999785423279,39.5500602722168
0,0,1437,ScenarioState.START,50.0,-156.82156372070312,6.144501209259033,40.332008361816406,40.332008361816406,41.13468441156863,-0.023364638909697533,0.809487521648407,0.0,0.0,0.0,0.0,GazeDirection.CENTER,47.0,67.46499633789062,0.9599999785423279,39.5500602722168
0,0,1438,ScenarioState.START,50.0,-155.20823669433594,6.150422096252441,40.334381103515625,40.334381103515625,41.13468441156863,0.0306241475045681,0.8067141175270081,0.0,0.0,0.0,0.0,GazeDirection.CENTER,47.0,67.46499633789062,0.9599999785423279,39.5500602722168
0,0,1439,ScenarioState.START,50.0,-153.59478759765625,6.15665864944458,40.33803939819336,40.33803939819336,41.14324211506597,0.009185763075947762,0.8128951787948608,0.0,0.0,0.0,0.0,GazeDirection.CENTER,47.0,67.46499633789062,0.9599999785423279,39.5500602722168
0,0,1440,ScenarioState.START,50.0,-151.98129272460938,6.159952163696289,40.33774185180664,40.33774185180664,41.14324211506597,-0.035943932831287384,0.8092325329780579,0.0,0.0,0.0,0.0,GazeDirection.CENTER,47.0,67.46499633789062,0.9599999785423279,39.5500602722168
0,0,1441,ScenarioState.START,50.0,-150.36769104003906,6.162304401397705,40.341102600097656,40.341102600097656,41.14324211506597,0.009113272652029991,0.809529185295105,0.0,0.0,0.0,0.0,GazeDirection.CENTER,47.0,67.46499633789062,0.9599999785423279,39.5500602722168
0,0,1442,ScenarioState.START,50.0,-148.75396728515625,6.164741516113281,40.344146728515625,40.344146728515625,41.14778943661,0.009113272652029991,0.809529185295105,0.0,0.0,0.0,0.0,GazeDirection.CENTER,47.0,67.46499633789062,0.9599999785423279,39.5500602722168
0,0,1443,ScenarioState.START,50.0,-147.14015197753906,6.165831565856934,40.34638977050781,40.34638977050781,41.14778943661,-0.009872055612504482,0.8076704740524292,0.0,0.0,0.0,0.0,GazeDirection.CENTER,47.0,67.46499633789062,0.9599999785423279,39.5500602722168
0,0,1444,ScenarioState.START,50.0,-145.52622985839844,6.165992736816406,40.34898376464844,40.34898376464844,41.14778943661,0.0032483921386301517,0.8054247498512268,0.0,0.0,0.0,0.0,GazeDirection.CENTER,47.0,67.46499633789062,0.9599999785423279,39.5500602722168
0,0,1445,ScenarioState.START,50.0,-143.91221618652344,6.165647506713867,40.351261138916016,40.351261138916016,41.15464724436955,0.0039153690449893475,0.8096904158592224,0.0,0.0,0.0,0.0,GazeDirection.CENTER,47.0,67.46499633789062,0.9599999785423279,39.5500602722168
0,0,1446,ScenarioState.START,50.0,-142.29812622070312,6.164078712463379,40.353023529052734,40.353023529052734,41.15464724436955,-0.00798206776380539,0.8074103593826294,0.0,0.0,0.0,0.0,GazeDirection.CENTER,47.0,67.46499633789062,0.9599999785423279,39.5500602722168
0,0,1447,ScenarioState.START,50.0,-140.68394470214844,6.161655902862549,40.35505294799805,40.35505294799805,41.15464724436955,0.0012516699498519301,0.8056460618972778,0.0,0.0,0.0,0.0,GazeDirection.CENTER,47.0,67.46499633789062,0.9599999785423279,39.5500602722168
0,0,1448,ScenarioState.START,50.0,-139.06971740722656,6.158750057220459,40.35688400268555,40.35688400268555,41.15990640052459,0.00310106435790658,0.8088768720626831,0.0,0.0,0.0,0.0,GazeDirection.CENTER,47.0,67.46499633789062,0.9599999785423279,39.5500602722168
0,0,1449,ScenarioState.START,50.0,-137.4553985595703,6.154946327209473,40.358489990234375,40.358489990234375,41.15990640052459,-0.004002867732197046,0.8070428967475891,0.0,0.0,0.0,0.0,GazeDirection.CENTER,47.0,67.46499633789062,0.9599999785423279,39.5500602722168
0,0,1450,ScenarioState.START,50.0,-135.8410186767578,6.1503448486328125,40.360111236572266,40.360111236572266,41.15990640052459,-0.0005206131027080119,0.8054350018501282,0.0,0.0,0.0,0.0,GazeDirection.CENTER,47.0,67.46499633789062,0.9599999785423279,39.5500602722168
0,0,1451,ScenarioState.START,50.0,-134.22659301757812,6.14518404006958,40.36162185668945,40.36162185668945,41.16424209589893,0.0011767810210585594,0.8081488013267517,0.0,0.0,0.0,0.0,GazeDirection.CENTER,47.0,67.46499633789062,0.9599999785423279,39.5500602722168
0,0,1452,ScenarioState.START,50.0,-132.61209106445312,6.13944673538208,40.36308670043945,40.36308670043945,41.16424209589893,0.00026849136338569224,0.8066360950469971,0.0,0.0,0.0,0.0,GazeDirection.CENTER,47.0,67.46499633789062,0.9599999785423279,39.5500602722168
0,0,1453,ScenarioState.START,50.0,-130.99755859375,6.13300085067749,40.3643913269043,40.3643913269043,41.16424209589893,-0.0020800731144845486,0.8051700592041016,0.0,0.0,0.0,0.0,GazeDirection.CENTER,47.0,67.46499633789062,0.9599999785423279,39.5500602722168
0,0,1454,ScenarioState.START,50.0,-129.3829803466797,6.12591552734375,40.365623474121094,40.365623474121094,41.16788394154651,-0.0009831814095377922,0.8075082898139954,0.0,0.0,0.0,0.0,GazeDirection.CENTER,47.0,67.46499633789062,0.9599999785423279,39.5500602722168
0,0,1455,ScenarioState.START,50.0,-127.7683334350586,6.118517875671387,40.36688995361328,40.36688995361328,41.16788394154651,0.003546053310856223,0.8062744736671448,0.0,0.0,0.0,0.0,GazeDirection.CENTER,47.0,67.46499633789062,0.9599999785423279,39.5500602722168
0,0,1456,ScenarioState.START,50.0,-126.15365600585938,6.110543727874756,40.36797332763672,40.36797332763672,41.16788394154651,-0.0027030776254832745,0.8050068020820618,0.0,0.0,0.0,0.0,GazeDirection.CENTER,47.0,67.46499633789062,0.9599999785423279,39.5500602722168
0,0,1457,ScenarioState.START,50.0,-124.5389404296875,6.101897239685059,40.36897659301758,40.36897659301758,41.17089827410137,-0.002650840673595667,0.8069384098052979,0.0,0.0,0.0,0.0,GazeDirection.CENTER,47.0,67.46499633789062,0.9599999785423279,39.5500602722168
0,0,1458,ScenarioState.START,50.0,-122.92418670654297,6.093125343322754,40.370025634765625,40.370025634765625,41.17089827410137,0.00550293643027544,0.8059336543083191,0.0,0.0,0.0,0.0,GazeDirection.CENTER,47.0,67.46499633789062,0.9599999785423279,39.5500602722168
0,0,1459,ScenarioState.START,50.0,-121.30939483642578,6.083902835845947,40.37093734741211,40.37093734741211,41.17089827410137,-0.0028980341739952564,0.8048835396766663,0.0,0.0,0.0,0.0,GazeDirection.CENTER,47.0,67.46499633789062,0.9599999785423279,39.5500602722168
0,0,1460,ScenarioState.START,50.0,-119.69456481933594,6.07403039932251,40.37177658081055,40.37177658081055,41.17338486684998,-0.0035870184656232595,0.8064589500427246,0.0,0.0,0.0,0.0,GazeDirection.CENTER,47.0,67.46499633789062,0.9599999785423279,39.5500602722168
0,0,1461,ScenarioState.START,50.0,-118.07970428466797,6.064168453216553,40.37263488769531,40.37263488769531,41.17338486684998,0.006545688025653362,0.805618405342102,0.0,0.0,0.0,0.0,GazeDirection.CENTER,47.0,67.46499633789062,0.9599999785423279,39.5500602722168
0,0,1462,ScenarioState.START,50.0,-116.46481323242188,6.053962230682373,40.37342071533203,40.37342071533203,41.17338486684998,-0.0029682351741939783,0.8047592043876648,0.0,0.0,0.0,0.0,GazeDirection.CENTER,47.0,67.46499633789062,0.9599999785423279,39.5500602722168
0,0,1463,ScenarioState.START,50.0,-114.84989166259766,6.043154239654541,40.37412643432617,40.37412643432617,41.17545296998183,-0.00403595482930541,0.8060418963432312,0.0,0.0,0.0,0.0,GazeDirection.CENTER,47.0,67.46499633789062,0.9599999785423279,39.5500602722168
0,0,1464,ScenarioState.START,50.0,-113.23494720458984,6.032401084899902,40.374839782714844,40.374839782714844,41.17545296998183,0.006087972316890955,0.8053351044654846,0.0,0.0,0.0,0.0,GazeDirection.CENTER,47.0,67.46499633789062,0.9599999785423279,39.5500602722168
0,0,1465,ScenarioState.START,50.0,-111.61997985839844,6.02142333984375,40.37552261352539,40.37552261352539,41.17545296998183,-0.002102296333760023,0.8046209216117859,0.0,0.0,0.0,0.0,GazeDirection.CENTER,47.0,67.46499633789062,0.9599999785423279,39.5500602722168
0,0,1466,ScenarioState.START,50.0,-110.00497436523438,6.009942054748535,40.37611770629883,40.37611770629883,41.17720096613484,-0.003765355097129941,0.8056864142417908,0.0,0.0,0.0,0.0,GazeDirection.CENTER,47.0,67.46499633789062,0.9599999785423279,39.5500602722168
0,0,1467,ScenarioState.START,50.0,-108.38996124267578,5.998623371124268,40.37667465209961,40.37667465209961,41.17720096613484,0.0069207134656608105,0.8050904273986816,0.0,0.0,0.0,0.0,GazeDirection.CENTER,47.0,67.46499633789062,0.9599999785423279,39.5500602722168
0,0,1468,ScenarioState.START,50.0,-106.77491760253906,5.987090110778809,40.377235412597656,40.377235412597656,41.17720096613484,-0.0032373478170484304,0.8045327663421631,0.0,0.0,0.0,0.0,GazeDirection.CENTER,47.0,67.46499633789062,0.9599999785423279,39.5500602722168
0,0,1469,ScenarioState.START,50.0,-105.15985870361328,5.9750800132751465,40.37773895263672,40.37773895263672,41.17865530321731,-0.00400928221642971,0.8054266571998596,0.0,0.0,0.0,0.0,GazeDirection.CENTER,47.0,67.46499633789062,0.9599999785423279,39.5500602722168
0,0,1470,ScenarioState.START,50.0,-103.54478454589844,5.963326930999756,40.378173828125,40.378173828125,41.17865530321731,0.007367975544184446,0.804922342300415,0.0,0.0,0.0,0.0,GazeDirection.CENTER,47.0,67.46499633789062,0.9599999785423279,39.5500602722168
0,0,1471,ScenarioState.START,50.0,-101.9296875,5.951448440551758,40.378665924072266,40.378665924072266,41.17865530321731,-0.0028230708558112383,0.804486870765686,0.0,0.0,0.0,0.0,GazeDirection.CENTER,47.0,67.46499633789062,0.9599999785423279,39.5500602722168
0,0,1472,ScenarioState.START,50.0,-100.31456756591797,5.939137935638428,40.379085540771484,40.379085540771484,41.17984120740491,-0.004193455912172794,0.8051809072494507,0.0,0.0,0.0,0.0,GazeDirection.CENTER,47.0,67.46499633789062,0.9599999785423279,39.5500602722168
0,0,1473,ScenarioState.START,50.0,-98.69944763183594,5.927090167999268,40.37945556640625,40.37945556640625,41.17984120740491,0.006726337596774101,0.8047606348991394,0.0,0.0,0.0,0.0,GazeDirection.CENTER,47.0,67.46499633789062,0.9599999785423279,39.5500602722168
0,0,1474,ScenarioState.START,50.0,-97.08429718017578,5.9149909019470215,40.379886627197266,40.379886627197266,41.17984120740491,-0.002209195401519537,0.8043901324272156,0.0,0.0,0.0,0.0,GazeDirection.CENTER,47.0,67.46499633789062,0.9599999785423279,39.5500602722168
0,0,1475,ScenarioState.START,50.0,-95.4691390991211,5.902631759643555,40.38027572631836,40.38027572631836,41.180858147597235,-0.002209195401519537,0.8043901324272156,0.0,0.0,0.0,0.0,GazeDirection.CENTER,47.0,67.46499633789062,0.9599999785423279,39.5500602722168
0,0,1476,ScenarioState.START,50.0,-93.8539810180664,5.890085697174072,40.380619049072266,40.380619049072266,41.180858147597235,-0.002209195401519537,0.8043901324272156,0.0,0.0,0.0,0.0,GazeDirection.CENTER,47.0,67.46499633789062,0.9599999785423279,39.5500602722168
0,0,1477,ScenarioState.START,50.0,-92.23878479003906,5.877717971801758,40.380897521972656,40.380897521972656,41.180858147597235,0.004046328365802765,0.8042428493499756,0.0,0.0,0.0,0.0,GazeDirection.CENTER,47.0,67.46499633789062,0.9599999785423279,39.5500602722168
0,0,1478,ScenarioState.START,50.0,-90.62358856201172,5.865428924560547,40.381195068359375,40.381195068359375,41.18177921324044,0.0008557646651752293,0.8048855662345886,0.0,0.0,0.0,0.0,GazeDirection.CENTER,47.0,67.46499633789062,0.9599999785423279,39.5500602722168
0,0,1479,ScenarioState.START,50.0,-89.0083999633789,5.853147506713867,40.381492614746094,40.381492614746094,41.18177921324044,0.001177061116322875,0.8045876026153564,0.0,0.0,0.0,0.0,GazeDirection.CENTER,47.0,67.46499633789062,0.9599999785423279,39.5500602722168
0,0,1480,ScenarioState.START,50.0,-87.39317321777344,5.840654373168945,40.381744384765625,40.381744384765625,41.18177921324044,-0.003492633579298854,0.8042897582054138,0.0,0.0,0.0,0.0,GazeDirection.CENTER,47.0,67.46499633789062,0.9599999785423279,39.5500602722168
0,0,1481,ScenarioState.START,50.0,-85.77793884277344,5.828081130981445,40.38202667236328,40.38202667236328,41.18247147849637,-0.00032326712971553206,0.8047304153442383,0.0,0.0,0.0,0.0,GazeDirection.CENTER,47.0,67.46499633789062,0.9599999785423279,39.5500602722168
0,0,1482,ScenarioState.START,50.0,-84.16270446777344,5.815798759460449,40.38224411010742,40.38224411010742,41.18247147849637,0.00454824510961771,0.8044477105140686,0.0,0.0,0.0,0.0,GazeDirection.CENTER,47.0,67.46499633789062,0.9599999785423279,39.5500602722168
0,0,1483,ScenarioState.START,50.0,-82.54747009277344,5.80347204208374,40.38249206542969,40.38249206542969,41.18247147849637,-0.002243331167846918,0.8042300343513489,0.0,0.0,0.0,0.0,GazeDirection.CENTER,47.0,67.46499633789062,0.9599999785423279,39.5500602722168
0,0,1484,ScenarioState.START,50.0,-80.93221282958984,5.79095983505249,40.382720947265625,40.382720947265625,41.18306670942119,-0.0023394182790070772,0.8045774102210999,0.0,0.0,0.0,0.0,GazeDirection.CENTER,47.0,67.46499633789062,0.9599999785423279,39.5500602722168
0,0,1485,ScenarioState.START,50.0,-79.31694030761719,5.77869176864624,40.382904052734375,40.382904052734375,41.18306670942119,0.0041375006549060345,0.8043482303619385,0.0,0.0,0.0,0.0,GazeDirection.CENTER,47.0,67.46499633789062,0.9599999785423279,39.5500602722168
0,0,1486,ScenarioState.START,50.0,-77.70167541503906,5.766477584838867,40.38312911987305,40.38312911987305,41.18306670942119,-0.001078651868738234,0.8041648864746094,0.0,0.0,0.0,0.0,GazeDirection.CENTER,47.0,67.46499633789062,0.9599999785423279,39.5500602722168
0,0,1487,ScenarioState.START,50.0,-76.08638763427734,5.754126071929932,40.38332748413086,40.38332748413086,41.18359126274213,-0.0022100661881268024,0.8044645190238953,0.0,0.0,0.0,0.0,GazeDirection.CENTER,47.0,67.46499633789062,0.9599999785423279,39.5500602722168
0,0,1488,ScenarioState.START,50.0,-74.47109985351562,5.742197036743164,40.383384704589844,40.383384704589844,41.18359126274213,0.007048014551401138,0.8042657971382141,0.0,0.0,0.0,0.0,GazeDirection.CENTER,47.0,67.46499633789062,0.9599999785423279,39.5500602722168
0,0,1489,ScenarioState.START,50.0,-72.85580444335938,5.73021125793457,40.383544921875,40.383544921875,41.18359126274213,-0.0042967284098267555,0.8042083978652954,0.0,0.0,0.0,0.0,GazeDirection.CENTER,47.0,67.46499633789062,0.9599999785423279,39.5500602722168
0,0,1490,ScenarioState.START,50.0,-71.24050903320312,5.717981815338135,40.38371276855469,40.38371276855469,41.18397209320477,-0.0035251604858785868,0.8044291138648987,0.0,0.0,0.0,0.0,GazeDirection.CENTER,47.0,67.46499633789062,0.9599999785423279,39.5500602722168
0,0,1491,ScenarioState.START,50.0,-69.62520599365234,5.705600261688232,40.383880615234375,40.383880615234375,41.18397209320477,-0.0035251604858785868,0.8044291138648987,0.0,0.0,0.0,0.0,GazeDirection.CENTER,47.0,67.46499633789062,0.9599999785423279,39.5500602722168
0,0,1492,ScenarioState.START,50.0,-68.0098876953125,5.693783283233643,40.383811950683594,40.383811950683594,41.18397209320477,0.009419557638466358,0.8040930032730103,0.0,0.0,0.0,0.0,GazeDirection.CENTER,47.0,67.46499633789062,0.9599999785423279,39.5500602722168
0,0,1493,ScenarioState.START,50.0,-66.39457702636719,5.682244300842285,40.384010314941406,40.384010314941406,41.184363693448766,0.0014523029094561934,0.8045533895492554,0.0,0.0,0.0,0.0,GazeDirection.CENTER,47.0,67.46499633789062,0.9599999785423279,39.5500602722168
0,0,1494,ScenarioState.START,50.0,-64.77925109863281,5.670617580413818,40.38420104980469,40.38420104980469,41.184363693448766,-0.0012721633538603783,0.8043549656867981,0.0,0.0,0.0,0.0,GazeDirection.CENTER,47.0,67.46499633789062,0.9599999785423279,39.5500602722168
0,0,1495,ScenarioState.START,50.0,-63.16392135620117,5.658809185028076,40.38434982299805,40.38434982299805,41.184363693448766,-0.003785497508943081,0.8041641116142273,0.0,0.0,0.0,0.0,GazeDirection.CENTER,47.0,67.46499633789062,0.9599999785423279,39.5500602722168
0,0,1496,ScenarioState.START,50.0,-61.548587799072266,5.646831035614014,40.384498596191406,40.384498596191406,41.18461637285618,-0.003785497508943081,0.8041641116142273,0.0,0.0,0.0,0.0,GazeDirection.CENTER,47.0,67.46499633789062,0.9599999785423279,39.5500602722168
0,0,1497,ScenarioState.START,50.0,-59.93325424194336,5.635514259338379,40.38433074951172,40.38433074951172,41.18461637285618,0.010549061931669712,0.8041191101074219,0.0,0.0,0.0,0.0,GazeDirection.CENTER,47.0,67.46499633789062,0.9599999785423279,39.5500602722168
0,0,1498,ScenarioState.START,50.0,-58.31792449951172,5.624412536621094,40.38450622558594,40.38450622558594,41.18461637285618,-0.0008474094211123884,0.8042869567871094,0.0,0.0,0.0,0.0,GazeDirection.CENTER,47.0,67.46499633789062,0.9599999785423279,39.5500602722168
0,0,1499,ScenarioState.START,50.0,-56.702571868896484,5.612977027893066,40.38459014892578,40.38459014892578,41.18472055716693,-0.005645694211125374,0.804215669631958,0.0,0.0,0.0,0.0,GazeDirection.CENTER,47.0,67.46499633789062,0.9599999785423279,39.5500602722168
0,0,1500,ScenarioState.START,50.0,-55.08721923828125,5.601742267608643,40.384700775146484,40.384700775146484,41.18472055716693,0.003096477361395955,0.8041316270828247,0.0,0.0,0.0,0.0,GazeDirection.CENTER,47.0,67.46499633789062,0.9599999785423279,39.5500602722168
0,0,1501,ScenarioState.START,50.0,-53.47187042236328,5.590822219848633,40.384822845458984,40.384822845458984,41.18472055716693,0.0017515610670670867,0.804020881652832,0.0,0.0,0.0,0.0,GazeDirection.CENTER,47.0,67.46499633789062,0.9599999785423279,39.5500602722168
0,0,1502,ScenarioState.START,50.0,-51.85651779174805,5.57993221282959,40.38494110107422,40.38494110107422,41.185012749013936,-0.0016415095888078213,0.8041910529136658,0.0,0.0,0.0,0.0,GazeDirection.CENTER,47.0,67.46499633789062,0.9599999785423279,39.5500602722168
0,0,1503,ScenarioState.START,50.0,-50.241146087646484,5.569129943847656,40.38505935668945,40.38505935668945,41.185012749013936,9.326746658189222e-05,0.8040725588798523,0.0,0.0,0.0,0.0,GazeDirection.CENTER,47.0,67.46499633789062,0.9599999785423279,39.5500602722168
0,0,1504,ScenarioState.START,50.0,-48.62577438354492,5.558474540710449,40.385162353515625,40.385162353515625,41.185012749013936,9.326746658189222e-05,0.8040725588798523,0.0,0.0,0.0,0.0,GazeDirection.CENTER,47.0,67.46499633789062,0.9599999785423279,39.5500602722168
0,0,1505,ScenarioState.START,50.0,-47.01040267944336,5.547950744628906,40.38526153564453,40.38526153564453,41.18529655374692,9.326746658189222e-05,0.8040725588798523,0.0,0.0,0.0,0.0,GazeDirection.CENTER,47.0,67.46499633789062,0.9599999785423279,39.5500602722168
0,0,1506,ScenarioState.START,50.0,-45.39502716064453,5.537599563598633,40.38534164428711,40.38534164428711,41.18529655374692,0.0008867175201885402,0.8040356040000916,0.0,0.0,0.0,0.0,GazeDirection.CENTER,47.0,67.46499633789062,0.9599999785423279,39.5500602722168
0,0,1507,ScenarioState.START,50.0,-43.77963638305664,5.527381420135498,40.38542556762695,40.38542556762695,41.18529655374692,4.566514689940959e-05,0.8039553761482239,0.0,0.0,0.0,0.0,GazeDirection.CENTER,47.0,67.46499633789062,0.9599999785423279,39.5500602722168
0,0,1508,ScenarioState.START,50.0,-42.16424560546875,5.517264366149902,40.385498046875,40.385498046875,41.18552167835525,-0.00020353593572508544,0.804096519947052,0.0,0.0,0.0,0.0,GazeDirection.CENTER,47.0,67.46499633789062,0.9599999785423279,39.5500602722168
0,0,1509,ScenarioState.START,50.0,-40.54885482788086,5.507241249084473,40.38556671142578,40.38556671142578,41.18552167835525,-0.0003758399689104408,0.8040239214897156,0.0,0.0,0.0,0.0,GazeDirection.CENTER,47.0,67.46499633789062,0.9599999785423279,39.5500602722168
0,0,1510,ScenarioState.START,50.0,-38.933467864990234,5.497378826141357,40.38562774658203,40.38562774658203,41.18552167835525,0.0008234348497353494,0.8039551973342896,0.0,0.0,0.0,0.0,GazeDirection.CENTER,47.0,67.46499633789062,0.9599999785423279,39.5500602722168
0,0,1511,ScenarioState.START,50.0,-37.31806945800781,5.487669467926025,40.385684967041016,40.385684967041016,41.1857000995731,0.0004208525933790952,0.8040726184844971,0.0,0.0,0.0,0.0,GazeDirection.CENTER,47.0,67.46499633789062,0.9599999785423279,39.5500602722168
0,0,1512,ScenarioState.START,50.0,-35.702667236328125,5.47799015045166,40.385738372802734,40.385738372802734,41.1857000995731,-0.0013957961928099394,0.8040152788162231,0.0,0.0,0.0,0.0,GazeDirection.CENTER,47.0,67.46499633789062,0.9599999785423279,39.5500602722168
0,0,1513,ScenarioState.START,50.0,-34.0872688293457,5.468445301055908,40.38578796386719,40.38578796386719,41.1857000995731,0.0009280741214752197,0.8039618134498596,0.0,0.0,0.0,0.0,GazeDirection.CENTER,47.0,67.46499633789062,0.9599999785423279,39.5500602722168
0,0,1514,ScenarioState.START,50.0,-32.47186279296875,5.459081172943115,40.385826110839844,40.385826110839844,41.185836608567094,0.0009626168175600469,0.8040487766265869,0.0,0.0,0.0,0.0,GazeDirection.CENTER,47.0,67.46499633789062,0.9599999785423279,39.5500602722168
0,0,1515,ScenarioState.START,50.0,-30.8564510345459,5.449714660644531,40.38587188720703,40.38587188720703,41.185836608567094,-0.0018532692920416594,0.8040105700492859,0.0,0.0,0.0,0.0,GazeDirection.CENTER,47.0,67.46499633789062,0.9599999785423279,39.5500602722168
0,0,1516,ScenarioState.START,50.0,-29.24104118347168,5.440454006195068,40.38591384887695,40.38591384887695,41.185836608567094,0.0008786508697085083,0.8039647936820984,0.0,0.0,0.0,0.0,GazeDirection.CENTER,47.0,67.46499633789062,0.9599999785423279,39.5500602722168
0,0,1517,ScenarioState.START,50.0,-27.62563133239746,5.4313764572143555,40.38595199584961,40.38595199584961,41.185941983219706,0.0012033217353746295,0.8040282130241394,0.0,0.0,0.0,0.0,GazeDirection.CENTER,47.0,67.46499633789062,0.9599999785423279,39.5500602722168
0,0,1518,ScenarioState.START,50.0,-26.010221481323242,5.422271728515625,40.38599395751953,40.38599395751953,41.185941983219706,-0.0020553776994347572,0.8039900064468384,0.0,0.0,0.0,0.0,GazeDirection.CENTER,47.0,67.46499633789062,0.9599999785423279,39.5500602722168
0,0,1519,ScenarioState.START,50.0,-24.394804000854492,5.4132513999938965,40.38603210449219,40.38603210449219,41.185941983219706,0.00086990837007761,0.8039480447769165,0.0,0.0,0.0,0.0,GazeDirection.CENTER,47.0,67.46499633789062,0.9599999785423279,39.5500602722168
0,0,1520,ScenarioState.START,50.0,-22.77938461303711,5.404402256011963,40.38606262207031,40.38606262207031,41.18603897525001,0.001282000681385398,0.8040068745613098,0.0,0.0,0.0,0.0,GazeDirection.CENTER,47.0,67.46499633789062,0.9599999785423279,39.5500602722168
0,0,1521,ScenarioState.START,50.0,-21.163965225219727,5.39552640914917,40.3860969543457,40.3860969543457,41.18603897525001,-0.0018541631288826466,0.8039763569831848,0.0,0.0,0.0,0.0,GazeDirection.CENTER,47.0,67.46499633789062,0.9599999785423279,39.5500602722168
0,0,1522,ScenarioState.START,50.0,-19.548545837402344,5.386706829071045,40.38612747192383,40.38612747192383,41.18603897525001,0.0006221117218956351,0.8039419651031494,0.0,0.0,0.0,0.0,GazeDirection.CENTER,47.0,67.46499633789062,0.9599999785423279,39.5500602722168
0,0,1523,ScenarioState.START,50.0,-17.933122634887695,5.3780341148376465,40.38615417480469,40.38615417480469,41.186119202828976,0.0011530905030667782,0.8039916753768921,0.0,0.0,0.0,0.0,GazeDirection.CENTER,47.0,67.46499633789062,0.9599999785423279,39.5500602722168
0,0,1524,ScenarioState.START,50.0,-16.317699432373047,5.369302749633789,40.38617706298828,40.38617706298828,41.186119202828976,-0.0021184287033975124,0.8039649128913879,0.0,0.0,0.0,0.0,GazeDirection.CENTER,47.0,67.46499633789062,0.9599999785423279,39.5500602722168
0,0,1525,ScenarioState.START,50.0,-14.70227336883545,5.360634803771973,40.386207580566406,40.386207580566406,41.186119202828976,0.0010116675402969122,0.8039420247077942,0.0,0.0,0.0,0.0,GazeDirection.CENTER,47.0,67.46499633789062,0.9599999785423279,39.5500602722168
0,0,1526,ScenarioState.START,50.0,-13.086849212646484,5.352108478546143,40.386234283447266,40.386234283447266,41.18618386360137,0.0012362132547423244,0.8039761781692505,0.0,0.0,0.0,0.0,GazeDirection.CENTER,47.0,67.46499633789062,0.9599999785423279,39.5500602722168
0,0,1527,ScenarioState.START,50.0,-11.471424102783203,5.343499660491943,40.386253356933594,40.386253356933594,41.18618386360137,-0.002288075629621744,0.8039494156837463,0.0,0.0,0.0,0.0,GazeDirection.CENTER,47.0,67.46499633789062,0.9599999785423279,39.5500602722168
0,0,1528,ScenarioState.START,50.0,-9.855996131896973,5.334928035736084,40.38627624511719,40.38627624511719,41.18618386360137,0.0008923596469685435,0.8039303421974182,0.0,0.0,0.0,0.0,GazeDirection.CENTER,47.0,67.46499633789062,0.9599999785423279,39.5500602722168
0,0,1529,ScenarioState.START,50.0,-8.240567207336426,5.326488018035889,40.38629150390625,40.38629150390625,41.186242537063286,0.0013038748875260353,0.8039661049842834,0.0,0.0,0.0,0.0,GazeDirection.CENTER,47.0,67.46499633789062,0.9599999785423279,39.5500602722168
0,0,1530,ScenarioState.START,50.0,-6.6251373291015625,5.317965030670166,40.38630676269531,40.38630676269531,41.186242537063286,-0.002096382901072502,0.803950846195221,0.0,0.0,0.0,0.0,GazeDirection.CENTER,47.0,67.46499633789062,0.9599999785423279,39.5500602722168
0,0,1531,ScenarioState.START,50.0,-5.009706974029541,5.309459209442139,40.386329650878906,40.386329650878906,41.186242537063286,0.0006975401774980128,0.8039355278015137,0.0,0.0,0.0,0.0,GazeDirection.CENTER,47.0,67.46499633789062,0.9599999785423279,39.5500602722168
0,0,1532,ScenarioState.START,50.0,-3.394275188446045,5.301064491271973,40.386348724365234,40.386348724365234,41.186286841386824,0.0011905281571671367,0.8039569854736328,0.0,0.0,0.0,0.0,GazeDirection.CENTER,47.0,67.46499633789062,0.9599999785423279,39.5500602722168
0,0,1533,ScenarioState.START,50.0,-1.7788434028625488,5.292590141296387,40.3863639831543,40.3863639831543,41.186286841386824,-0.0018319019582122564,0.8039378523826599,0.0,0.0,0.0,0.0,GazeDirection.CENTER,47.0,67.46499633789062,0.9599999785423279,39.5500602722168
0,0,1534,ScenarioState.START,50.0,-0.16341033577919006,5.28412389755249,40.386383056640625,40.386383056640625,41.186286841386824,0.0006111380644142628,0.8039225935935974,0.0,0.0,0.0,0.0,GazeDirection.CENTER,47.0,67.46499633789062,0.9599999785423279,39.5500602722168
0,0,1535,ScenarioState.START,50.0,1.4520236253738403,5.275744438171387,40.38639831542969,40.38639831542969,41.18633234301049,0.0010131270391866565,0.8039489984512329,0.0,0.0,0.0,0.0,GazeDirection.CENTER,47.0,67.46499633789062,0.9599999785423279,39.5500602722168
0,0,1536,ScenarioState.START,50.0,3.067458152770996,5.2672905921936035,40.38641357421875,40.38641357421875,41.18633234301049,-0.0015993041452020407,0.8039337396621704,0.0,0.0,0.0,0.0,GazeDirection.CENTER,47.0,67.46499633789062,0.9599999785423279,39.5500602722168
0,0,1537,ScenarioState.START,50.0,4.682892799377441,5.258835792541504,40.38642501831055,40.38642501831055,41.18633234301049,0.0005233641131781042,0.8039184808731079,0.0,0.0,0.0,0.0,GazeDirection.CENTER,47.0,67.46499633789062,0.9599999785423279,39.5500602722168
0,0,1538,ScenarioState.RUNNING,50.0,6.298328876495361,5.250452041625977,40.386444091796875,40.386444091796875,41.18637066007765,0.0008947202586568892,0.8039453625679016,0.0,0.0,0.0,0.0,GazeDirection.CENTER,47.0,67.46499633789062,0.9599999785423279,39.5500602722168
0,0,1539,ScenarioState.RUNNING,50.0,7.913764953613281,5.241997718811035,40.38645553588867,40.38645553588867,41.18637066007765,-0.0013770554214715958,0.8039262294769287,0.0,67.46499633789062,0.9599999785423279,0.0,GazeDirection.CENTER,47.0,67.46499633789062,0.9599999785423279,39.5500602722168
0,0,1540,ScenarioState.RUNNING,50.0,9.529202461242676,5.233534812927246,40.38646697998047,40.38646697998047,41.18637066007765,0.00042297763866372406,0.8039147853851318,0.0,67.46499633789062,0.9599999785423279,0.0,GazeDirection.CENTER,47.0,69.04499816894531,0.9599999785423279,39.5500602722168
0,0,1541,ScenarioState.RUNNING,50.0,11.144667625427246,5.22512674331665,40.3881950378418,40.3881950378418,41.28237129322802,0.0007510027498938143,0.8999519944190979,0.0,69.04499816894531,0.9599999785423279,39.50004577636719,GazeDirection.CENTER,47.0,70.625,0.9699999690055847,39.560081481933594
0,0,1542,ScenarioState.RUNNING,50.0,12.76036548614502,5.216662406921387,40.39597702026367,40.39597702026367,41.28237129322802,-0.0010019250912591815,0.8982710242271423,0.0,70.625,0.9699999690055847,39.50083923339844,GazeDirection.CENTER,47.0,72.20500183105469,0.9699999690055847,39.5700798034668
0,0,1543,ScenarioState.RUNNING,50.0,14.376527786254883,5.208179950714111,40.4089241027832,40.4089241027832,41.28237129322802,0.0002128522755810991,0.8905322551727295,0.0,72.20500183105469,0.9699999690055847,39.50004577636719,GazeDirection.CENTER,47.0,73.78500366210938,0.9699999690055847,39.5700798034668
0,0,1544,ScenarioState.RUNNING,50.0,15.993277549743652,5.199728488922119,40.423133850097656,40.423133850097656,41.16705821809244,0.0005582208395935595,0.7622511982917786,0.0,73.78500366210938,0.9699999690055847,39.50004577636719,GazeDirection.CENTER,47.0,75.36499786376953,0.9799999594688416,39.58010482788086
0,0,1545,ScenarioState.RUNNING,50.0,17.610458374023438,5.19130802154541,40.432132720947266,40.432132720947266,41.16705821809244,0.0005582208395935595,0.7622511982917786,0.0,75.36499786376953,0.9799999594688416,39.50064468383789,GazeDirection.CENTER,47.0,76.95500183105469,0.9799999594688416,39.59010314941406
0,0,1546,ScenarioState.RUNNING,50.0,19.22785186767578,5.182920455932617,40.436283111572266,40.436283111572266,41.16705821809244,0.0005582208395935595,0.7622511982917786,0.0,76.95500183105469,0.9799999594688416,39.750099182128906,GazeDirection.CENTER,47.0,78.53500366210938,0.9799999594688416,39.59010314941406
0,0,1547,ScenarioState.RUNNING,50.0,20.845304489135742,5.174422264099121,40.43743133544922,40.43743133544922,41.234937155459946,-0.0020926210563629866,0.8027099967002869,0.0,78.53500366210938,0.9799999594688416,39.50004577636719,GazeDirection.CENTER,47.0,80.125,0.9899999499320984,39.60012435913086
0,0,1548,ScenarioState.RUNNING,50.0,22.462778091430664,5.165858268737793,40.438072204589844,40.438072204589844,41.234937155459946,-0.0006763102137483656,0.8015605211257935,0.0,80.125,0.9899999499320984,39.750694274902344,GazeDirection.CENTER,47.0,81.71499633789062,0.9899999499320984,39.61012649536133
0,0,1549,ScenarioState.RUNNING,50.0,24.08026123046875,5.157400608062744,40.438358306884766,40.438358306884766,41.234937155459946,0.0016739213606342673,0.8009181618690491,0.0,81.71499633789062,0.9899999499320984,39.749908447265625,GazeDirection.CENTER,47.0,83.28499603271484,0.9899999499320984,39.61012649536133
0,0,1550,ScenarioState.RUNNING,50.0,25.6977481842041,5.148979187011719,40.43841552734375,40.43841552734375,41.23829388759828,0.0001680713758105412,0.8039888143539429,0.0,83.28499603271484,0.9899999499320984,39.24999237060547,GazeDirection.CENTER,47.0,84.86499786376953,1.0,39.62012481689453
0,0,1551,ScenarioState.RUNNING,50.0,27.31524085998535,5.140459060668945,40.43840789794922,40.43840789794922,41.23829388759828,-0.0013953584711998701,0.8038835525512695,0.0,84.86499786376953,1.0,39.50083923339844,GazeDirection.CENTER,47.0,86.45500183105469,1.0,39.62015151977539
0,0,1552,ScenarioState.RUNNING,50.0,28.9327335357666,5.131924152374268,40.43837356567383,40.43837356567383,41.23829388759828,0.00032451347215101123,0.8038440346717834,0.0,86.45500183105469,1.0,39.750099182128906,GazeDirection.CENTER,47.0,88.0250015258789,1.0,39.63015365600586
0,0,1553,ScenarioState.RUNNING,50.0,30.55023193359375,5.123437404632568,40.43830871582031,40.43830871582031,41.23812522297076,0.0007329378859139979,0.8036664128303528,0.0,88.0250015258789,1.0,39.24999237060547,GazeDirection.CENTER,47.0,89.60499572753906,1.0099999904632568,39.64015197753906
0,0,1554,ScenarioState.RUNNING,50.0,32.16773223876953,5.1149163246154785,40.438201904296875,40.438201904296875,41.23812522297076,-0.0005379198119044304,0.803752064704895,0.0,89.60499572753906,1.0099999904632568,39.50064468383789,GazeDirection.CENTER,47.0,91.19499969482422,1.0099999904632568,39.64015197753906
0,0,1555,ScenarioState.RUNNING,50.0,33.78522491455078,5.106353759765625,40.43807601928711,40.43807601928711,41.23812522297076,-0.00021465391910169274,0.803886890411377,0.0,91.19499969482422,1.0099999904632568,39.750099182128906,GazeDirection.CENTER,47.0,92.78499603271484,1.0199999809265137,39.650184631347656
0,0,1556,ScenarioState.RUNNING,50.0,35.40271759033203,5.097794532775879,40.43793487548828,40.43793487548828,41.23758317132839,0.00029490250744856894,0.8035030364990234,0.0,92.78499603271484,1.0199999809265137,39.750694274902344,GazeDirection.CENTER,47.0,94.36499786376953,1.0199999809265137,39.650184631347656
0,0,1557,ScenarioState.RUNNING,50.0,37.02020263671875,5.089243412017822,40.4377555847168,40.4377555847168,41.23758317132839,0.00029490250744856894,0.8035030364990234,0.0,94.36499786376953,1.0199999809265137,39.50004577636719,GazeDirection.CENTER,47.0,95.94499969482422,1.0299999713897705,39.660179138183594
0,0,1558,ScenarioState.RUNNING,50.0,38.6376838684082,5.080652713775635,40.437557220458984,40.437557220458984,41.23758317132839,-0.0004775593988597393,0.8038250803947449,0.0,95.94499969482422,1.0299999713897705,39.50083923339844,GazeDirection.CENTER,47.0,97.53499603271484,1.0299999713897705,39.660179138183594
0,0,1559,ScenarioState.RUNNING,50.0,40.25514221191406,5.072027683258057,40.43629455566406,40.43629455566406,41.189304118310964,-0.00017338941688649356,0.7557218670845032,0.0,97.53499603271484,1.0299999713897705,39.749908447265625,GazeDirection.CENTER,47.0,99.11499786376953,1.0399999618530273,39.67021179199219
0,0,1560,ScenarioState.RUNNING,50.0,41.87245559692383,5.063405990600586,40.43191909790039,40.43191909790039,41.189304118310964,0.00026527990121394396,0.7569610476493835,0.0,99.11499786376953,1.0399999618530273,39.50083923339844,GazeDirection.CENTER,47.0,100.71499633789062,1.0399999618530273,39.67021179199219
0,0,1561,ScenarioState.RUNNING,50.0,43.48952102661133,5.054778099060059,40.425052642822266,40.425052642822266,41.189304118310964,4.049745257361792e-05,0.7613152861595154,0.0,100.71499633789062,1.0399999618530273,39.999961853027344,GazeDirection.CENTER,47.0,102.30500030517578,1.0499999523162842,39.680213928222656
0,0,1562,ScenarioState.RUNNING,50.0,45.10628890991211,5.0461225509643555,40.418067932128906,40.418067932128906,41.2718475495115,-0.0002051825140370056,0.850748598575592,0.0,102.30500030517578,1.0499999523162842,39.750885009765625,GazeDirection.CENTER,47.0,103.90499877929688,1.0499999523162842,39.69021224975586
0,0,1563,ScenarioState.RUNNING,50.0,46.72289276123047,5.037451267242432,40.41556167602539,40.41556167602539,41.2718475495115,3.094109706580639e-05,0.8577603101730347,0.0,103.90499877929688,1.0499999523162842,39.999961853027344,GazeDirection.CENTER,47.0,105.4949951171875,1.059999942779541,39.69021224975586
0,0,1564,ScenarioState.RUNNING,50.0,48.339534759521484,5.028768062591553,40.41748809814453,40.41748809814453,41.2718475495115,4.449764310265891e-05,0.8602948188781738,0.0,105.4949951171875,1.059999942779541,39.750694274902344,GazeDirection.CENTER,47.0,107.07499694824219,1.059999942779541,39.70024871826172
0,0,1565,ScenarioState.RUNNING,50.0,49.95634078979492,5.0200653076171875,40.42198181152344,40.42198181152344,41.2225684917777,-8.0854122643359e-05,0.8090919256210327,0.0,107.07499694824219,1.059999942779541,39.50004577636719,GazeDirection.CENTER,47.0,108.66500091552734,1.0700000524520874,39.70024871826172
0,0,1566,ScenarioState.RUNNING,50.0,51.57332229614258,5.011351585388184,40.42601776123047,40.42601776123047,41.2225684917777,0.00011665464990073815,0.8045987486839294,0.0,108.66500091552734,1.0700000524520874,39.750885009765625,GazeDirection.CENTER,47.0,110.25499725341797,1.0800000429153442,39.71024703979492
0,0,1567,ScenarioState.RUNNING,50.0,53.19044494628906,5.002618312835693,40.42920684814453,40.42920684814453,41.2225684917777,-0.00012182016507722437,0.800561249256134,0.0,110.25499725341797,1.0800000429153442,39.750694274902344,GazeDirection.CENTER,47.0,111.85499572753906,1.0800000429153442,39.71024703979492
0,0,1568,ScenarioState.RUNNING,50.0,54.80767059326172,4.993863105773926,40.43157958984375,40.43157958984375,41.22878365322946,-8.166409679688513e-05,0.8035871982574463,0.0,111.85499572753906,1.0800000429153442,39.999961853027344,GazeDirection.CENTER,47.0,113.44499969482422,1.090000033378601,39.71024703979492
0,0,1569,ScenarioState.RUNNING,50.0,56.42496871948242,4.985107898712158,40.43336486816406,40.43336486816406,41.22878365322946,0.0002430590393487364,0.801237165927887,0.0,113.44499969482422,1.090000033378601,39.750885009765625,GazeDirection.CENTER,47.0,115.03499603271484,1.090000033378601,39.72024917602539
0,0,1570,ScenarioState.RUNNING,50.0,58.04231262207031,4.976335525512695,40.434539794921875,40.434539794921875,41.22878365322946,-0.000162635013111867,0.7994731068611145,0.0,115.03499603271484,1.090000033378601,39.749908447265625,GazeDirection.CENTER,47.0,116.61499786376953,1.100000023841858,39.72024917602539
0,0,1571,ScenarioState.RUNNING,50.0,59.65968704223633,4.967537879943848,40.43520736694336,40.43520736694336,41.23296364572092,-0.00015062279999256134,0.8024986982345581,0.0,116.61499786376953,1.100000023841858,39.50083923339844,GazeDirection.CENTER,47.0,118.20499420166016,1.100000023841858,39.730247497558594
0,0,1572,ScenarioState.RUNNING,50.0,61.27708435058594,4.95874547958374,40.43558120727539,40.43558120727539,41.23296364572092,0.00031319769914261997,0.801806628704071,0.0,118.20499420166016,1.100000023841858,39.749908447265625,GazeDirection.CENTER,47.0,119.79499816894531,1.1100000143051147,39.730281829833984
0,0,1573,ScenarioState.RUNNING,50.0,62.89448165893555,4.949940204620361,40.435691833496094,40.435691833496094,41.23296364572092,-0.00015016685938462615,0.801404595375061,0.0,119.79499816894531,1.1100000143051147,39.750885009765625,GazeDirection.CENTER,47.0,121.38499450683594,1.1100000143051147,39.74028396606445
0,0,1574,ScenarioState.RUNNING,50.0,64.51187896728516,4.941109657287598,40.43559265136719,40.43559265136719,41.234166074780994,-0.0001856792951002717,0.8024674654006958,0.0,121.38499450683594,1.1100000143051147,39.749908447265625,GazeDirection.CENTER,47.0,122.9749984741211,1.1200000047683716,39.74028396606445
0,0,1575,ScenarioState.RUNNING,50.0,66.1292724609375,4.932286739349365,40.43537902832031,40.43537902832031,41.234166074780994,0.00031947987736202776,0.8025633692741394,0.0,122.9749984741211,1.1200000047683716,39.750885009765625,GazeDirection.CENTER,47.0,124.56499481201172,1.1200000047683716,39.750282287597656
0,0,1576,ScenarioState.RUNNING,50.0,67.74665069580078,4.923455238342285,40.43508529663086,40.43508529663086,41.234166074780994,-0.00011972575157415122,0.8027760982513428,0.0,124.56499481201172,1.1200000047683716,39.749908447265625,GazeDirection.CENTER,47.0,126.1449966430664,1.1299999952316284,39.750282287597656
0,0,1577,ScenarioState.RUNNING,50.0,69.364013671875,4.914600372314453,40.434730529785156,40.434730529785156,41.23355581837781,-0.00020102935377508402,0.8024605512619019,0.0,126.1449966430664,1.1299999952316284,39.50083923339844,GazeDirection.CENTER,47.0,127.73500061035156,1.1399999856948853,39.750282287597656
0,0,1578,ScenarioState.RUNNING,50.0,70.98136138916016,4.905754566192627,40.43431854248047,40.43431854248047,41.23355581837781,0.0003112794947810471,0.8028149604797363,0.0,127.73500061035156,1.1399999856948853,39.750885009765625,GazeDirection.CENTER,47.0,129.3249969482422,1.1399999856948853,39.76028060913086
0,0,1579,ScenarioState.RUNNING,50.0,72.59869384765625,4.896902561187744,40.43388748168945,40.43388748168945,41.23355581837781,-0.00011718627501977608,0.803227961063385,0.0,129.3249969482422,1.1399999856948853,39.749908447265625,GazeDirection.CENTER,47.0,130.9149932861328,1.149999976158142,39.76028060913086
0,0,1580,ScenarioState.RUNNING,50.0,74.21601104736328,4.888033866882324,40.43345642089844,40.43345642089844,41.232543197614014,-0.00011718627501977608,0.803227961063385,0.0,130.9149932861328,1.149999976158142,39.750694274902344,GazeDirection.CENTER,47.0,132.50498962402344,1.159999966621399,39.77028274536133
0,0,1581,ScenarioState.RUNNING,50.0,75.83331298828125,4.879152297973633,40.433040618896484,40.433040618896484,41.232543197614014,-0.00011718627501977608,0.803227961063385,0.0,132.50498962402344,1.159999966621399,39.750694274902344,GazeDirection.CENTER,47.0,134.0850067138672,1.159999966621399,39.77028274536133
0,0,1582,ScenarioState.RUNNING,50.0,77.45059967041016,4.870257377624512,40.43262481689453,40.43262481689453,41.232543197614014,-0.00011718627501977608,0.803227961063385,0.0,134.0850067138672,1.159999966621399,39.50042724609375,GazeDirection.CENTER,47.0,135.68499755859375,1.1699999570846558,39.77028274536133
0,0,1583,ScenarioState.RUNNING,50.0,79.06785583496094,4.861377239227295,40.43111801147461,40.43111801147461,41.18276411873743,0.0003779056132771075,0.7541092038154602,0.0,135.68499755859375,1.1699999570846558,40.000553131103516,GazeDirection.CENTER,47.0,137.27499389648438,1.1799999475479126,39.78028106689453
0,0,1584,ScenarioState.RUNNING,50.0,80.6849594116211,4.852511405944824,40.42644119262695,40.42644119262695,41.18276411873743,0.00024891344946809113,0.7555925846099854,0.0,137.27499389648438,1.1799999475479126,39.750694274902344,GazeDirection.CENTER,47.0,138.875,1.1799999475479126,39.78028106689453
0,0,1585,ScenarioState.RUNNING,50.0,82.30180358886719,4.843617916107178,40.41924285888672,40.41924285888672,41.18276411873743,-0.00042350482544861734,0.7602482438087463,0.0,138.875,1.1799999475479126,40.000152587890625,GazeDirection.CENTER,47.0,140.47500610351562,1.190000057220459,39.790283203125
0,0,1586,ScenarioState.RUNNING,50.0,83.9183120727539,4.834688663482666,40.41025924682617,40.41025924682617,41.266690041340254,-0.00042350482544861734,0.7602482438087463,0.0,140.47500610351562,1.190000057220459,40.00093460083008,GazeDirection.CENTER,47.0,142.0749969482422,1.190000057220459,39.790283203125
0,0,1587,ScenarioState.RUNNING,50.0,85.53440856933594,4.825728416442871,40.399871826171875,40.399871826171875,41.266690041340254,-0.00042350482544861734,0.7602482438087463,0.0,142.0749969482422,1.190000057220459,39.99977111816406,GazeDirection.CENTER,47.0,143.6750030517578,1.2000000476837158,39.790283203125
0,0,1588,ScenarioState.RUNNING,50.0,87.15009307861328,4.816832542419434,40.390262603759766,40.390262603759766,41.266690041340254,0.0012812423519790173,0.8708308339118958,0.0,143.6750030517578,1.2000000476837158,40.00093460083008,GazeDirection.CENTER,47.0,145.26499938964844,1.209999918937683,39.8002815246582
0,0,1589,ScenarioState.RUNNING,50.0,88.76555633544922,4.807958126068115,40.38660430908203,40.38660430908203,41.24909571824921,0.00013937446055933833,0.8628755807876587,0.0,145.26499938964844,1.209999918937683,39.750694274902344,GazeDirection.CENTER,47.0,146.84500122070312,1.209999918937683,39.8002815246582
0,0,1590,ScenarioState.RUNNING,50.0,90.38103485107422,4.799030303955078,40.3880615234375,40.3880615234375,41.24909571824921,-0.0006129865068942308,0.8665657639503479,0.0,146.84500122070312,1.209999918937683,39.50004577636719,GazeDirection.CENTER,47.0,148.43499755859375,1.2200000286102295,39.81028366088867
0,0,1591,ScenarioState.RUNNING,50.0,91.99669647216797,4.7900800704956055,40.393760681152344,40.393760681152344,41.24909571824921,-0.00011151789658470079,0.8651395440101624,0.0,148.43499755859375,1.2200000286102295,39.750694274902344,GazeDirection.CENTER,47.0,150.02499389648438,1.2300000190734863,39.81028366088867
0,0,1592,ScenarioState.RUNNING,50.0,93.61268615722656,4.781150817871094,40.401641845703125,40.401641845703125,41.20270648077152,0.00038246018812060356,0.8130558729171753,0.0,150.02499389648438,1.2300000190734863,39.750694274902344,GazeDirection.CENTER,47.0,151.61500549316406,1.2300000190734863,39.81024932861328
0,0,1593,ScenarioState.RUNNING,50.0,95.22894287109375,4.7722344398498535,40.40864181518555,40.40864181518555,41.20270648077152,0.00012997342855669558,0.8052001595497131,0.0,151.61500549316406,1.2300000190734863,39.75028991699219,GazeDirection.CENTER,47.0,153.2050018310547,1.2400000095367432,39.820247650146484
0,0,1594,ScenarioState.RUNNING,50.0,96.84544372558594,4.763298034667969,40.414207458496094,40.414207458496094,41.20270648077152,-0.00031194768962450325,0.7982214093208313,0.0,153.2050018310547,1.2400000095367432,39.750694274902344,GazeDirection.CENTER,47.0,154.7949981689453,1.2400000095367432,39.820247650146484
0,0,1595,ScenarioState.RUNNING,50.0,98.46212768554688,4.754354953765869,40.418426513671875,40.418426513671875,41.215293995108325,-1.4005178854858968e-05,0.8052656650543213,0.0,154.7949981689453,1.2400000095367432,39.749908447265625,GazeDirection.CENTER,47.0,156.38497924804688,1.25,39.83024978637695
0,0,1596,ScenarioState.RUNNING,50.0,100.07893371582031,4.745429992675781,40.42176818847656,40.42176818847656,41.215293995108325,0.0002394361945334822,0.8010212779045105,0.0,156.38497924804688,1.25,39.75031280517578,GazeDirection.CENTER,47.0,157.97500610351562,1.2599999904632568,39.83024978637695
0,0,1597,ScenarioState.RUNNING,50.0,101.69585418701172,4.736509323120117,40.42416000366211,40.42416000366211,41.215293995108325,-4.539859583019279e-05,0.7976481914520264,0.0,157.97500610351562,1.2599999904632568,39.75145721435547,GazeDirection.CENTER,47.0,159.5749969482422,1.2599999904632568,39.83021545410156
0,0,1598,ScenarioState.RUNNING,50.0,103.31282806396484,4.72758150100708,40.42572784423828,40.42572784423828,41.22329260974199,-0.00012413178046699613,0.8032211065292358,0.0,159.5749969482422,1.2599999904632568,39.99977111816406,GazeDirection.CENTER,47.0,161.1649932861328,1.2699999809265137,39.8402099609375
0,0,1599,ScenarioState.RUNNING,50.0,104.92986297607422,4.718661308288574,40.426856994628906,40.426856994628906,41.22329260974199,8.099772821879014e-05,0.8016226291656494,0.0,161.1649932861328,1.2699999809265137,39.750694274902344,GazeDirection.CENTER,47.0,162.75498962402344,1.2699999809265137,39.8402099609375
0,0,1600,ScenarioState.RUNNING,50.0,106.54692077636719,4.709750175476074,40.427547454833984,40.427547454833984,41.22329260974199,5.131097714183852e-05,0.8004604578018188,0.0,162.75498962402344,1.2699999809265137,39.749908447265625,GazeDirection.CENTER,47.0,164.34500122070312,1.2799999713897705,39.85017776489258
0,0,1601,ScenarioState.RUNNING,50.0,108.16399383544922,4.70084285736084,40.4278678894043,40.4278678894043,41.225897665242215,-3.088041194132529e-05,0.8023437261581421,0.0,164.34500122070312,1.2799999713897705,39.751075744628906,GazeDirection.CENTER,47.0,165.93499755859375,1.2799999713897705,39.85017776489258
0,0,1602,ScenarioState.RUNNING,50.0,109.78108978271484,4.69193696975708,40.427974700927734,40.427974700927734,41.225897665242215,-4.202366835670546e-05,0.8020178079605103,0.0,165.93499755859375,1.2799999713897705,39.749908447265625,GazeDirection.CENTER,47.0,167.52499389648438,1.2899999618530273,39.86018371582031
0,0,1603,ScenarioState.RUNNING,50.0,111.398193359375,4.683040142059326,40.427886962890625,40.427886962890625,41.225897665242215,5.898009112570435e-05,0.8019094467163086,0.0,167.52499389648438,1.2899999618530273,39.750694274902344,GazeDirection.CENTER,47.0,169.125,1.2899999618530273,39.86018371582031
0,0,1604,ScenarioState.RUNNING,50.0,113.01525115966797,4.674151420593262,40.42766189575195,40.42766189575195,41.2264109284756,2.588663664937485e-05,0.8025127053260803,0.0,169.125,1.2899999618530273,40.000152587890625,GazeDirection.CENTER,47.0,170.71499633789062,1.2899999618530273,39.86015319824219
0,0,1605,ScenarioState.RUNNING,50.0,114.63232421875,4.66526460647583,40.4273567199707,40.4273567199707,41.2264109284756,-6.337938975775614e-05,0.8027365803718567,0.0,170.71499633789062,1.2899999618530273,39.749908447265625,GazeDirection.CENTER,47.0,172.31500244140625,1.2999999523162842,39.87015151977539
0,0,1606,ScenarioState.RUNNING,50.0,116.24938201904297,4.656378269195557,40.427001953125,40.427001953125,41.2264109284756,-6.337938975775614e-05,0.8027365803718567,0.0,172.31500244140625,1.2999999523162842,40.00093460083008,GazeDirection.CENTER,47.0,173.90499877929688,1.2999999523162842,39.87015151977539
0,0,1607,ScenarioState.RUNNING,50.0,117.86642456054688,4.647493362426758,40.426605224609375,40.426605224609375,41.266153128156,-6.337938975775614e-05,0.8027365803718567,0.0,173.90499877929688,1.2999999523162842,39.749908447265625,GazeDirection.CENTER,47.0,175.50498962402344,1.309999942779541,39.88015365600586
0,0,1608,ScenarioState.RUNNING,50.0,119.48344421386719,4.638607025146484,40.42617416381836,40.42617416381836,41.266153128156,-6.337938975775614e-05,0.8027365803718567,0.0,175.50498962402344,1.309999942779541,40.000553131103516,GazeDirection.CENTER,47.0,177.09500122070312,1.309999942779541,39.880126953125
0,0,1609,ScenarioState.RUNNING,50.0,121.10047912597656,4.629742622375488,40.4266471862793,40.4266471862793,41.266153128156,0.0003408709308132529,0.844031810760498,0.0,177.09500122070312,1.309999942779541,39.75028991699219,GazeDirection.CENTER,47.0,178.68499755859375,1.309999942779541,39.8901252746582
0,0,1610,ScenarioState.RUNNING,50.0,122.71758270263672,4.62088680267334,40.428855895996094,40.428855895996094,41.224706618258594,2.8561227736645378e-05,0.8021131157875061,0.0,178.68499755859375,1.309999942779541,39.749908447265625,GazeDirection.CENTER,47.0,180.2849884033203,1.3199999332427979,39.8901252746582
0,0,1611,ScenarioState.RUNNING,50.0,124.33475494384766,4.612014293670654,40.43056106567383,40.43056106567383,41.224706618258594,-0.0002799739013426006,0.799903154373169,0.0,180.2849884033203,1.3199999332427979,40.000553131103516,GazeDirection.CENTER,47.0,181.88499450683594,1.3199999332427979,39.90010070800781
0,0,1612,ScenarioState.RUNNING,50.0,125.95198822021484,4.603145122528076,40.43157958984375,40.43157958984375,41.224706618258594,8.913123019738123e-05,0.798196017742157,0.0,181.88499450683594,1.3199999332427979,40.000152587890625,GazeDirection.CENTER,47.0,183.48500061035156,1.3199999332427979,39.90010070800781
0,0,1613,ScenarioState.RUNNING,50.0,127.56924438476562,4.594288349151611,40.43195724487305,40.43195724487305,41.26781226730701,8.913123019738123e-05,0.798196017742157,0.0,183.48500061035156,1.3199999332427979,40.000152587890625,GazeDirection.CENTER,47.0,185.0749969482422,1.3299999237060547,39.91010284423828
0,0,1614,ScenarioState.RUNNING,50.0,129.1865234375,4.585431098937988,40.432743072509766,40.432743072509766,41.26781226730701,-7.186247239587829e-05,0.8399433493614197,0.0,185.0749969482422,1.3299999237060547,39.750694274902344,GazeDirection.CENTER,47.0,186.6750030517578,1.3299999237060547,39.91007995605469
0,0,1615,ScenarioState.RUNNING,50.0,130.8038787841797,4.576577186584473,40.43581771850586,40.43581771850586,41.26781226730701,4.8534620873397216e-05,0.8391756415367126,0.0,186.6750030517578,1.3299999237060547,40.000152587890625,GazeDirection.CENTER,47.0,188.26499938964844,1.3399999141693115,39.92007827758789
0,0,1616,ScenarioState.RUNNING,50.0,132.42141723632812,4.567729473114014,40.4407844543457,40.4407844543457,41.2690856464295,3.980383189627901e-05,0.8373914957046509,0.0,188.26499938964844,1.3399999141693115,39.750694274902344,GazeDirection.CENTER,47.0,189.864990234375,1.3399999141693115,39.92007827758789
0,0,1617,ScenarioState.RUNNING,50.0,134.03919982910156,4.558876037597656,40.447078704833984,40.447078704833984,41.2690856464295,-0.00013187507283873856,0.8324193358421326,0.0,189.864990234375,1.3399999141693115,39.99977111816406,GazeDirection.CENTER,47.0,191.46499633789062,1.3399999141693115,39.93006134033203
0,0,1618,ScenarioState.RUNNING,50.0,135.65725708007812,4.550027847290039,40.45404815673828,40.45404815673828,41.2690856464295,9.928907093126327e-05,0.8261163234710693,0.0,191.46499633789062,1.3399999141693115,40.000152587890625,GazeDirection.CENTER,47.0,193.06500244140625,1.350000023841858,39.93006134033203
0,0,1619,ScenarioState.RUNNING,50.0,137.2755889892578,4.541187286376953,40.4612922668457,40.4612922668457,41.27829005110717,5.853182665305212e-05,0.828343391418457,0.0,193.06500244140625,1.350000023841858,40.00093460083008,GazeDirection.CENTER,47.0,194.65499877929688,1.350000023841858,39.94004440307617
0,0,1620,ScenarioState.RUNNING,50.0,138.89422607421875,4.532339572906494,40.46867752075195,40.46867752075195,41.27829005110717,-0.00015088765940163285,0.8211087584495544,0.0,194.65499877929688,1.350000023841858,39.749908447265625,GazeDirection.CENTER,47.0,196.2449951171875,1.350000023841858,39.94004440307617
0,0,1621,ScenarioState.RUNNING,50.0,140.5131378173828,4.523481845855713,40.475833892822266,40.475833892822266,41.27829005110717,-0.00015088765940163285,0.8211087584495544,0.0,196.2449951171875,1.350000023841858,39.749908447265625,GazeDirection.CENTER,47.0,197.84500122070312,1.3600000143051147,39.95004653930664
0,0,1622,ScenarioState.RUNNING,50.0,142.13232421875,4.514642238616943,40.48181915283203,40.48181915283203,41.24963149219836,0.00032133772037923336,0.777905285358429,0.0,197.84500122070312,1.3600000143051147,40.00093460083008,GazeDirection.CENTER,47.0,199.43499755859375,1.3600000143051147,39.95003128051758
0,0,1623,ScenarioState.RUNNING,50.0,143.7516632080078,4.505807399749756,40.48468017578125,40.48468017578125,41.24963149219836,-2.8804754037992097e-05,0.7718858122825623,0.0,199.43499755859375,1.3600000143051147,39.749908447265625,GazeDirection.CENTER,47.0,201.0449981689453,1.3600000143051147,39.96002960205078
0,0,1624,ScenarioState.RUNNING,50.0,145.3710174560547,4.496964454650879,40.48453140258789,40.48453140258789,41.24963149219836,-0.0001021430070977658,0.7689893245697021,0.0,201.0449981689453,1.3600000143051147,40.25001525878906,GazeDirection.CENTER,47.0,202.64498901367188,1.3700000047683716,39.960018157958984
0,0,1625,ScenarioState.RUNNING,50.0,146.9903106689453,4.488124847412109,40.483428955078125,40.483428955078125,41.336135736039125,3.519021993270144e-05,0.8556506037712097,0.0,202.64498901367188,1.3700000047683716,40.000553131103516,GazeDirection.CENTER,47.0,204.2449951171875,1.3700000047683716,39.97001266479492
0,0,1626,ScenarioState.RUNNING,50.0,148.60964965820312,4.47928524017334,40.48582077026367,40.48582077026367,41.336135736039125,-6.088887676014565e-05,0.8567628264427185,0.0,204.2449951171875,1.3700000047683716,40.000152587890625,GazeDirection.CENTER,47.0,205.84500122070312,1.3700000047683716,39.97001266479492
0,0,1627,ScenarioState.RUNNING,50.0,150.2292022705078,4.4704508781433105,40.491477966308594,40.491477966308594,41.336135736039125,0.0001015585585264489,0.8543819785118103,0.0,205.84500122070312,1.3700000047683716,40.000152587890625,GazeDirection.CENTER,47.0,207.4449920654297,1.3700000047683716,39.980003356933594
0,0,1628,ScenarioState.RUNNING,50.0,151.8490447998047,4.4616241455078125,40.499637603759766,40.499637603759766,41.30287196090023,0.0001015585585264489,0.8543819785118103,0.0,207.4449920654297,1.3700000047683716,39.99977111816406,GazeDirection.CENTER,47.0,209.0449981689453,1.3700000047683716,39.980003356933594
0,0,1629,ScenarioState.RUNNING,50.0,153.46925354003906,4.452784061431885,40.50876235961914,40.50876235961914,41.30287196090023,-0.00024840713012963533,0.8072855472564697,0.0,209.0449981689453,1.3700000047683716,40.000152587890625,GazeDirection.CENTER,47.0,210.63499450683594,1.3700000047683716,39.9900016784668
0,0,1630,ScenarioState.RUNNING,50.0,155.08978271484375,4.443943023681641,40.51622772216797,40.51622772216797,41.30287196090023,5.3602972911903635e-05,0.7981493473052979,0.0,210.63499450683594,1.3700000047683716,39.749908447265625,GazeDirection.CENTER,47.0,212.22499084472656,1.3700000047683716,39.9900016784668
0,0,1631,ScenarioState.RUNNING,50.0,156.71055603027344,4.435114860534668,40.52091979980469,40.52091979980469,41.273034066797166,0.0001539580407552421,0.7608197331428528,0.0,212.22499084472656,1.3700000047683716,39.749908447265625,GazeDirection.CENTER,47.0,213.8249969482422,1.3700000047683716,40.0
0,0,1632,ScenarioState.RUNNING,50.0,158.33139038085938,4.4262800216674805,40.521480560302734,40.521480560302734,41.273034066797166,-0.00016005571524146944,0.7561168074607849,0.0,213.8249969482422,1.3700000047683716,40.000152587890625,GazeDirection.CENTER,47.0,215.42498779296875,1.3700000047683716,40.0099983215332
0,0,1633,ScenarioState.RUNNING,50.0,159.95211791992188,4.417444705963135,40.51835632324219,40.51835632324219,41.273034066797166,2.2467358576250263e-05,0.7555478811264038,0.0,215.42498779296875,1.3700000047683716,39.99977111816406,GazeDirection.CENTER,47.0,217.02499389648438,1.3700000047683716,40.0099983215332
0,0,1634,ScenarioState.RUNNING,50.0,161.5726776123047,4.408618450164795,40.51348114013672,40.51348114013672,41.3252298862957,8.528543548891321e-05,0.810888946056366,0.0,217.02499389648438,1.3700000047683716,40.000152587890625,GazeDirection.CENTER,47.0,218.625,1.3700000047683716,40.02000427246094
0,0,1635,ScenarioState.RUNNING,50.0,163.1930694580078,4.399788856506348,40.50993347167969,40.50993347167969,41.3252298862957,-0.00011570032074814662,0.815744161605835,0.0,218.625,1.3700000047683716,40.000152587890625,GazeDirection.CENTER,47.0,220.23500061035156,1.3700000047683716,40.02000427246094
0,0,1636,ScenarioState.RUNNING,50.0,164.8133544921875,4.390961170196533,40.50794219970703,40.50794219970703,41.3252298862957,4.9464342737337574e-05,0.8192731142044067,0.0,220.23500061035156,1.3700000047683716,40.25001525878906,GazeDirection.CENTER,47.0,221.83499145507812,1.3700000047683716,40.03001022338867
0,0,1637,ScenarioState.RUNNING,50.0,166.4336700439453,4.382139205932617,40.50804138183594,40.50804138183594,41.352895536322784,5.403640534495935e-05,0.84892737865448,0.0,221.83499145507812,1.3700000047683716,39.99977111816406,GazeDirection.CENTER,47.0,223.42498779296875,1.3700000047683716,40.03001022338867
0,0,1638,ScenarioState.RUNNING,50.0,168.05401611328125,4.373321056365967,40.511234283447266,40.511234283447266,41.352895536322784,5.403640534495935e-05,0.84892737865448,0.0,223.42498779296875,1.3700000047683716,39.749908447265625,GazeDirection.CENTER,47.0,225.02499389648438,1.3700000047683716,40.04001235961914
0,0,1639,ScenarioState.RUNNING,50.0,169.6746063232422,4.364495277404785,40.516929626464844,40.516929626464844,41.352895536322784,-0.0001286068873014301,0.8456712365150452,0.0,225.02499389648438,1.3700000047683716,40.000152587890625,GazeDirection.CENTER,47.0,226.63499450683594,1.3600000143051147,40.04001998901367
0,0,1640,ScenarioState.RUNNING,50.0,171.29544067382812,4.355666637420654,40.523597717285156,40.523597717285156,41.31838618908118,-1.7958951502805576e-05,0.8054702281951904,0.0,226.63499450683594,1.3600000143051147,40.25079345703125,GazeDirection.CENTER,47.0,228.22499084472656,1.3600000143051147,40.050018310546875
0,0,1641,ScenarioState.RUNNING,50.0,172.91653442382812,4.346838474273682,40.528968811035156,40.528968811035156,41.31838618908118,2.9624748094647657e-06,0.7988211512565613,0.0,228.22499084472656,1.3600000143051147,39.749908447265625,GazeDirection.CENTER,47.0,229.8249969482422,1.3600000143051147,40.05002975463867
0,0,1642,ScenarioState.RUNNING,50.0,174.5377960205078,4.338014602661133,40.53273010253906,40.53273010253906,41.31838618908118,7.228073081932962e-05,0.7934686541557312,0.0,229.8249969482422,1.3600000143051147,40.000152587890625,GazeDirection.CENTER,47.0,231.43499755859375,1.3600000143051147,40.06003189086914
0,0,1643,ScenarioState.RUNNING,50.0,176.1591339111328,4.329190731048584,40.53507614135742,40.53507614135742,41.329475191411476,-1.7978507457883097e-05,0.8008189797401428,0.0,231.43499755859375,1.3600000143051147,40.25001525878906,GazeDirection.CENTER,47.0,233.0349884033203,1.350000023841858,40.06003189086914
0,0,1644,ScenarioState.RUNNING,50.0,177.78054809570312,4.32036018371582,40.53656768798828,40.53656768798828,41.329475191411476,-9.360333206132054e-05,0.798466682434082,0.0,233.0349884033203,1.350000023841858,40.000553131103516,GazeDirection.CENTER,47.0,234.64498901367188,1.350000023841858,40.070045471191406
0,0,1645,ScenarioState.RUNNING,50.0,179.40200805664062,4.311532020568848,40.53725051879883,40.53725051879883,41.329475191411476,6.776331429136917e-05,0.7969657182693481,0.0,234.64498901367188,1.350000023841858,40.25001525878906,GazeDirection.CENTER,47.0,236.2449951171875,1.350000023841858,40.070045471191406
0,0,1646,ScenarioState.RUNNING,50.0,181.02349853515625,4.302709102630615,40.537208557128906,40.537208557128906,41.370554314036625,6.776331429136917e-05,0.7969657182693481,0.0,236.2449951171875,1.350000023841858,40.000152587890625,GazeDirection.CENTER,47.0,237.85499572753906,1.3399999141693115,40.08004379272461
0,0,1647,ScenarioState.RUNNING,50.0,182.64495849609375,4.293878555297852,40.537479400634766,40.537479400634766,41.370554314036625,-0.00013259242405183613,0.8374071717262268,0.0,237.85499572753906,1.3399999141693115,40.25079345703125,GazeDirection.CENTER,47.0,239.4550018310547,1.3399999141693115,40.08004379272461
0,0,1648,ScenarioState.RUNNING,50.0,184.2664794921875,4.285046100616455,40.53990936279297,40.53990936279297,41.370554314036625,1.6304142263834365e-05,0.8371304869651794,0.0,239.4550018310547,1.3399999141693115,40.000152587890625,GazeDirection.CENTER,47.0,241.0649871826172,1.3399999141693115,40.09006118774414
0,0,1649,ScenarioState.RUNNING,50.0,185.8881378173828,4.276217937469482,40.54332733154297,40.54332733154297,41.33455429108527,7.803721382515505e-05,0.7986769676208496,0.0,241.0649871826172,1.3399999141693115,40.2496337890625,GazeDirection.CENTER,47.0,242.67498779296875,1.3299999237060547,40.09006118774414
0,0,1650,ScenarioState.RUNNING,50.0,187.50991821289062,4.267385959625244,40.545658111572266,40.545658111572266,41.33455429108527,-6.39801291981712e-05,0.7952538728713989,0.0,242.67498779296875,1.3299999237060547,40.25079345703125,GazeDirection.CENTER,47.0,244.2949981689453,1.3299999237060547,40.100059509277344
0,0,1651,ScenarioState.RUNNING,50.0,189.1317596435547,4.258551597595215,40.5467529296875,40.5467529296875,41.33455429108527,-5.654766027873848e-06,0.7929201722145081,0.0,244.2949981689453,1.3299999237060547,40.50025939941406,GazeDirection.CENTER,47.0,245.89498901367188,1.3299999237060547,40.100059509277344
0,0,1652,ScenarioState.RUNNING,50.0,190.75363159179688,4.249717712402344,40.54816436767578,40.54816436767578,41.40390342868222,3.0234486985136755e-05,0.8612083196640015,0.0,245.89498901367188,1.3299999237060547,39.99977111816406,GazeDirection.CENTER,47.0,247.50498962402344,1.3199999332427979,40.11006164550781
0,0,1653,ScenarioState.RUNNING,50.0,192.3756561279297,4.240880489349365,40.553070068359375,40.553070068359375,41.40390342868222,-3.1406510970555246e-05,0.859826385974884,0.0,247.50498962402344,1.3199999332427979,40.25079345703125,GazeDirection.CENTER,47.0,249.114990234375,1.3199999332427979,40.11006164550781
0,0,1654,ScenarioState.RUNNING,50.0,193.9979705810547,4.232041358947754,40.560874938964844,40.560874938964844,41.40390342868222,7.158826974773547e-06,0.8549489378929138,0.0,249.114990234375,1.3199999332427979,40.25001525878906,GazeDirection.CENTER,47.0,250.71499633789062,1.3199999332427979,40.120059967041016
0,0,1655,ScenarioState.RUNNING,50.0,195.62062072753906,4.223199367523193,40.57011032104492,40.57011032104492,41.38137753929591,7.524923603341449e-06,0.8246319890022278,0.0,250.71499633789062,1.3199999332427979,40.000152587890625,GazeDirection.CENTER,47.0,252.3249969482422,1.309999942779541,40.120059967041016
0,0,1656,ScenarioState.RUNNING,50.0,197.24366760253906,4.214354038238525,40.57883834838867,40.57883834838867,41.38137753929591,-2.1403509890660644e-05,0.8153855800628662,0.0,252.3249969482422,1.309999942779541,40.25079345703125,GazeDirection.CENTER,47.0,253.9149932861328,1.309999942779541,40.120059967041016
0,0,1657,ScenarioState.RUNNING,50.0,198.86700439453125,4.205503463745117,40.58660125732422,40.58660125732422,41.38137753929591,-2.1403509890660644e-05,0.8153855800628662,0.0,253.9149932861328,1.309999942779541,39.749908447265625,GazeDirection.CENTER,47.0,255.51499938964844,1.309999942779541,40.130062103271484
0,0,1658,ScenarioState.RUNNING,50.0,200.4906005859375,4.196652889251709,40.59164810180664,40.59164810180664,41.312081806519934,4.541891030385159e-05,0.7295296788215637,0.0,255.51499938964844,1.309999942779541,40.000152587890625,GazeDirection.CENTER,47.0,257.125,1.309999942779541,40.130062103271484
0,0,1659,ScenarioState.RUNNING,50.0,202.11422729492188,4.187801361083984,40.59031677246094,40.59031677246094,41.312081806519934,-9.42950282478705e-06,0.7244457602500916,0.0,257.125,1.309999942779541,40.25001525878906,GazeDirection.CENTER,47.0,258.7349853515625,1.2999999523162842,40.14006042480469
0,0,1660,ScenarioState.RUNNING,50.0,203.7375946044922,4.178948402404785,40.58335876464844,40.58335876464844,41.312081806519934,-2.2716882085660473e-05,0.7257423400878906,0.0,258.7349853515625,1.2999999523162842,40.25041198730469,GazeDirection.CENTER,47.0,260.32501220703125,1.2999999523162842,40.14006042480469
0,0,1661,ScenarioState.RUNNING,50.0,205.360595703125,4.170095920562744,40.57373809814453,40.57373809814453,41.405963115502644,-1.193783418784733e-07,0.8265985250473022,0.0,260.32501220703125,1.2999999523162842,39.75067138671875,GazeDirection.CENTER,47.0,261.93499755859375,1.2999999523162842,40.14006042480469
0,0,1662,ScenarioState.RUNNING,50.0,206.9833221435547,4.161244869232178,40.567203521728516,40.567203521728516,41.405963115502644,1.9552939193090424e-05,0.8362067341804504,0.0,261.93499755859375,1.2999999523162842,40.2496337890625,GazeDirection.CENTER,47.0,263.5450134277344,1.2999999523162842,40.150062561035156
0,0,1663,ScenarioState.RUNNING,50.0,208.6058807373047,4.152393817901611,40.5643310546875,40.5643310546875,41.405963115502644,-9.009086170408409e-06,0.8427327871322632,0.0,263.5450134277344,1.2999999523162842,40.250396728515625,GazeDirection.CENTER,47.0,265.1650085449219,1.2899999618530273,40.150062561035156
0,0,1664,ScenarioState.RUNNING,50.0,210.22845458984375,4.143540859222412,40.564456939697266,40.564456939697266,41.3904985664339,-9.965708159143105e-06,0.8301283717155457,0.0,265.1650085449219,1.2899999618530273,40.500648498535156,GazeDirection.CENTER,47.0,266.7749938964844,1.2899999618530273,40.150062561035156
0,0,1665,ScenarioState.RUNNING,50.0,211.85104370117188,4.1346869468688965,40.56639862060547,40.56639862060547,41.3904985664339,1.8311947087568115e-06,0.8300052881240845,0.0,266.7749938964844,1.2899999618530273,40.2496337890625,GazeDirection.CENTER,47.0,268.375,1.2899999618530273,40.16006088256836
0,0,1666,ScenarioState.RUNNING,50.0,213.47377014160156,4.125831127166748,40.56971740722656,40.56971740722656,41.3904985664339,2.9994505439390196e-06,0.8280699849128723,0.0,268.375,1.2899999618530273,40.000152587890625,GazeDirection.CENTER,47.0,269.9849853515625,1.2899999618530273,40.16006088256836
0,0,1667,ScenarioState.RUNNING,50.0,215.0966339111328,4.116973876953125,40.57310104370117,40.57310104370117,41.35178546502599,-8.1177613537875e-06,0.7860279083251953,0.0,269.9849853515625,1.2899999618530273,40.2496337890625,GazeDirection.CENTER,47.0,271.5950012207031,1.2799999713897705,40.16006088256836
0,0,1668,ScenarioState.RUNNING,50.0,216.7196044921875,4.1081156730651855,40.57448196411133,40.57448196411133,41.35178546502599,5.805752607557224e-06,0.7826708555221558,0.0,271.5950012207031,1.2799999713897705,40.25117492675781,GazeDirection.CENTER,47.0,273.19500732421875,1.2799999713897705,40.17005920410156
0,0,1669,ScenarioState.RUNNING,50.0,218.3425750732422,4.099256992340088,40.57389831542969,40.57389831542969,41.35178546502599,4.06335902880528e-06,0.7813183665275574,0.0,273.19500732421875,1.2799999713897705,40.000152587890625,GazeDirection.CENTER,47.0,274.7950134277344,1.2799999713897705,40.17005920410156
0,0,1670,ScenarioState.RUNNING,50.0,219.96543884277344,4.090396404266357,40.57179641723633,40.57179641723633,41.35666256985703,-1.9190931197954342e-05,0.7868096232414246,0.0,274.7950134277344,1.2799999713897705,40.000152587890625,GazeDirection.CENTER,47.0,276.4049987792969,1.2799999713897705,40.17005920410156
0,0,1671,ScenarioState.RUNNING,50.0,221.58819580078125,4.081536769866943,40.568782806396484,40.568782806396484,41.35666256985703,1.0369565643486567e-05,0.7888926267623901,0.0,276.4049987792969,1.2799999713897705,40.2496337890625,GazeDirection.CENTER,47.0,277.9949951171875,1.2699999809265137,40.18006134033203
0,0,1672,ScenarioState.RUNNING,50.0,223.21083068847656,4.072677135467529,40.56521987915039,40.56521987915039,41.35666256985703,5.4663123592035845e-06,0.7918840646743774,0.0,277.9949951171875,1.2699999809265137,39.750694274902344,GazeDirection.CENTER,47.0,279.6050109863281,1.2699999809265137,40.18006134033203
0,0,1673,ScenarioState.RUNNING,50.0,224.8332977294922,4.063817501068115,40.56029510498047,40.56029510498047,41.305006616923045,-1.7353488146909513e-05,0.7437415719032288,0.0,279.6050109863281,1.2699999809265137,40.250396728515625,GazeDirection.CENTER,47.0,281.2049865722656,1.2699999809265137,40.18006134033203
0,0,1674,ScenarioState.RUNNING,50.0,226.4554901123047,4.054957389831543,40.552005767822266,40.552005767822266,41.305006616923045,-1.7353488146909513e-05,0.7437415719032288,0.0,281.2049865722656,1.2699999809265137,39.9993896484375,GazeDirection.CENTER,47.0,282.81500244140625,1.2599999904632568,40.190059661865234
0,0,1675,ScenarioState.RUNNING,50.0,228.07723999023438,4.04610013961792,40.54117202758789,40.54117202758789,41.305006616923045,3.172378637827933e-05,0.7568784356117249,0.0,282.81500244140625,1.2599999904632568,40.25117492675781,GazeDirection.CENTER,47.0,284.42498779296875,1.2599999904632568,40.190059661865234
0,0,1676,ScenarioState.RUNNING,50.0,229.6985321044922,4.037246227264404,40.53055953979492,40.53055953979492,41.380061186280926,-1.1558853429960436e-06,0.8427741527557373,0.0,284.42498779296875,1.2599999904632568,40.2496337890625,GazeDirection.CENTER,47.0,286.0350036621094,1.2599999904632568,40.190059661865234
0,0,1677,ScenarioState.RUNNING,50.0,231.31951904296875,4.028392314910889,40.52462387084961,40.52462387084961,41.380061186280926,-6.21063827566104e-06,0.8534203171730042,0.0,286.0350036621094,1.2599999904632568,40.250396728515625,GazeDirection.CENTER,47.0,287.6549987792969,1.25,40.2000617980957
0,0,1678,ScenarioState.RUNNING,50.0,232.9404754638672,4.019538879394531,40.52349853515625,40.52349853515625,41.380061186280926,-1.238234858647047e-06,0.859394371509552,0.0,287.6549987792969,1.25,40.500648498535156,GazeDirection.CENTER,47.0,289.2650146484375,1.25,40.2000617980957
0,0,1679,ScenarioState.RUNNING,50.0,234.5614776611328,4.010684013366699,40.52676010131836,40.52676010131836,41.388566338369834,-1.957799668161897e-06,0.8690687417984009,0.0,289.2650146484375,1.25,40.250396728515625,GazeDirection.CENTER,47.0,290.864990234375,1.25,40.2000617980957
0,0,1680,ScenarioState.RUNNING,50.0,236.18272399902344,4.001827716827393,40.53394317626953,40.53394317626953,41.388566338369834,6.452470188378356e-06,0.8658466935157776,0.0,290.864990234375,1.25,39.9993896484375,GazeDirection.CENTER,47.0,292.4750061035156,1.2400000095367432,40.210060119628906
0,0,1681,ScenarioState.RUNNING,50.0,237.80433654785156,3.9929685592651367,40.54399108886719,40.54399108886719,41.388566338369834,-1.2050319128320552e-05,0.8586984872817993,0.0,292.4750061035156,1.2400000095367432,40.25117492675781,GazeDirection.CENTER,47.0,294.0849914550781,1.2400000095367432,40.21004104614258
0,0,1682,ScenarioState.RUNNING,50.0,239.42642211914062,3.9841058254241943,40.55598068237305,40.55598068237305,41.36784682914407,-1.2050319128320552e-05,0.8586984872817993,0.0,294.0849914550781,1.2400000095367432,40.2496337890625,GazeDirection.CENTER,47.0,295.69500732421875,1.2400000095367432,40.21004104614258
0,0,1683,ScenarioState.RUNNING,50.0,241.04901123046875,3.9752395153045654,40.56949234008789,40.56949234008789,41.36784682914407,-1.2050319128320552e-05,0.8586984872817993,0.0,295.69500732421875,1.2400000095367432,40.250396728515625,GazeDirection.CENTER,47.0,297.31500244140625,1.2300000190734863,40.22004318237305
0,0,1684,ScenarioState.RUNNING,50.0,242.6721649169922,3.966371774673462,40.58295822143555,40.58295822143555,41.36784682914407,3.8459293136838824e-05,0.802510678768158,0.0,297.31500244140625,1.2300000190734863,40.500648498535156,GazeDirection.CENTER,47.0,298.92498779296875,1.2300000190734863,40.22004318237305
0,0,1685,ScenarioState.RUNNING,50.0,244.29579162597656,3.957501173019409,40.59459686279297,40.59459686279297,41.420258396332976,-6.3649654293840285e-06,0.8414985537528992,0.0,298.92498779296875,1.2300000190734863,40.2496337890625,GazeDirection.CENTER,47.0,300.5249938964844,1.2300000190734863,40.22003173828125
0,0,1686,ScenarioState.RUNNING,50.0,245.9198760986328,3.94862699508667,40.60615158081055,40.60615158081055,41.420258396332976,-1.3188998309487943e-05,0.8298532962799072,0.0,300.5249938964844,1.2300000190734863,40.000152587890625,GazeDirection.CENTER,47.0,302.1349792480469,1.2300000190734863,40.22003173828125
0,0,1687,ScenarioState.RUNNING,50.0,247.5443878173828,3.9397499561309814,40.61695861816406,40.61695861816406,41.420258396332976,4.020904270873871e-06,0.8182808756828308,0.0,302.1349792480469,1.2300000190734863,40.2496337890625,GazeDirection.CENTER,47.0,303.7349853515625,1.2300000190734863,40.23003005981445
0,0,1688,ScenarioState.RUNNING,50.0,249.16929626464844,3.9308714866638184,40.6262321472168,40.6262321472168,41.41537997692622,4.63746164314216e-06,0.8025668859481812,0.0,303.7349853515625,1.2300000190734863,40.000152587890625,GazeDirection.CENTER,47.0,305.3450012207031,1.2200000286102295,40.23003005981445
0,0,1689,ScenarioState.RUNNING,50.0,250.79446411132812,3.9219908714294434,40.6332893371582,40.6332893371582,41.41537997692622,-3.983894657721976e-06,0.7932553887367249,0.0,305.3450012207031,1.2200000286102295,40.25117492675781,GazeDirection.CENTER,47.0,306.9549865722656,1.2200000286102295,40.230018615722656
0,0,1690,ScenarioState.RUNNING,50.0,252.41989135742188,3.913109064102173,40.637901306152344,40.637901306152344,41.41537997692622,-7.237302725116024e-06,0.7861583828926086,0.0,306.9549865722656,1.2200000286102295,40.2496337890625,GazeDirection.CENTER,47.0,308.56500244140625,1.2200000286102295,40.240020751953125
0,0,1691,ScenarioState.RUNNING,50.0,254.04542541503906,3.904226064682007,40.640472412109375,40.640472412109375,41.4329954280313,3.6236194773664465e-06,0.7991320490837097,0.0,308.56500244140625,1.2200000286102295,40.250396728515625,GazeDirection.CENTER,47.0,310.17498779296875,1.2200000286102295,40.240020751953125
0,0,1692,ScenarioState.RUNNING,50.0,255.67103576660156,3.89534330368042,40.6419792175293,40.6419792175293,41.4329954280313,3.6236194773664465e-06,0.7991320490837097,0.0,310.17498779296875,1.2200000286102295,40.2496337890625,GazeDirection.CENTER,47.0,311.7850036621094,1.2200000286102295,40.240020751953125
0,0,1693,ScenarioState.RUNNING,50.0,257.2967224121094,3.886460065841675,40.6425895690918,40.6425895690918,41.4329954280313,-7.1591639425605536e-06,0.7950280904769897,0.0,311.7850036621094,1.2200000286102295,40.250396728515625,GazeDirection.CENTER,47.0,313.3849792480469,1.2200000286102295,40.2500114440918
0,0,1694,ScenarioState.RUNNING,50.0,258.92236328125,3.877577066421509,40.642398834228516,40.642398834228516,41.43864233136836,4.001190063718241e-06,0.8000634908676147,0.0,313.3849792480469,1.2200000286102295,39.9993896484375,GazeDirection.CENTER,47.0,314.9949951171875,1.2200000286102295,40.2500114440918
0,0,1695,ScenarioState.RUNNING,50.0,260.5480041503906,3.8686952590942383,40.64180374145508,40.64180374145508,41.43864233136836,5.130318641022313e-06,0.8002336621284485,0.0,314.9949951171875,1.2200000286102295,40.250396728515625,GazeDirection.CENTER,47.0,316.5950012207031,1.209999918937683,40.2500114440918
0,0,1696,ScenarioState.RUNNING,50.0,262.1736145019531,3.8598132133483887,40.640907287597656,40.640907287597656,41.43864233136836,-7.908603038231377e-06,0.8008143305778503,0.0,316.5950012207031,1.209999918937683,40.00093460083008,GazeDirection.CENTER,47.0,318.2049865722656,1.209999918937683,40.2500114440918
0,0,1697,ScenarioState.RUNNING,50.0,263.7991638183594,3.850930690765381,40.63890075683594,40.63890075683594,41.39664558853852,-8.224563316616695e-06,0.7596848607063293,0.0,318.2049865722656,1.209999918937683,40.2496337890625,GazeDirection.CENTER,47.0,319.81500244140625,1.209999918937683,40.26000213623047
0,0,1698,ScenarioState.RUNNING,50.0,265.4245300292969,3.842050075531006,40.63408279418945,40.63408279418945,41.39664558853852,1.5032108422019519e-05,0.7616710662841797,0.0,319.81500244140625,1.209999918937683,40.250396728515625,GazeDirection.CENTER,47.0,321.42498779296875,1.209999918937683,40.26000213623047
0,0,1699,ScenarioState.RUNNING,50.0,267.0497131347656,3.833171844482422,40.62709045410156,40.62709045410156,41.39664558853852,4.016208094981266e-06,0.7664757370948792,0.0,321.42498779296875,1.209999918937683,40.2496337890625,GazeDirection.CENTER,47.0,323.0450134277344,1.209999918937683,40.26000213623047
0,0,1700,ScenarioState.RUNNING,50.0,268.674560546875,3.824294328689575,40.619571685791016,40.619571685791016,41.43311508099252,-2.0044821212650277e-05,0.809949517250061,0.0,323.0450134277344,1.209999918937683,40.500640869140625,GazeDirection.CENTER,47.0,324.66497802734375,1.209999918937683,40.27000427246094
0,0,1701,ScenarioState.RUNNING,50.0,270.2991638183594,3.815418243408203,40.61387634277344,40.61387634277344,41.43311508099252,9.916657290887088e-07,0.8174775242805481,0.0,324.66497802734375,1.209999918937683,40.499114990234375,GazeDirection.CENTER,47.0,326.2749938964844,1.209999918937683,40.27000427246094
0,0,1702,ScenarioState.RUNNING,50.0,271.9235534667969,3.8065438270568848,40.61027908325195,40.61027908325195,41.43311508099252,1.4052183360035997e-05,0.8231862187385559,0.0,326.2749938964844,1.209999918937683,40.250396728515625,GazeDirection.CENTER,47.0,327.8849792480469,1.209999918937683,40.27000427246094
0,0,1703,ScenarioState.RUNNING,50.0,273.54791259765625,3.797670602798462,40.60843276977539,40.60843276977539,41.419987948791835,-8.231045285356231e-06,0.8136656880378723,0.0,327.8849792480469,1.209999918937683,40.2496337890625,GazeDirection.CENTER,47.0,329.5050048828125,1.209999918937683,40.27000427246094
0,0,1704,ScenarioState.RUNNING,50.0,275.1722106933594,3.78879714012146,40.60761642456055,40.60761642456055,41.419987948791835,-2.2080305939198297e-07,0.8155197501182556,0.0,329.5050048828125,1.209999918937683,40.500640869140625,GazeDirection.CENTER,47.0,331.114990234375,1.209999918937683,40.279998779296875
0,0,1705,ScenarioState.RUNNING,50.0,276.7965087890625,3.779923677444458,40.607696533203125,40.607696533203125,41.419987948791835,2.199869413743727e-06,0.8163442015647888,0.0,331.114990234375,1.209999918937683,40.2496337890625,GazeDirection.CENTER,47.0,332.7250061035156,1.209999918937683,40.279998779296875
0,0,1706,ScenarioState.RUNNING,50.0,278.42083740234375,3.771050214767456,40.608436584472656,40.608436584472656,41.415702097041624,-9.099435374082532e-06,0.8119838237762451,0.0,332.7250061035156,1.209999918937683,40.250396728515625,GazeDirection.CENTER,47.0,334.3450012207031,1.209999918937683,40.279998779296875
0,0,1707,ScenarioState.RUNNING,50.0,280.0451965332031,3.7621772289276123,40.6094856262207,40.6094856262207,41.415702097041624,1.0722708793764468e-05,0.8112695217132568,0.0,334.3450012207031,1.209999918937683,40.4998779296875,GazeDirection.CENTER,47.0,335.9549865722656,1.209999918937683,40.290000915527344
0,0,1708,ScenarioState.RUNNING,50.0,281.6695556640625,3.7533037662506104,40.610713958740234,40.610713958740234,41.415702097041624,-9.657474947744049e-06,0.8102447390556335,0.0,335.9549865722656,1.209999918937683,40.2496337890625,GazeDirection.CENTER,47.0,337.5749816894531,1.209999918937683,40.290000915527344
0,0,1709,ScenarioState.RUNNING,50.0,283.2940368652344,3.7444305419921875,40.612030029296875,40.612030029296875,41.41684674247661,1.6632683355055633e-06,0.8101828098297119,0.0,337.5749816894531,1.209999918937683,40.4998779296875,GazeDirection.CENTER,47.0,339.18499755859375,1.209999918937683,40.290000915527344
0,0,1710,ScenarioState.RUNNING,50.0,284.91851806640625,3.7355570793151855,40.61338806152344,40.61338806152344,41.41684674247661,-1.837174863794644e-06,0.8088661432266235,0.0,339.18499755859375,1.209999918937683,40.250396728515625,GazeDirection.CENTER,47.0,340.79498291015625,1.209999918937683,40.290000915527344
0,0,1711,ScenarioState.RUNNING,50.0,286.5430908203125,3.7266838550567627,40.614681243896484,40.614681243896484,41.41684674247661,1.2760705430991948e-05,0.8075030446052551,0.0,340.79498291015625,1.209999918937683,40.2496337890625,GazeDirection.CENTER,47.0,342.4049987792969,1.209999918937683,40.30000305175781
0,0,1712,ScenarioState.RUNNING,50.0,288.1676940917969,3.7178118228912354,40.615848541259766,40.615848541259766,41.419318063751206,1.2760705430991948e-05,0.8075030446052551,0.0,342.4049987792969,1.209999918937683,40.250396728515625,GazeDirection.CENTER,47.0,344.0050048828125,1.209999918937683,40.30000305175781
0,0,1713,ScenarioState.RUNNING,50.0,289.7923278808594,3.708937644958496,40.616905212402344,40.616905212402344,41.419318063751206,-3.7661702663172036e-05,0.8075034618377686,0.0,344.0050048828125,1.209999918937683,40.000152587890625,GazeDirection.CENTER,47.0,345.614990234375,1.209999918937683,40.30000305175781
0,0,1714,ScenarioState.RUNNING,50.0,291.4169921875,3.7000603675842285,40.617881774902344,40.617881774902344,41.419318063751206,-3.7661702663172036e-05,0.8075034618377686,0.0,345.614990234375,1.209999918937683,40.2496337890625,GazeDirection.CENTER,47.0,347.2250061035156,1.209999918937683,40.31001281738281
0,0,1715,ScenarioState.RUNNING,50.0,293.0417175292969,3.69118070602417,40.61879348754883,40.61879348754883,41.42148422603419,-3.7661702663172036e-05,0.8075034618377686,0.0,347.2250061035156,1.209999918937683,40.250396728515625,GazeDirection.CENTER,47.0,348.8349914550781,1.209999918937683,40.31001281738281
0,0,1716,ScenarioState.RUNNING,50.0,294.6664733886719,3.682298183441162,40.61964797973633,40.61964797973633,41.42148422603419,-3.7661702663172036e-05,0.8075034618377686,0.0,348.8349914550781,1.209999918937683,40.2496337890625,GazeDirection.CENTER,47.0,350.44500732421875,1.209999918937683,40.31001281738281
0,0,1717,ScenarioState.RUNNING,50.0,296.2912292480469,3.6734111309051514,40.62046432495117,40.62046432495117,41.42148422603419,-3.7661702663172036e-05,0.8075034618377686,0.0,350.44500732421875,1.209999918937683,40.250396728515625,GazeDirection.CENTER,47.0,352.06500244140625,1.2200000286102295,40.320011138916016
0,0,1718,ScenarioState.RUNNING,50.0,297.91607666015625,3.664534568786621,40.621219635009766,40.621219635009766,41.42327642407854,0.00022637298388872296,0.8068300485610962,0.0,352.06500244140625,1.2200000286102295,40.500648498535156,GazeDirection.CENTER,47.0,353.68499755859375,1.2200000286102295,40.32001876831055
0,0,1719,ScenarioState.RUNNING,50.0,299.5409240722656,3.655658483505249,40.621883392333984,40.621883392333984,41.42327642407854,-5.6030298765108455e-06,0.8060727119445801,0.0,353.68499755859375,1.2200000286102295,40.4998779296875,GazeDirection.CENTER,47.0,355.30499267578125,1.2200000286102295,40.32001876831055
0,0,1720,ScenarioState.RUNNING,50.0,301.1657409667969,3.6467714309692383,40.62241744995117,40.62241744995117,41.42327642407854,-0.00012028511991957203,0.8054072260856628,0.0,355.30499267578125,1.2200000286102295,40.4998779296875,GazeDirection.CENTER,47.0,356.92498779296875,1.2200000286102295,40.32001876831055
0,0,1721,ScenarioState.RUNNING,50.0,302.7906494140625,3.637883186340332,40.623538970947266,40.623538970947266,41.45615435757478,2.7013920771423727e-05,0.8377662301063538,0.0,356.92498779296875,1.2200000286102295,40.4998779296875,GazeDirection.CENTER,47.0,358.54498291015625,1.2200000286102295,40.330020904541016
0,0,1722,ScenarioState.RUNNING,50.0,304.4156799316406,3.628997802734375,40.62664031982422,40.62664031982422,41.45615435757478,5.2634939493145794e-05,0.8366587162017822,0.0,358.54498291015625,1.2200000286102295,40.4998779296875,GazeDirection.CENTER,47.0,360.1549987792969,1.2200000286102295,40.33003234863281
0,0,1723,ScenarioState.RUNNING,50.0,306.04083251953125,3.6201112270355225,40.631309509277344,40.631309509277344,41.45615435757478,-1.9353547031641938e-05,0.8335703611373901,0.0,360.1549987792969,1.2200000286102295,40.250396728515625,GazeDirection.CENTER,47.0,361.7449951171875,1.2300000190734863,40.33003234863281
0,0,1724,ScenarioState.RUNNING,50.0,307.6662292480469,3.6112213134765625,40.636356353759766,40.636356353759766,41.42772763727079,-2.1834597646375187e-05,0.8004714846611023,0.0,361.7449951171875,1.2300000190734863,39.750694274902344,GazeDirection.CENTER,47.0,363.3450012207031,1.2300000190734863,40.340030670166016
0,0,1725,ScenarioState.RUNNING,50.0,309.291748046875,3.602330446243286,40.640010833740234,40.640010833740234,41.42772763727079,8.162434824043885e-06,0.7954185009002686,0.0,363.3450012207031,1.2300000190734863,40.000152587890625,GazeDirection.CENTER,47.0,364.9549865722656,1.2300000190734863,40.340030670166016
0,0,1726,ScenarioState.RUNNING,50.0,310.9173889160156,3.5934417247772217,40.64210891723633,40.64210891723633,41.42772763727079,2.147164923371747e-05,0.7917565107345581,0.0,364.9549865722656,1.2300000190734863,40.2496337890625,GazeDirection.CENTER,47.0,366.56500244140625,1.2300000190734863,40.35004425048828
0,0,1727,ScenarioState.RUNNING,50.0,312.5430908203125,3.5845532417297363,40.64290237426758,40.64290237426758,41.43609724237408,-2.3330926524067763e-06,0.7980241179466248,0.0,366.56500244140625,1.2300000190734863,40.250396728515625,GazeDirection.CENTER,47.0,368.17498779296875,1.2400000095367432,40.35004425048828
0,0,1728,ScenarioState.RUNNING,50.0,314.1687927246094,3.5756630897521973,40.642913818359375,40.642913818359375,41.43609724237408,-3.4881140891229734e-05,0.7972258925437927,0.0,368.17498779296875,1.2400000095367432,40.25041198730469,GazeDirection.CENTER,47.0,369.7749938964844,1.2400000095367432,40.35004425048828
0,0,1729,ScenarioState.RUNNING,50.0,315.79449462890625,3.566774845123291,40.64228820800781,40.64228820800781,41.43609724237408,2.670186950126663e-05,0.7972099781036377,0.0,369.7749938964844,1.2400000095367432,40.000152587890625,GazeDirection.CENTER,47.0,371.3949890136719,1.2400000095367432,40.36004638671875
0,0,1730,ScenarioState.RUNNING,50.0,317.4200744628906,3.557888984680176,40.64024353027344,40.64024353027344,41.39534602554617,1.634923137316946e-05,0.7570602297782898,0.0,371.3949890136719,1.2400000095367432,40.4998779296875,GazeDirection.CENTER,47.0,373.0050048828125,1.25,40.36004638671875
0,0,1731,ScenarioState.RUNNING,50.0,319.0455322265625,3.5490026473999023,40.63521194458008,40.63521194458008,41.39534602554617,-4.246409662300721e-05,0.759065568447113,0.0,373.0050048828125,1.25,40.25117492675781,GazeDirection.CENTER,47.0,374.6349792480469,1.25,40.36004638671875
0,0,1732,ScenarioState.RUNNING,50.0,320.6706848144531,3.540119171142578,40.62785339355469,40.62785339355469,41.39534602554617,2.2173047909745947e-05,0.764060914516449,0.0,374.6349792480469,1.25,40.749359130859375,GazeDirection.CENTER,47.0,376.2550048828125,1.25,40.370059967041016
0,0,1733,ScenarioState.RUNNING,50.0,322.2955322265625,3.531240463256836,40.62065505981445,40.62065505981445,41.487400384815,2.392149508523289e-05,0.8634888529777527,0.0,376.2550048828125,1.25,40.500640869140625,GazeDirection.CENTER,47.0,377.875,1.25,40.370059967041016
0,0,1734,ScenarioState.RUNNING,50.0,323.9202575683594,3.5223612785339355,40.618690490722656,40.618690490722656,41.487400384815,-3.710009696078487e-05,0.8707223534584045,0.0,377.875,1.25,40.4998779296875,GazeDirection.CENTER,47.0,379.4849853515625,1.2599999904632568,40.380062103271484
0,0,1735,ScenarioState.RUNNING,50.0,325.5450439453125,3.5134825706481934,40.62186813354492,40.62186813354492,41.487400384815,6.8331232796481345e-06,0.8727256059646606,0.0,379.4849853515625,1.2599999904632568,40.25041198730469,GazeDirection.CENTER,47.0,381.10498046875,1.2599999904632568,40.380062103271484
0,0,1736,ScenarioState.RUNNING,50.0,327.1700744628906,3.5046050548553467,40.627769470214844,40.627769470214844,41.422120661185964,1.9178380171069875e-05,0.8042744994163513,0.0,381.10498046875,1.2599999904632568,40.4998779296875,GazeDirection.CENTER,47.0,382.7049865722656,1.2599999904632568,40.380062103271484
0,0,1737,ScenarioState.RUNNING,50.0,328.7953186035156,3.4957265853881836,40.63249969482422,40.63249969482422,41.422120661185964,-1.5045633517729584e-05,0.7983733415603638,0.0,382.7049865722656,1.2599999904632568,40.000152587890625,GazeDirection.CENTER,47.0,384.31500244140625,1.2699999809265137,40.39006042480469
0,0,1738,ScenarioState.RUNNING,50.0,330.420654296875,3.4868481159210205,40.63566589355469,40.63566589355469,41.422120661185964,4.048923074151389e-06,0.7936413288116455,0.0,384.31500244140625,1.2699999809265137,40.25117492675781,GazeDirection.CENTER,47.0,385.93499755859375,1.2699999809265137,40.39006042480469
0,0,1739,ScenarioState.RUNNING,50.0,332.0461120605469,3.4779701232910156,40.637451171875,40.637451171875,41.43108693461379,4.6009431571292225e-06,0.7994425296783447,0.0,385.93499755859375,1.2699999809265137,40.4998779296875,GazeDirection.CENTER,47.0,387.56500244140625,1.2699999809265137,40.400062561035156
0,0,1740,ScenarioState.RUNNING,50.0,333.671630859375,3.4690914154052734,40.63835144042969,40.63835144042969,41.43108693461379,-2.4759703592280857e-05,0.7976775169372559,0.0,387.56500244140625,1.2699999809265137,40.7501220703125,GazeDirection.CENTER,47.0,389.18499755859375,1.2799999713897705,40.400062561035156
0,0,1741,ScenarioState.RUNNING,50.0,335.2970886230469,3.460214138031006,40.63845443725586,40.63845443725586,41.43108693461379,1.174532462755451e-05,0.7967960834503174,0.0,389.18499755859375,1.2799999713897705,40.500648498535156,GazeDirection.CENTER,47.0,390.80499267578125,1.2799999713897705,40.41006088256836
0,0,1742,ScenarioState.RUNNING,50.0,336.92254638671875,3.4513392448425293,40.6386833190918,40.6386833190918,41.46726343216642,2.4335766283911653e-05,0.8329039216041565,0.0,390.80499267578125,1.2799999713897705,40.4998779296875,GazeDirection.CENTER,47.0,392.42498779296875,1.2799999713897705,40.41007995605469
0,0,1743,ScenarioState.RUNNING,50.0,338.5481262207031,3.442462682723999,40.64070129394531,40.64070129394531,41.46726343216642,-3.909793304046616e-05,0.8326595425605774,0.0,392.42498779296875,1.2799999713897705,40.4998779296875,GazeDirection.CENTER,47.0,394.0350036621094,1.2799999713897705,40.41007995605469
0,0,1744,ScenarioState.RUNNING,50.0,340.1738586425781,3.433586359024048,40.64421844482422,40.64421844482422,41.46726343216642,1.9806828277069144e-05,0.8306214809417725,0.0,394.0350036621094,1.2799999713897705,40.250396728515625,GazeDirection.CENTER,47.0,395.6449890136719,1.2899999618530273,40.42007827758789
0,0,1745,ScenarioState.RUNNING,50.0,341.7997131347656,3.424710512161255,40.64808654785156,40.64808654785156,41.43618956665691,9.664697245170828e-06,0.7959920763969421,0.0,395.6449890136719,1.2899999618530273,40.25041198730469,GazeDirection.CENTER,47.0,397.2649841308594,1.2899999618530273,40.42007827758789
0,0,1746,ScenarioState.RUNNING,50.0,343.4256591796875,3.415832996368408,40.650482177734375,40.650482177734375,41.43618956665691,-4.019690823042765e-05,0.7921178936958313,0.0,397.2649841308594,1.2899999618530273,40.4998779296875,GazeDirection.CENTER,47.0,398.875,1.2899999618530273,40.43008041381836
0,0,1747,ScenarioState.RUNNING,50.0,345.05169677734375,3.406956434249878,40.65134811401367,40.65134811401367,41.43618956665691,2.839634362317156e-05,0.789717972278595,0.0,398.875,1.2899999618530273,40.250396728515625,GazeDirection.CENTER,47.0,400.4949951171875,1.2899999618530273,40.43008041381836
0,0,1748,ScenarioState.RUNNING,50.0,346.6777648925781,3.398081064224243,40.650978088378906,40.650978088378906,41.442399145556514,7.05208049112116e-06,0.7950623035430908,0.0,400.4949951171875,1.2899999618530273,40.4998779296875,GazeDirection.CENTER,47.0,402.10498046875,1.2999999523162842,40.4400749206543
0,0,1749,ScenarioState.RUNNING,50.0,348.3037109375,3.389206886291504,40.64985656738281,40.64985656738281,41.442399145556514,7.05208049112116e-06,0.7950623035430908,0.0,402.10498046875,1.2999999523162842,40.25041198730469,GazeDirection.CENTER,47.0,403.7149963378906,1.2999999523162842,40.4400749206543
0,0,1750,ScenarioState.RUNNING,50.0,349.9295959472656,3.3803319931030273,40.64818572998047,40.64818572998047,41.442399145556514,-2.1561927496804856e-05,0.7965513467788696,0.0,403.7149963378906,1.2999999523162842,40.250396728515625,GazeDirection.CENTER,47.0,405.3349914550781,1.2999999523162842,40.45009994506836
0,0,1751,ScenarioState.RUNNING,50.0,351.5554504394531,3.371457815170288,40.64616775512695,40.64616775512695,41.44189314886028,1.0299606856278842e-06,0.7977166175842285,0.0,405.3349914550781,1.2999999523162842,40.4998779296875,GazeDirection.CENTER,47.0,406.9649963378906,1.309999942779541,40.45009994506836
0,0,1752,ScenarioState.RUNNING,50.0,353.1812438964844,3.362583637237549,40.64399337768555,40.64399337768555,41.44189314886028,-2.0436636987142265e-05,0.7997180819511414,0.0,406.9649963378906,1.309999942779541,40.75088882446289,GazeDirection.CENTER,47.0,408.5849914550781,1.309999942779541,40.45009994506836
0,0,1753,ScenarioState.RUNNING,50.0,354.8068542480469,3.353710889816284,40.64183044433594,40.64183044433594,41.44189314886028,2.1789259335491806e-05,0.8018771409988403,0.0,408.5849914550781,1.309999942779541,40.4998779296875,GazeDirection.CENTER,47.0,410.2049865722656,1.309999942779541,40.46009826660156
0,0,1754,ScenarioState.RUNNING,50.0,356.4324951171875,3.3448402881622314,40.640480041503906,40.640480041503906,41.47089875245513,1.2065274859196506e-05,0.8330469131469727,0.0,410.2049865722656,1.309999942779541,40.4998779296875,GazeDirection.CENTER,47.0,411.8249816894531,1.3199999332427979,40.46009826660156
0,0,1755,ScenarioState.RUNNING,50.0,358.05810546875,3.335968255996704,40.641300201416016,40.641300201416016,41.47089875245513,-3.0406647056224756e-05,0.8344165086746216,0.0,411.8249816894531,1.3199999332427979,40.500648498535156,GazeDirection.CENTER,47.0,413.4449768066406,1.3199999332427979,40.47010040283203
